ano,mes,mes_numero,data_referencia,estado,regiao,numero_queimadas,numero_queimadas_outlier_iqr,numero_queimadas_tratado_iqr
1998,Janeiro,1,1998-01-01,Acre,Norte,0.0,False,0.0
1998,Janeiro,1,1998-01-01,Alagoas,Nordeste,0.0,False,0.0
1998,Janeiro,1,1998-01-01,Amapa,Norte,0.0,False,0.0
1998,Janeiro,1,1998-01-01,Amazonas,Norte,0.0,False,0.0
1998,Janeiro,1,1998-01-01,Bahia,Nordeste,0.0,False,0.0
1998,Janeiro,1,1998-01-01,Ceara,Nordeste,0.0,False,0.0
1998,Janeiro,1,1998-01-01,Distrito Federal,Centro-Oeste,0.0,False,0.0
1998,Janeiro,1,1998-01-01,Espirito Santo,Sudeste,0.0,False,0.0
1998,Janeiro,1,1998-01-01,Goias,Centro-Oeste,0.0,False,0.0
1998,Janeiro,1,1998-01-01,Maranhao,Nordeste,0.0,False,0.0
1998,Janeiro,1,1998-01-01,Mato Grosso,Centro-Oeste,0.0,False,0.0
1998,Janeiro,1,1998-01-01,Mato Grosso,Centro-Oeste,0.0,False,0.0
1998,Janeiro,1,1998-01-01,Minas Gerais,Sudeste,0.0,False,0.0
1998,Janeiro,1,1998-01-01,Para,Norte,0.0,False,0.0
1998,Janeiro,1,1998-01-01,Paraiba,Nordeste,0.0,False,0.0
1998,Janeiro,1,1998-01-01,Paraiba,Nordeste,0.0,False,0.0
1998,Janeiro,1,1998-01-01,Pernambuco,Nordeste,0.0,False,0.0
1998,Janeiro,1,1998-01-01,Piau,Nordeste,0.0,False,0.0
1998,Janeiro,1,1998-01-01,Rio,Sudeste,0.0,False,0.0
1998,Janeiro,1,1998-01-01,Rio,Sudeste,0.0,False,0.0
1998,Janeiro,1,1998-01-01,Rio,Sudeste,0.0,False,0.0
1998,Janeiro,1,1998-01-01,Rondonia,Norte,0.0,False,0.0
1998,Janeiro,1,1998-01-01,Roraima,Norte,0.0,False,0.0
1998,Janeiro,1,1998-01-01,Santa Catarina,Sul,0.0,False,0.0
1998,Janeiro,1,1998-01-01,Sao Paulo,Sudeste,0.0,False,0.0
1998,Janeiro,1,1998-01-01,Sergipe,Nordeste,0.0,False,0.0
1998,Janeiro,1,1998-01-01,Tocantins,Norte,0.0,False,0.0
1998,Fevereiro,2,1998-02-01,Acre,Norte,0.0,False,0.0
1998,Fevereiro,2,1998-02-01,Alagoas,Nordeste,0.0,False,0.0
1998,Fevereiro,2,1998-02-01,Amapa,Norte,0.0,False,0.0
1998,Fevereiro,2,1998-02-01,Amazonas,Norte,0.0,False,0.0
1998,Fevereiro,2,1998-02-01,Bahia,Nordeste,0.0,False,0.0
1998,Fevereiro,2,1998-02-01,Ceara,Nordeste,0.0,False,0.0
1998,Fevereiro,2,1998-02-01,Distrito Federal,Centro-Oeste,0.0,False,0.0
1998,Fevereiro,2,1998-02-01,Espirito Santo,Sudeste,0.0,False,0.0
1998,Fevereiro,2,1998-02-01,Goias,Centro-Oeste,0.0,False,0.0
1998,Fevereiro,2,1998-02-01,Maranhao,Nordeste,0.0,False,0.0
1998,Fevereiro,2,1998-02-01,Mato Grosso,Centro-Oeste,0.0,False,0.0
1998,Fevereiro,2,1998-02-01,Mato Grosso,Centro-Oeste,0.0,False,0.0
1998,Fevereiro,2,1998-02-01,Minas Gerais,Sudeste,0.0,False,0.0
1998,Fevereiro,2,1998-02-01,Para,Norte,0.0,False,0.0
1998,Fevereiro,2,1998-02-01,Paraiba,Nordeste,0.0,False,0.0
1998,Fevereiro,2,1998-02-01,Paraiba,Nordeste,0.0,False,0.0
1998,Fevereiro,2,1998-02-01,Pernambuco,Nordeste,0.0,False,0.0
1998,Fevereiro,2,1998-02-01,Piau,Nordeste,0.0,False,0.0
1998,Fevereiro,2,1998-02-01,Rio,Sudeste,0.0,False,0.0
1998,Fevereiro,2,1998-02-01,Rio,Sudeste,0.0,False,0.0
1998,Fevereiro,2,1998-02-01,Rio,Sudeste,0.0,False,0.0
1998,Fevereiro,2,1998-02-01,Rondonia,Norte,0.0,False,0.0
1998,Fevereiro,2,1998-02-01,Roraima,Norte,0.0,False,0.0
1998,Fevereiro,2,1998-02-01,Santa Catarina,Sul,0.0,False,0.0
1998,Fevereiro,2,1998-02-01,Sao Paulo,Sudeste,0.0,False,0.0
1998,Fevereiro,2,1998-02-01,Sergipe,Nordeste,0.0,False,0.0
1998,Fevereiro,2,1998-02-01,Tocantins,Norte,0.0,False,0.0
1998,Marco,3,1998-03-01,Acre,Norte,0.0,False,0.0
1998,Marco,3,1998-03-01,Alagoas,Nordeste,0.0,False,0.0
1998,Marco,3,1998-03-01,Amapa,Norte,0.0,False,0.0
1998,Marco,3,1998-03-01,Amazonas,Norte,0.0,False,0.0
1998,Marco,3,1998-03-01,Bahia,Nordeste,0.0,False,0.0
1998,Marco,3,1998-03-01,Ceara,Nordeste,0.0,False,0.0
1998,Marco,3,1998-03-01,Distrito Federal,Centro-Oeste,0.0,False,0.0
1998,Marco,3,1998-03-01,Espirito Santo,Sudeste,0.0,False,0.0
1998,Marco,3,1998-03-01,Goias,Centro-Oeste,0.0,False,0.0
1998,Marco,3,1998-03-01,Maranhao,Nordeste,0.0,False,0.0
1998,Marco,3,1998-03-01,Mato Grosso,Centro-Oeste,0.0,False,0.0
1998,Marco,3,1998-03-01,Mato Grosso,Centro-Oeste,0.0,False,0.0
1998,Marco,3,1998-03-01,Minas Gerais,Sudeste,0.0,False,0.0
1998,Marco,3,1998-03-01,Para,Norte,0.0,False,0.0
1998,Marco,3,1998-03-01,Paraiba,Nordeste,0.0,False,0.0
1998,Marco,3,1998-03-01,Paraiba,Nordeste,0.0,False,0.0
1998,Marco,3,1998-03-01,Pernambuco,Nordeste,0.0,False,0.0
1998,Marco,3,1998-03-01,Piau,Nordeste,0.0,False,0.0
1998,Marco,3,1998-03-01,Rio,Sudeste,0.0,False,0.0
1998,Marco,3,1998-03-01,Rio,Sudeste,0.0,False,0.0
1998,Marco,3,1998-03-01,Rio,Sudeste,0.0,False,0.0
1998,Marco,3,1998-03-01,Rondonia,Norte,0.0,False,0.0
1998,Marco,3,1998-03-01,Roraima,Norte,0.0,False,0.0
1998,Marco,3,1998-03-01,Santa Catarina,Sul,0.0,False,0.0
1998,Marco,3,1998-03-01,Sao Paulo,Sudeste,0.0,False,0.0
1998,Marco,3,1998-03-01,Sergipe,Nordeste,0.0,False,0.0
1998,Marco,3,1998-03-01,Tocantins,Norte,0.0,False,0.0
1998,Abril,4,1998-04-01,Acre,Norte,0.0,False,0.0
1998,Abril,4,1998-04-01,Alagoas,Nordeste,0.0,False,0.0
1998,Abril,4,1998-04-01,Amapa,Norte,0.0,False,0.0
1998,Abril,4,1998-04-01,Amazonas,Norte,0.0,False,0.0
1998,Abril,4,1998-04-01,Bahia,Nordeste,0.0,False,0.0
1998,Abril,4,1998-04-01,Ceara,Nordeste,0.0,False,0.0
1998,Abril,4,1998-04-01,Distrito Federal,Centro-Oeste,0.0,False,0.0
1998,Abril,4,1998-04-01,Espirito Santo,Sudeste,0.0,False,0.0
1998,Abril,4,1998-04-01,Goias,Centro-Oeste,0.0,False,0.0
1998,Abril,4,1998-04-01,Maranhao,Nordeste,0.0,False,0.0
1998,Abril,4,1998-04-01,Mato Grosso,Centro-Oeste,0.0,False,0.0
1998,Abril,4,1998-04-01,Mato Grosso,Centro-Oeste,0.0,False,0.0
1998,Abril,4,1998-04-01,Minas Gerais,Sudeste,0.0,False,0.0
1998,Abril,4,1998-04-01,Para,Norte,0.0,False,0.0
1998,Abril,4,1998-04-01,Paraiba,Nordeste,0.0,False,0.0
1998,Abril,4,1998-04-01,Paraiba,Nordeste,0.0,False,0.0
1998,Abril,4,1998-04-01,Pernambuco,Nordeste,0.0,False,0.0
1998,Abril,4,1998-04-01,Piau,Nordeste,0.0,False,0.0
1998,Abril,4,1998-04-01,Rio,Sudeste,0.0,False,0.0
1998,Abril,4,1998-04-01,Rio,Sudeste,0.0,False,0.0
1998,Abril,4,1998-04-01,Rio,Sudeste,0.0,False,0.0
1998,Abril,4,1998-04-01,Rondonia,Norte,0.0,False,0.0
1998,Abril,4,1998-04-01,Roraima,Norte,0.0,False,0.0
1998,Abril,4,1998-04-01,Santa Catarina,Sul,0.0,False,0.0
1998,Abril,4,1998-04-01,Sao Paulo,Sudeste,0.0,False,0.0
1998,Abril,4,1998-04-01,Sergipe,Nordeste,0.0,False,0.0
1998,Abril,4,1998-04-01,Tocantins,Norte,0.0,False,0.0
1998,Maio,5,1998-05-01,Acre,Norte,0.0,False,0.0
1998,Maio,5,1998-05-01,Alagoas,Nordeste,0.0,False,0.0
1998,Maio,5,1998-05-01,Amapa,Norte,0.0,False,0.0
1998,Maio,5,1998-05-01,Amazonas,Norte,0.0,False,0.0
1998,Maio,5,1998-05-01,Bahia,Nordeste,0.0,False,0.0
1998,Maio,5,1998-05-01,Ceara,Nordeste,0.0,False,0.0
1998,Maio,5,1998-05-01,Distrito Federal,Centro-Oeste,0.0,False,0.0
1998,Maio,5,1998-05-01,Espirito Santo,Sudeste,0.0,False,0.0
1998,Maio,5,1998-05-01,Goias,Centro-Oeste,0.0,False,0.0
1998,Maio,5,1998-05-01,Maranhao,Nordeste,0.0,False,0.0
1998,Maio,5,1998-05-01,Mato Grosso,Centro-Oeste,0.0,False,0.0
1998,Maio,5,1998-05-01,Mato Grosso,Centro-Oeste,0.0,False,0.0
1998,Maio,5,1998-05-01,Minas Gerais,Sudeste,0.0,False,0.0
1998,Maio,5,1998-05-01,Para,Norte,0.0,False,0.0
1998,Maio,5,1998-05-01,Paraiba,Nordeste,0.0,False,0.0
1998,Maio,5,1998-05-01,Paraiba,Nordeste,0.0,False,0.0
1998,Maio,5,1998-05-01,Pernambuco,Nordeste,0.0,False,0.0
1998,Maio,5,1998-05-01,Piau,Nordeste,0.0,False,0.0
1998,Maio,5,1998-05-01,Rio,Sudeste,0.0,False,0.0
1998,Maio,5,1998-05-01,Rio,Sudeste,0.0,False,0.0
1998,Maio,5,1998-05-01,Rio,Sudeste,0.0,False,0.0
1998,Maio,5,1998-05-01,Rondonia,Norte,0.0,False,0.0
1998,Maio,5,1998-05-01,Roraima,Norte,0.0,False,0.0
1998,Maio,5,1998-05-01,Santa Catarina,Sul,0.0,False,0.0
1998,Maio,5,1998-05-01,Sao Paulo,Sudeste,0.0,False,0.0
1998,Maio,5,1998-05-01,Sergipe,Nordeste,0.0,False,0.0
1998,Maio,5,1998-05-01,Tocantins,Norte,0.0,False,0.0
1998,Junho,6,1998-06-01,Acre,Norte,3.0,False,3.0
1998,Junho,6,1998-06-01,Alagoas,Nordeste,0.0,False,0.0
1998,Junho,6,1998-06-01,Amapa,Norte,0.0,False,0.0
1998,Junho,6,1998-06-01,Amazonas,Norte,2.0,False,2.0
1998,Junho,6,1998-06-01,Bahia,Nordeste,55.0,False,55.0
1998,Junho,6,1998-06-01,Ceara,Nordeste,1.0,False,1.0
1998,Junho,6,1998-06-01,Distrito Federal,Centro-Oeste,2.0,False,2.0
1998,Junho,6,1998-06-01,Espirito Santo,Sudeste,6.0,False,6.0
1998,Junho,6,1998-06-01,Goias,Centro-Oeste,172.0,False,172.0
1998,Junho,6,1998-06-01,Maranhao,Nordeste,78.0,False,78.0
1998,Junho,6,1998-06-01,Mato Grosso,Centro-Oeste,2.201,False,2.201
1998,Junho,6,1998-06-01,Mato Grosso,Centro-Oeste,82.0,False,82.0
1998,Junho,6,1998-06-01,Minas Gerais,Sudeste,70.0,False,70.0
1998,Junho,6,1998-06-01,Para,Norte,58.0,False,58.0
1998,Junho,6,1998-06-01,Paraiba,Nordeste,3.0,False,3.0
1998,Junho,6,1998-06-01,Paraiba,Nordeste,36.0,False,36.0
1998,Junho,6,1998-06-01,Pernambuco,Nordeste,1.0,False,1.0
1998,Junho,6,1998-06-01,Piau,Nordeste,46.0,False,46.0
1998,Junho,6,1998-06-01,Rio,Sudeste,3.0,False,3.0
1998,Junho,6,1998-06-01,Rio,Sudeste,1.0,False,1.0
1998,Junho,6,1998-06-01,Rio,Sudeste,0.0,False,0.0
1998,Junho,6,1998-06-01,Rondonia,Norte,26.0,False,26.0
1998,Junho,6,1998-06-01,Roraima,Norte,0.0,False,0.0
1998,Junho,6,1998-06-01,Santa Catarina,Sul,2.0,False,2.0
1998,Junho,6,1998-06-01,Sao Paulo,Sudeste,451.0,True,278.0
1998,Junho,6,1998-06-01,Sergipe,Nordeste,0.0,False,0.0
1998,Junho,6,1998-06-01,Tocantins,Norte,252.0,False,252.0
1998,Julho,7,1998-07-01,Acre,Norte,37.0,False,37.0
1998,Julho,7,1998-07-01,Alagoas,Nordeste,0.0,False,0.0
1998,Julho,7,1998-07-01,Amapa,Norte,0.0,False,0.0
1998,Julho,7,1998-07-01,Amazonas,Norte,71.0,False,71.0
1998,Julho,7,1998-07-01,Bahia,Nordeste,219.0,False,219.0
1998,Julho,7,1998-07-01,Ceara,Nordeste,76.0,False,76.0
1998,Julho,7,1998-07-01,Distrito Federal,Centro-Oeste,17.0,False,17.0
1998,Julho,7,1998-07-01,Espirito Santo,Sudeste,37.0,False,37.0
1998,Julho,7,1998-07-01,Goias,Centro-Oeste,512.0,True,278.0
1998,Julho,7,1998-07-01,Maranhao,Nordeste,274.0,False,274.0
1998,Julho,7,1998-07-01,Mato Grosso,Centro-Oeste,3.712,False,3.712
1998,Julho,7,1998-07-01,Mato Grosso,Centro-Oeste,360.0,True,278.0
1998,Julho,7,1998-07-01,Minas Gerais,Sudeste,232.0,False,232.0
1998,Julho,7,1998-07-01,Para,Norte,638.0,True,278.0
1998,Julho,7,1998-07-01,Paraiba,Nordeste,0.0,False,0.0
1998,Julho,7,1998-07-01,Paraiba,Nordeste,59.0,False,59.0
1998,Julho,7,1998-07-01,Pernambuco,Nordeste,5.0,False,5.0
1998,Julho,7,1998-07-01,Piau,Nordeste,189.0,False,189.0
1998,Julho,7,1998-07-01,Rio,Sudeste,21.0,False,21.0
1998,Julho,7,1998-07-01,Rio,Sudeste,5.0,False,5.0
1998,Julho,7,1998-07-01,Rio,Sudeste,0.0,False,0.0
1998,Julho,7,1998-07-01,Rondonia,Norte,365.0,True,278.0
1998,Julho,7,1998-07-01,Roraima,Norte,1.0,False,1.0
1998,Julho,7,1998-07-01,Santa Catarina,Sul,0.0,False,0.0
1998,Julho,7,1998-07-01,Sao Paulo,Sudeste,596.0,True,278.0
1998,Julho,7,1998-07-01,Sergipe,Nordeste,0.0,False,0.0
1998,Julho,7,1998-07-01,Tocantins,Norte,640.0,True,278.0
1998,Agosto,8,1998-08-01,Acre,Norte,130.0,False,130.0
1998,Agosto,8,1998-08-01,Alagoas,Nordeste,1.0,False,1.0
1998,Agosto,8,1998-08-01,Amapa,Norte,1.0,False,1.0
1998,Agosto,8,1998-08-01,Amazonas,Norte,321.0,True,278.0
1998,Agosto,8,1998-08-01,Bahia,Nordeste,815.0,True,278.0
1998,Agosto,8,1998-08-01,Ceara,Nordeste,93.0,False,93.0
1998,Agosto,8,1998-08-01,Distrito Federal,Centro-Oeste,48.0,False,48.0
1998,Agosto,8,1998-08-01,Espirito Santo,Sudeste,38.0,False,38.0
1998,Agosto,8,1998-08-01,Goias,Centro-Oeste,2.218,False,2.218
1998,Agosto,8,1998-08-01,Maranhao,Nordeste,1.176,False,1.176
1998,Agosto,8,1998-08-01,Mato Grosso,Centro-Oeste,15.406,False,15.406
1998,Agosto,8,1998-08-01,Mato Grosso,Centro-Oeste,228.0,False,228.0
1998,Agosto,8,1998-08-01,Minas Gerais,Sudeste,875.0,True,278.0
1998,Agosto,8,1998-08-01,Para,Norte,6.815,False,6.815
1998,Agosto,8,1998-08-01,Paraiba,Nordeste,3.0,False,3.0
1998,Agosto,8,1998-08-01,Paraiba,Nordeste,42.0,False,42.0
1998,Agosto,8,1998-08-01,Pernambuco,Nordeste,12.0,False,12.0
1998,Agosto,8,1998-08-01,Piau,Nordeste,711.0,True,278.0
1998,Agosto,8,1998-08-01,Rio,Sudeste,21.0,False,21.0
1998,Agosto,8,1998-08-01,Rio,Sudeste,4.0,False,4.0
1998,Agosto,8,1998-08-01,Rio,Sudeste,9.0,False,9.0
1998,Agosto,8,1998-08-01,Rondonia,Norte,2.254,False,2.254
1998,Agosto,8,1998-08-01,Roraima,Norte,0.0,False,0.0
1998,Agosto,8,1998-08-01,Santa Catarina,Sul,0.0,False,0.0
1998,Agosto,8,1998-08-01,Sao Paulo,Sudeste,581.0,True,278.0
1998,Agosto,8,1998-08-01,Sergipe,Nordeste,0.0,False,0.0
1998,Agosto,8,1998-08-01,Tocantins,Norte,3.747,False,3.747
1998,Setembro,9,1998-09-01,Acre,Norte,509.0,True,278.0
1998,Setembro,9,1998-09-01,Alagoas,Nordeste,14.0,False,14.0
1998,Setembro,9,1998-09-01,Amapa,Norte,20.0,False,20.0
1998,Setembro,9,1998-09-01,Amazonas,Norte,267.0,False,267.0
1998,Setembro,9,1998-09-01,Bahia,Nordeste,2.718,False,2.718
1998,Setembro,9,1998-09-01,Ceara,Nordeste,590.0,True,278.0
1998,Setembro,9,1998-09-01,Distrito Federal,Centro-Oeste,33.0,False,33.0
1998,Setembro,9,1998-09-01,Espirito Santo,Sudeste,108.0,False,108.0
1998,Setembro,9,1998-09-01,Goias,Centro-Oeste,2.867,False,2.867
1998,Setembro,9,1998-09-01,Maranhao,Nordeste,3.935,False,3.935
1998,Setembro,9,1998-09-01,Mato Grosso,Centro-Oeste,10.363,False,10.363
1998,Setembro,9,1998-09-01,Mato Grosso,Centro-Oeste,457.0,True,278.0
1998,Setembro,9,1998-09-01,Minas Gerais,Sudeste,1.981,False,1.981
1998,Setembro,9,1998-09-01,Para,Norte,6.237,False,6.237
1998,Setembro,9,1998-09-01,Paraiba,Nordeste,50.0,False,50.0
1998,Setembro,9,1998-09-01,Paraiba,Nordeste,61.0,False,61.0
1998,Setembro,9,1998-09-01,Pernambuco,Nordeste,177.0,False,177.0
1998,Setembro,9,1998-09-01,Piau,Nordeste,1.991,False,1.991
1998,Setembro,9,1998-09-01,Rio,Sudeste,44.0,False,44.0
1998,Setembro,9,1998-09-01,Rio,Sudeste,51.0,False,51.0
1998,Setembro,9,1998-09-01,Rio,Sudeste,60.0,False,60.0
1998,Setembro,9,1998-09-01,Rondonia,Norte,3.753,False,3.753
1998,Setembro,9,1998-09-01,Roraima,Norte,2.0,False,2.0
1998,Setembro,9,1998-09-01,Santa Catarina,Sul,6.0,False,6.0
1998,Setembro,9,1998-09-01,Sao Paulo,Sudeste,525.0,True,278.0
1998,Setembro,9,1998-09-01,Sergipe,Nordeste,0.0,False,0.0
1998,Setembro,9,1998-09-01,Tocantins,Norte,5.149,False,5.149
1998,Outubro,10,1998-10-01,Acre,Norte,44.0,False,44.0
1998,Outubro,10,1998-10-01,Alagoas,Nordeste,20.0,False,20.0
1998,Outubro,10,1998-10-01,Amapa,Norte,42.0,False,42.0
1998,Outubro,10,1998-10-01,Amazonas,Norte,83.0,False,83.0
1998,Outubro,10,1998-10-01,Bahia,Nordeste,1.969,False,1.969
1998,Outubro,10,1998-10-01,Ceara,Nordeste,1.014,False,1.014
1998,Outubro,10,1998-10-01,Distrito Federal,Centro-Oeste,3.0,False,3.0
1998,Outubro,10,1998-10-01,Espirito Santo,Sudeste,20.0,False,20.0
1998,Outubro,10,1998-10-01,Goias,Centro-Oeste,1.034,False,1.034
1998,Outubro,10,1998-10-01,Maranhao,Nordeste,5.137,False,5.137
1998,Outubro,10,1998-10-01,Mato Grosso,Centro-Oeste,2.707,False,2.707
1998,Outubro,10,1998-10-01,Mato Grosso,Centro-Oeste,576.0,True,278.0
1998,Outubro,10,1998-10-01,Minas Gerais,Sudeste,1.093,False,1.093
1998,Outubro,10,1998-10-01,Para,Norte,3.665,False,3.665
1998,Outubro,10,1998-10-01,Paraiba,Nordeste,179.0,False,179.0
1998,Outubro,10,1998-10-01,Paraiba,Nordeste,61.0,False,61.0
1998,Outubro,10,1998-10-01,Pernambuco,Nordeste,372.0,True,278.0
1998,Outubro,10,1998-10-01,Piau,Nordeste,2.586,False,2.586
1998,Outubro,10,1998-10-01,Rio,Sudeste,6.0,False,6.0
1998,Outubro,10,1998-10-01,Rio,Sudeste,55.0,False,55.0
1998,Outubro,10,1998-10-01,Rio,Sudeste,169.0,False,169.0
1998,Outubro,10,1998-10-01,Rondonia,Norte,483.0,True,278.0
1998,Outubro,10,1998-10-01,Roraima,Norte,1.0,False,1.0
1998,Outubro,10,1998-10-01,Santa Catarina,Sul,4.0,False,4.0
1998,Outubro,10,1998-10-01,Sao Paulo,Sudeste,434.0,True,278.0
1998,Outubro,10,1998-10-01,Sergipe,Nordeste,0.0,False,0.0
1998,Outubro,10,1998-10-01,Tocantins,Norte,1.738,False,1.738
1998,Novembro,11,1998-11-01,Acre,Norte,0.0,False,0.0
1998,Novembro,11,1998-11-01,Alagoas,Nordeste,19.0,False,19.0
1998,Novembro,11,1998-11-01,Amapa,Norte,131.0,False,131.0
1998,Novembro,11,1998-11-01,Amazonas,Norte,6.0,False,6.0
1998,Novembro,11,1998-11-01,Bahia,Nordeste,49.0,False,49.0
1998,Novembro,11,1998-11-01,Ceara,Nordeste,575.0,True,278.0
1998,Novembro,11,1998-11-01,Distrito Federal,Centro-Oeste,0.0,False,0.0
1998,Novembro,11,1998-11-01,Espirito Santo,Sudeste,4.0,False,4.0
1998,Novembro,11,1998-11-01,Goias,Centro-Oeste,47.0,False,47.0
1998,Novembro,11,1998-11-01,Maranhao,Nordeste,2.237,False,2.237
1998,Novembro,11,1998-11-01,Mato Grosso,Centro-Oeste,182.0,False,182.0
1998,Novembro,11,1998-11-01,Mato Grosso,Centro-Oeste,306.0,True,278.0
1998,Novembro,11,1998-11-01,Minas Gerais,Sudeste,32.0,False,32.0
1998,Novembro,11,1998-11-01,Para,Norte,1.861,False,1.861
1998,Novembro,11,1998-11-01,Paraiba,Nordeste,46.0,False,46.0
1998,Novembro,11,1998-11-01,Paraiba,Nordeste,143.0,False,143.0
1998,Novembro,11,1998-11-01,Pernambuco,Nordeste,141.0,False,141.0
1998,Novembro,11,1998-11-01,Piau,Nordeste,424.0,True,278.0
1998,Novembro,11,1998-11-01,Rio,Sudeste,6.0,False,6.0
1998,Novembro,11,1998-11-01,Rio,Sudeste,41.0,False,41.0
1998,Novembro,11,1998-11-01,Rio,Sudeste,28.0,False,28.0
1998,Novembro,11,1998-11-01,Rondonia,Norte,3.0,False,3.0
1998,Novembro,11,1998-11-01,Roraima,Norte,1.0,False,1.0
1998,Novembro,11,1998-11-01,Santa Catarina,Sul,21.0,False,21.0
1998,Novembro,11,1998-11-01,Sao Paulo,Sudeste,488.0,True,278.0
1998,Novembro,11,1998-11-01,Sergipe,Nordeste,12.0,False,12.0
1998,Novembro,11,1998-11-01,Tocantins,Norte,1.0,False,1.0
1998,Dezembro,12,1998-12-01,Acre,Norte,7.0,False,7.0
1998,Dezembro,12,1998-12-01,Alagoas,Nordeste,32.0,False,32.0
1998,Dezembro,12,1998-12-01,Amapa,Norte,84.0,False,84.0
1998,Dezembro,12,1998-12-01,Amazonas,Norte,196.0,False,196.0
1998,Dezembro,12,1998-12-01,Bahia,Nordeste,82.0,False,82.0
1998,Dezembro,12,1998-12-01,Ceara,Nordeste,276.0,False,276.0
1998,Dezembro,12,1998-12-01,Distrito Federal,Centro-Oeste,0.0,False,0.0
1998,Dezembro,12,1998-12-01,Espirito Santo,Sudeste,5.0,False,5.0
1998,Dezembro,12,1998-12-01,Goias,Centro-Oeste,13.0,False,13.0
1998,Dezembro,12,1998-12-01,Maranhao,Nordeste,1.399,False,1.399
1998,Dezembro,12,1998-12-01,Mato Grosso,Centro-Oeste,76.0,False,76.0
1998,Dezembro,12,1998-12-01,Mato Grosso,Centro-Oeste,100.0,False,100.0
1998,Dezembro,12,1998-12-01,Minas Gerais,Sudeste,21.0,False,21.0
1998,Dezembro,12,1998-12-01,Para,Norte,1.008,False,1.008
1998,Dezembro,12,1998-12-01,Paraiba,Nordeste,51.0,False,51.0
1998,Dezembro,12,1998-12-01,Paraiba,Nordeste,82.0,False,82.0
1998,Dezembro,12,1998-12-01,Pernambuco,Nordeste,59.0,False,59.0
1998,Dezembro,12,1998-12-01,Piau,Nordeste,119.0,False,119.0
1998,Dezembro,12,1998-12-01,Rio,Sudeste,1.0,False,1.0
1998,Dezembro,12,1998-12-01,Rio,Sudeste,19.0,False,19.0
1998,Dezembro,12,1998-12-01,Rio,Sudeste,605.0,True,278.0
1998,Dezembro,12,1998-12-01,Rondonia,Norte,33.0,False,33.0
1998,Dezembro,12,1998-12-01,Roraima,Norte,16.0,False,16.0
1998,Dezembro,12,1998-12-01,Santa Catarina,Sul,26.0,False,26.0
1998,Dezembro,12,1998-12-01,Sao Paulo,Sudeste,121.0,False,121.0
1998,Dezembro,12,1998-12-01,Sergipe,Nordeste,8.0,False,8.0
1998,Dezembro,12,1998-12-01,Tocantins,Norte,9.0,False,9.0
1999,Janeiro,1,1999-01-01,Acre,Norte,0.0,False,0.0
1999,Janeiro,1,1999-01-01,Alagoas,Nordeste,58.0,False,58.0
1999,Janeiro,1,1999-01-01,Amapa,Norte,0.0,False,0.0
1999,Janeiro,1,1999-01-01,Amazonas,Norte,3.0,False,3.0
1999,Janeiro,1,1999-01-01,Bahia,Nordeste,114.0,False,114.0
1999,Janeiro,1,1999-01-01,Ceara,Nordeste,47.0,False,47.0
1999,Janeiro,1,1999-01-01,Distrito Federal,Centro-Oeste,0.0,False,0.0
1999,Janeiro,1,1999-01-01,Espirito Santo,Sudeste,33.0,False,33.0
1999,Janeiro,1,1999-01-01,Goias,Centro-Oeste,14.0,False,14.0
1999,Janeiro,1,1999-01-01,Maranhao,Nordeste,54.0,False,54.0
1999,Janeiro,1,1999-01-01,Mato Grosso,Centro-Oeste,39.0,False,39.0
1999,Janeiro,1,1999-01-01,Mato Grosso,Centro-Oeste,239.0,False,239.0
1999,Janeiro,1,1999-01-01,Minas Gerais,Sudeste,36.0,False,36.0
1999,Janeiro,1,1999-01-01,Para,Norte,87.0,False,87.0
1999,Janeiro,1,1999-01-01,Paraiba,Nordeste,26.0,False,26.0
1999,Janeiro,1,1999-01-01,Paraiba,Nordeste,7.0,False,7.0
1999,Janeiro,1,1999-01-01,Pernambuco,Nordeste,102.0,False,102.0
1999,Janeiro,1,1999-01-01,Piau,Nordeste,21.0,False,21.0
1999,Janeiro,1,1999-01-01,Rio,Sudeste,0.0,False,0.0
1999,Janeiro,1,1999-01-01,Rio,Sudeste,32.0,False,32.0
1999,Janeiro,1,1999-01-01,Rio,Sudeste,63.0,False,63.0
1999,Janeiro,1,1999-01-01,Rondonia,Norte,1.0,False,1.0
1999,Janeiro,1,1999-01-01,Roraima,Norte,15.0,False,15.0
1999,Janeiro,1,1999-01-01,Santa Catarina,Sul,11.0,False,11.0
1999,Janeiro,1,1999-01-01,Sao Paulo,Sudeste,7.0,False,7.0
1999,Janeiro,1,1999-01-01,Sergipe,Nordeste,36.0,False,36.0
1999,Janeiro,1,1999-01-01,Tocantins,Norte,36.0,False,36.0
1999,Fevereiro,2,1999-02-01,Acre,Norte,0.0,False,0.0
1999,Fevereiro,2,1999-02-01,Alagoas,Nordeste,20.0,False,20.0
1999,Fevereiro,2,1999-02-01,Amapa,Norte,1.0,False,1.0
1999,Fevereiro,2,1999-02-01,Amazonas,Norte,43.0,False,43.0
1999,Fevereiro,2,1999-02-01,Bahia,Nordeste,157.0,False,157.0
1999,Fevereiro,2,1999-02-01,Ceara,Nordeste,16.0,False,16.0
1999,Fevereiro,2,1999-02-01,Distrito Federal,Centro-Oeste,2.0,False,2.0
1999,Fevereiro,2,1999-02-01,Espirito Santo,Sudeste,10.0,False,10.0
1999,Fevereiro,2,1999-02-01,Goias,Centro-Oeste,334.0,True,278.0
1999,Fevereiro,2,1999-02-01,Maranhao,Nordeste,6.0,False,6.0
1999,Fevereiro,2,1999-02-01,Mato Grosso,Centro-Oeste,28.0,False,28.0
1999,Fevereiro,2,1999-02-01,Mato Grosso,Centro-Oeste,69.0,False,69.0
1999,Fevereiro,2,1999-02-01,Minas Gerais,Sudeste,112.0,False,112.0
1999,Fevereiro,2,1999-02-01,Para,Norte,285.0,True,278.0
1999,Fevereiro,2,1999-02-01,Paraiba,Nordeste,2.0,False,2.0
1999,Fevereiro,2,1999-02-01,Paraiba,Nordeste,22.0,False,22.0
1999,Fevereiro,2,1999-02-01,Pernambuco,Nordeste,13.0,False,13.0
1999,Fevereiro,2,1999-02-01,Piau,Nordeste,22.0,False,22.0
1999,Fevereiro,2,1999-02-01,Rio,Sudeste,0.0,False,0.0
1999,Fevereiro,2,1999-02-01,Rio,Sudeste,11.0,False,11.0
1999,Fevereiro,2,1999-02-01,Rio,Sudeste,35.0,False,35.0
1999,Fevereiro,2,1999-02-01,Rondonia,Norte,1.0,False,1.0
1999,Fevereiro,2,1999-02-01,Roraima,Norte,20.0,False,20.0
1999,Fevereiro,2,1999-02-01,Santa Catarina,Sul,2.0,False,2.0
1999,Fevereiro,2,1999-02-01,Sao Paulo,Sudeste,47.0,False,47.0
1999,Fevereiro,2,1999-02-01,Sergipe,Nordeste,25.0,False,25.0
1999,Fevereiro,2,1999-02-01,Tocantins,Norte,1.0,False,1.0
1999,Marco,3,1999-03-01,Acre,Norte,0.0,False,0.0
1999,Marco,3,1999-03-01,Alagoas,Nordeste,52.0,False,52.0
1999,Marco,3,1999-03-01,Amapa,Norte,2.0,False,2.0
1999,Marco,3,1999-03-01,Amazonas,Norte,7.0,False,7.0
1999,Marco,3,1999-03-01,Bahia,Nordeste,83.0,False,83.0
1999,Marco,3,1999-03-01,Ceara,Nordeste,30.0,False,30.0
1999,Marco,3,1999-03-01,Distrito Federal,Centro-Oeste,0.0,False,0.0
1999,Marco,3,1999-03-01,Espirito Santo,Sudeste,8.0,False,8.0
1999,Marco,3,1999-03-01,Goias,Centro-Oeste,1.0,False,1.0
1999,Marco,3,1999-03-01,Maranhao,Nordeste,17.0,False,17.0
1999,Marco,3,1999-03-01,Mato Grosso,Centro-Oeste,18.0,False,18.0
1999,Marco,3,1999-03-01,Mato Grosso,Centro-Oeste,100.0,False,100.0
1999,Marco,3,1999-03-01,Minas Gerais,Sudeste,13.0,False,13.0
1999,Marco,3,1999-03-01,Para,Norte,7.0,False,7.0
1999,Marco,3,1999-03-01,Paraiba,Nordeste,1.0,False,1.0
1999,Marco,3,1999-03-01,Paraiba,Nordeste,40.0,False,40.0
1999,Marco,3,1999-03-01,Pernambuco,Nordeste,27.0,False,27.0
1999,Marco,3,1999-03-01,Piau,Nordeste,4.0,False,4.0
1999,Marco,3,1999-03-01,Rio,Sudeste,0.0,False,0.0
1999,Marco,3,1999-03-01,Rio,Sudeste,9.0,False,9.0
1999,Marco,3,1999-03-01,Rio,Sudeste,38.0,False,38.0
1999,Marco,3,1999-03-01,Rondonia,Norte,8.0,False,8.0
1999,Marco,3,1999-03-01,Roraima,Norte,98.0,False,98.0
1999,Marco,3,1999-03-01,Santa Catarina,Sul,7.0,False,7.0
1999,Marco,3,1999-03-01,Sao Paulo,Sudeste,78.0,False,78.0
1999,Marco,3,1999-03-01,Sergipe,Nordeste,18.0,False,18.0
1999,Marco,3,1999-03-01,Tocantins,Norte,1.0,False,1.0
1999,Abril,4,1999-04-01,Acre,Norte,0.0,False,0.0
1999,Abril,4,1999-04-01,Alagoas,Nordeste,4.0,False,4.0
1999,Abril,4,1999-04-01,Amapa,Norte,0.0,False,0.0
1999,Abril,4,1999-04-01,Amazonas,Norte,2.0,False,2.0
1999,Abril,4,1999-04-01,Bahia,Nordeste,55.0,False,55.0
1999,Abril,4,1999-04-01,Ceara,Nordeste,6.0,False,6.0
1999,Abril,4,1999-04-01,Distrito Federal,Centro-Oeste,0.0,False,0.0
1999,Abril,4,1999-04-01,Espirito Santo,Sudeste,2.0,False,2.0
1999,Abril,4,1999-04-01,Goias,Centro-Oeste,25.0,False,25.0
1999,Abril,4,1999-04-01,Maranhao,Nordeste,4.0,False,4.0
1999,Abril,4,1999-04-01,Mato Grosso,Centro-Oeste,76.0,False,76.0
1999,Abril,4,1999-04-01,Mato Grosso,Centro-Oeste,97.0,False,97.0
1999,Abril,4,1999-04-01,Minas Gerais,Sudeste,27.0,False,27.0
1999,Abril,4,1999-04-01,Para,Norte,6.0,False,6.0
1999,Abril,4,1999-04-01,Paraiba,Nordeste,3.0,False,3.0
1999,Abril,4,1999-04-01,Paraiba,Nordeste,39.0,False,39.0
1999,Abril,4,1999-04-01,Pernambuco,Nordeste,2.0,False,2.0
1999,Abril,4,1999-04-01,Piau,Nordeste,10.0,False,10.0
1999,Abril,4,1999-04-01,Rio,Sudeste,1.0,False,1.0
1999,Abril,4,1999-04-01,Rio,Sudeste,21.0,False,21.0
1999,Abril,4,1999-04-01,Rio,Sudeste,12.0,False,12.0
1999,Abril,4,1999-04-01,Rondonia,Norte,3.0,False,3.0
1999,Abril,4,1999-04-01,Roraima,Norte,16.0,False,16.0
1999,Abril,4,1999-04-01,Santa Catarina,Sul,0.0,False,0.0
1999,Abril,4,1999-04-01,Sao Paulo,Sudeste,291.0,True,278.0
1999,Abril,4,1999-04-01,Sergipe,Nordeste,6.0,False,6.0
1999,Abril,4,1999-04-01,Tocantins,Norte,9.0,False,9.0
1999,Maio,5,1999-05-01,Acre,Norte,0.0,False,0.0
1999,Maio,5,1999-05-01,Alagoas,Nordeste,1.0,False,1.0
1999,Maio,5,1999-05-01,Amapa,Norte,0.0,False,0.0
1999,Maio,5,1999-05-01,Amazonas,Norte,0.0,False,0.0
1999,Maio,5,1999-05-01,Bahia,Nordeste,76.0,False,76.0
1999,Maio,5,1999-05-01,Ceara,Nordeste,5.0,False,5.0
1999,Maio,5,1999-05-01,Distrito Federal,Centro-Oeste,0.0,False,0.0
1999,Maio,5,1999-05-01,Espirito Santo,Sudeste,16.0,False,16.0
1999,Maio,5,1999-05-01,Goias,Centro-Oeste,99.0,False,99.0
1999,Maio,5,1999-05-01,Maranhao,Nordeste,3.0,False,3.0
1999,Maio,5,1999-05-01,Mato Grosso,Centro-Oeste,731.0,True,278.0
1999,Maio,5,1999-05-01,Mato Grosso,Centro-Oeste,206.0,False,206.0
1999,Maio,5,1999-05-01,Minas Gerais,Sudeste,51.0,False,51.0
1999,Maio,5,1999-05-01,Para,Norte,4.0,False,4.0
1999,Maio,5,1999-05-01,Paraiba,Nordeste,0.0,False,0.0
1999,Maio,5,1999-05-01,Paraiba,Nordeste,57.0,False,57.0
1999,Maio,5,1999-05-01,Pernambuco,Nordeste,6.0,False,6.0
1999,Maio,5,1999-05-01,Piau,Nordeste,8.0,False,8.0
1999,Maio,5,1999-05-01,Rio,Sudeste,7.0,False,7.0
1999,Maio,5,1999-05-01,Rio,Sudeste,1.0,False,1.0
1999,Maio,5,1999-05-01,Rio,Sudeste,13.0,False,13.0
1999,Maio,5,1999-05-01,Rondonia,Norte,3.0,False,3.0
1999,Maio,5,1999-05-01,Roraima,Norte,0.0,False,0.0
1999,Maio,5,1999-05-01,Santa Catarina,Sul,1.0,False,1.0
1999,Maio,5,1999-05-01,Sao Paulo,Sudeste,500.0,True,278.0
1999,Maio,5,1999-05-01,Sergipe,Nordeste,0.0,False,0.0
1999,Maio,5,1999-05-01,Tocantins,Norte,24.0,False,24.0
1999,Junho,6,1999-06-01,Acre,Norte,0.0,False,0.0
1999,Junho,6,1999-06-01,Alagoas,Nordeste,0.0,False,0.0
1999,Junho,6,1999-06-01,Amapa,Norte,2.0,False,2.0
1999,Junho,6,1999-06-01,Amazonas,Norte,7.0,False,7.0
1999,Junho,6,1999-06-01,Bahia,Nordeste,64.0,False,64.0
1999,Junho,6,1999-06-01,Ceara,Nordeste,16.0,False,16.0
1999,Junho,6,1999-06-01,Distrito Federal,Centro-Oeste,3.0,False,3.0
1999,Junho,6,1999-06-01,Espirito Santo,Sudeste,6.0,False,6.0
1999,Junho,6,1999-06-01,Goias,Centro-Oeste,250.0,False,250.0
1999,Junho,6,1999-06-01,Maranhao,Nordeste,32.0,False,32.0
1999,Junho,6,1999-06-01,Mato Grosso,Centro-Oeste,2.201,False,2.201
1999,Junho,6,1999-06-01,Mato Grosso,Centro-Oeste,127.0,False,127.0
1999,Junho,6,1999-06-01,Minas Gerais,Sudeste,132.0,False,132.0
1999,Junho,6,1999-06-01,Para,Norte,37.0,False,37.0
1999,Junho,6,1999-06-01,Paraiba,Nordeste,1.0,False,1.0
1999,Junho,6,1999-06-01,Paraiba,Nordeste,31.0,False,31.0
1999,Junho,6,1999-06-01,Pernambuco,Nordeste,7.0,False,7.0
1999,Junho,6,1999-06-01,Piau,Nordeste,47.0,False,47.0
1999,Junho,6,1999-06-01,Rio,Sudeste,8.0,False,8.0
1999,Junho,6,1999-06-01,Rio,Sudeste,4.0,False,4.0
1999,Junho,6,1999-06-01,Rio,Sudeste,9.0,False,9.0
1999,Junho,6,1999-06-01,Rondonia,Norte,10.0,False,10.0
1999,Junho,6,1999-06-01,Roraima,Norte,3.0,False,3.0
1999,Junho,6,1999-06-01,Santa Catarina,Sul,0.0,False,0.0
1999,Junho,6,1999-06-01,Sao Paulo,Sudeste,522.0,True,278.0
1999,Junho,6,1999-06-01,Sergipe,Nordeste,0.0,False,0.0
1999,Junho,6,1999-06-01,Tocantins,Norte,113.0,False,113.0
1999,Julho,7,1999-07-01,Acre,Norte,1.0,False,1.0
1999,Julho,7,1999-07-01,Alagoas,Nordeste,0.0,False,0.0
1999,Julho,7,1999-07-01,Amapa,Norte,0.0,False,0.0
1999,Julho,7,1999-07-01,Amazonas,Norte,11.0,False,11.0
1999,Julho,7,1999-07-01,Bahia,Nordeste,107.0,False,107.0
1999,Julho,7,1999-07-01,Ceara,Nordeste,83.0,False,83.0
1999,Julho,7,1999-07-01,Distrito Federal,Centro-Oeste,4.0,False,4.0
1999,Julho,7,1999-07-01,Espirito Santo,Sudeste,9.0,False,9.0
1999,Julho,7,1999-07-01,Goias,Centro-Oeste,311.0,True,278.0
1999,Julho,7,1999-07-01,Maranhao,Nordeste,258.0,False,258.0
1999,Julho,7,1999-07-01,Mato Grosso,Centro-Oeste,3.926,False,3.926
1999,Julho,7,1999-07-01,Mato Grosso,Centro-Oeste,1.297,False,1.297
1999,Julho,7,1999-07-01,Minas Gerais,Sudeste,318.0,True,278.0
1999,Julho,7,1999-07-01,Para,Norte,982.0,True,278.0
1999,Julho,7,1999-07-01,Paraiba,Nordeste,1.0,False,1.0
1999,Julho,7,1999-07-01,Paraiba,Nordeste,94.0,False,94.0
1999,Julho,7,1999-07-01,Pernambuco,Nordeste,2.0,False,2.0
1999,Julho,7,1999-07-01,Piau,Nordeste,123.0,False,123.0
1999,Julho,7,1999-07-01,Rio,Sudeste,14.0,False,14.0
1999,Julho,7,1999-07-01,Rio,Sudeste,7.0,False,7.0
1999,Julho,7,1999-07-01,Rio,Sudeste,10.0,False,10.0
1999,Julho,7,1999-07-01,Rondonia,Norte,135.0,False,135.0
1999,Julho,7,1999-07-01,Roraima,Norte,4.0,False,4.0
1999,Julho,7,1999-07-01,Santa Catarina,Sul,2.0,False,2.0
1999,Julho,7,1999-07-01,Sao Paulo,Sudeste,684.0,True,278.0
1999,Julho,7,1999-07-01,Sergipe,Nordeste,0.0,False,0.0
1999,Julho,7,1999-07-01,Tocantins,Norte,373.0,True,278.0
1999,Agosto,8,1999-08-01,Acre,Norte,63.0,False,63.0
1999,Agosto,8,1999-08-01,Alagoas,Nordeste,3.0,False,3.0
1999,Agosto,8,1999-08-01,Amapa,Norte,0.0,False,0.0
1999,Agosto,8,1999-08-01,Amazonas,Norte,259.0,False,259.0
1999,Agosto,8,1999-08-01,Bahia,Nordeste,453.0,True,278.0
1999,Agosto,8,1999-08-01,Ceara,Nordeste,131.0,False,131.0
1999,Agosto,8,1999-08-01,Distrito Federal,Centro-Oeste,16.0,False,16.0
1999,Agosto,8,1999-08-01,Espirito Santo,Sudeste,60.0,False,60.0
1999,Agosto,8,1999-08-01,Goias,Centro-Oeste,1.198,False,1.198
1999,Agosto,8,1999-08-01,Maranhao,Nordeste,895.0,True,278.0
1999,Agosto,8,1999-08-01,Mato Grosso,Centro-Oeste,18.566,False,18.566
1999,Agosto,8,1999-08-01,Mato Grosso,Centro-Oeste,4.355,False,4.355
1999,Agosto,8,1999-08-01,Minas Gerais,Sudeste,1.19,False,1.19
1999,Agosto,8,1999-08-01,Para,Norte,6.178,False,6.178
1999,Agosto,8,1999-08-01,Paraiba,Nordeste,4.0,False,4.0
1999,Agosto,8,1999-08-01,Paraiba,Nordeste,938.0,True,278.0
1999,Agosto,8,1999-08-01,Pernambuco,Nordeste,3.0,False,3.0
1999,Agosto,8,1999-08-01,Piau,Nordeste,499.0,True,278.0
1999,Agosto,8,1999-08-01,Rio,Sudeste,88.0,False,88.0
1999,Agosto,8,1999-08-01,Rio,Sudeste,40.0,False,40.0
1999,Agosto,8,1999-08-01,Rio,Sudeste,24.0,False,24.0
1999,Agosto,8,1999-08-01,Rondonia,Norte,1.976,False,1.976
1999,Agosto,8,1999-08-01,Roraima,Norte,1.0,False,1.0
1999,Agosto,8,1999-08-01,Santa Catarina,Sul,51.0,False,51.0
1999,Agosto,8,1999-08-01,Sao Paulo,Sudeste,1.211,False,1.211
1999,Agosto,8,1999-08-01,Sergipe,Nordeste,0.0,False,0.0
1999,Agosto,8,1999-08-01,Tocantins,Norte,1.284,False,1.284
1999,Setembro,9,1999-09-01,Acre,Norte,209.0,False,209.0
1999,Setembro,9,1999-09-01,Alagoas,Nordeste,3.0,False,3.0
1999,Setembro,9,1999-09-01,Amapa,Norte,4.0,False,4.0
1999,Setembro,9,1999-09-01,Amazonas,Norte,216.0,False,216.0
1999,Setembro,9,1999-09-01,Bahia,Nordeste,1.275,False,1.275
1999,Setembro,9,1999-09-01,Ceara,Nordeste,124.0,False,124.0
1999,Setembro,9,1999-09-01,Distrito Federal,Centro-Oeste,12.0,False,12.0
1999,Setembro,9,1999-09-01,Espirito Santo,Sudeste,64.0,False,64.0
1999,Setembro,9,1999-09-01,Goias,Centro-Oeste,1.898,False,1.898
1999,Setembro,9,1999-09-01,Maranhao,Nordeste,1.739,False,1.739
1999,Setembro,9,1999-09-01,Mato Grosso,Centro-Oeste,11.729,False,11.729
1999,Setembro,9,1999-09-01,Mato Grosso,Centro-Oeste,2.969,False,2.969
1999,Setembro,9,1999-09-01,Minas Gerais,Sudeste,2.686,False,2.686
1999,Setembro,9,1999-09-01,Para,Norte,4.419,False,4.419
1999,Setembro,9,1999-09-01,Paraiba,Nordeste,14.0,False,14.0
1999,Setembro,9,1999-09-01,Paraiba,Nordeste,878.0,True,278.0
1999,Setembro,9,1999-09-01,Pernambuco,Nordeste,64.0,False,64.0
1999,Setembro,9,1999-09-01,Piau,Nordeste,872.0,True,278.0
1999,Setembro,9,1999-09-01,Rio,Sudeste,192.0,False,192.0
1999,Setembro,9,1999-09-01,Rio,Sudeste,35.0,False,35.0
1999,Setembro,9,1999-09-01,Rio,Sudeste,19.0,False,19.0
1999,Setembro,9,1999-09-01,Rondonia,Norte,3.062,False,3.062
1999,Setembro,9,1999-09-01,Roraima,Norte,3.0,False,3.0
1999,Setembro,9,1999-09-01,Santa Catarina,Sul,101.0,False,101.0
1999,Setembro,9,1999-09-01,Sao Paulo,Sudeste,911.0,True,278.0
1999,Setembro,9,1999-09-01,Sergipe,Nordeste,0.0,False,0.0
1999,Setembro,9,1999-09-01,Tocantins,Norte,3.415,False,3.415
1999,Outubro,10,1999-10-01,Acre,Norte,60.0,False,60.0
1999,Outubro,10,1999-10-01,Alagoas,Nordeste,4.0,False,4.0
1999,Outubro,10,1999-10-01,Amapa,Norte,25.0,False,25.0
1999,Outubro,10,1999-10-01,Amazonas,Norte,479.0,True,278.0
1999,Outubro,10,1999-10-01,Bahia,Nordeste,1.307,False,1.307
1999,Outubro,10,1999-10-01,Ceara,Nordeste,309.0,True,278.0
1999,Outubro,10,1999-10-01,Distrito Federal,Centro-Oeste,8.0,False,8.0
1999,Outubro,10,1999-10-01,Espirito Santo,Sudeste,23.0,False,23.0
1999,Outubro,10,1999-10-01,Goias,Centro-Oeste,743.0,True,278.0
1999,Outubro,10,1999-10-01,Maranhao,Nordeste,3.208,False,3.208
1999,Outubro,10,1999-10-01,Mato Grosso,Centro-Oeste,6.109,False,6.109
1999,Outubro,10,1999-10-01,Mato Grosso,Centro-Oeste,2.053,False,2.053
1999,Outubro,10,1999-10-01,Minas Gerais,Sudeste,1.363,False,1.363
1999,Outubro,10,1999-10-01,Para,Norte,5.026,False,5.026
1999,Outubro,10,1999-10-01,Paraiba,Nordeste,48.0,False,48.0
1999,Outubro,10,1999-10-01,Paraiba,Nordeste,452.0,True,278.0
1999,Outubro,10,1999-10-01,Pernambuco,Nordeste,180.0,False,180.0
1999,Outubro,10,1999-10-01,Piau,Nordeste,1.438,False,1.438
1999,Outubro,10,1999-10-01,Rio,Sudeste,30.0,False,30.0
1999,Outubro,10,1999-10-01,Rio,Sudeste,40.0,False,40.0
1999,Outubro,10,1999-10-01,Rio,Sudeste,56.0,False,56.0
1999,Outubro,10,1999-10-01,Rondonia,Norte,1.884,False,1.884
1999,Outubro,10,1999-10-01,Roraima,Norte,10.0,False,10.0
1999,Outubro,10,1999-10-01,Santa Catarina,Sul,16.0,False,16.0
1999,Outubro,10,1999-10-01,Sao Paulo,Sudeste,763.0,True,278.0
1999,Outubro,10,1999-10-01,Sergipe,Nordeste,0.0,False,0.0
1999,Outubro,10,1999-10-01,Tocantins,Norte,1.378,False,1.378
1999,Novembro,11,1999-11-01,Acre,Norte,0.0,False,0.0
1999,Novembro,11,1999-11-01,Alagoas,Nordeste,15.0,False,15.0
1999,Novembro,11,1999-11-01,Amapa,Norte,26.0,False,26.0
1999,Novembro,11,1999-11-01,Amazonas,Norte,32.0,False,32.0
1999,Novembro,11,1999-11-01,Bahia,Nordeste,49.0,False,49.0
1999,Novembro,11,1999-11-01,Ceara,Nordeste,524.0,True,278.0
1999,Novembro,11,1999-11-01,Distrito Federal,Centro-Oeste,1.0,False,1.0
1999,Novembro,11,1999-11-01,Espirito Santo,Sudeste,9.0,False,9.0
1999,Novembro,11,1999-11-01,Goias,Centro-Oeste,110.0,False,110.0
1999,Novembro,11,1999-11-01,Maranhao,Nordeste,1.494,False,1.494
1999,Novembro,11,1999-11-01,Mato Grosso,Centro-Oeste,842.0,True,278.0
1999,Novembro,11,1999-11-01,Mato Grosso,Centro-Oeste,1.194,False,1.194
1999,Novembro,11,1999-11-01,Minas Gerais,Sudeste,271.0,False,271.0
1999,Novembro,11,1999-11-01,Para,Norte,2.682,False,2.682
1999,Novembro,11,1999-11-01,Paraiba,Nordeste,38.0,False,38.0
1999,Novembro,11,1999-11-01,Paraiba,Nordeste,447.0,True,278.0
1999,Novembro,11,1999-11-01,Pernambuco,Nordeste,41.0,False,41.0
1999,Novembro,11,1999-11-01,Piau,Nordeste,334.0,True,278.0
1999,Novembro,11,1999-11-01,Rio,Sudeste,16.0,False,16.0
1999,Novembro,11,1999-11-01,Rio,Sudeste,62.0,False,62.0
1999,Novembro,11,1999-11-01,Rio,Sudeste,103.0,False,103.0
1999,Novembro,11,1999-11-01,Rondonia,Norte,41.0,False,41.0
1999,Novembro,11,1999-11-01,Roraima,Norte,15.0,False,15.0
1999,Novembro,11,1999-11-01,Santa Catarina,Sul,84.0,False,84.0
1999,Novembro,11,1999-11-01,Sao Paulo,Sudeste,398.0,True,278.0
1999,Novembro,11,1999-11-01,Sergipe,Nordeste,3.0,False,3.0
1999,Novembro,11,1999-11-01,Tocantins,Norte,29.0,False,29.0
1999,Dezembro,12,1999-12-01,Acre,Norte,0.0,False,0.0
1999,Dezembro,12,1999-12-01,Alagoas,Nordeste,12.0,False,12.0
1999,Dezembro,12,1999-12-01,Amapa,Norte,41.0,False,41.0
1999,Dezembro,12,1999-12-01,Amazonas,Norte,2.0,False,2.0
1999,Dezembro,12,1999-12-01,Bahia,Nordeste,37.0,False,37.0
1999,Dezembro,12,1999-12-01,Ceara,Nordeste,397.0,True,278.0
1999,Dezembro,12,1999-12-01,Distrito Federal,Centro-Oeste,0.0,False,0.0
1999,Dezembro,12,1999-12-01,Espirito Santo,Sudeste,0.0,False,0.0
1999,Dezembro,12,1999-12-01,Goias,Centro-Oeste,20.0,False,20.0
1999,Dezembro,12,1999-12-01,Maranhao,Nordeste,1.001,False,1.001
1999,Dezembro,12,1999-12-01,Mato Grosso,Centro-Oeste,47.0,False,47.0
1999,Dezembro,12,1999-12-01,Mato Grosso,Centro-Oeste,306.0,True,278.0
1999,Dezembro,12,1999-12-01,Minas Gerais,Sudeste,32.0,False,32.0
1999,Dezembro,12,1999-12-01,Para,Norte,766.0,True,278.0
1999,Dezembro,12,1999-12-01,Paraiba,Nordeste,40.0,False,40.0
1999,Dezembro,12,1999-12-01,Paraiba,Nordeste,254.0,False,254.0
1999,Dezembro,12,1999-12-01,Pernambuco,Nordeste,16.0,False,16.0
1999,Dezembro,12,1999-12-01,Piau,Nordeste,74.0,False,74.0
1999,Dezembro,12,1999-12-01,Rio,Sudeste,0.0,False,0.0
1999,Dezembro,12,1999-12-01,Rio,Sudeste,29.0,False,29.0
1999,Dezembro,12,1999-12-01,Rio,Sudeste,1.11,False,1.11
1999,Dezembro,12,1999-12-01,Rondonia,Norte,0.0,False,0.0
1999,Dezembro,12,1999-12-01,Roraima,Norte,35.0,False,35.0
1999,Dezembro,12,1999-12-01,Santa Catarina,Sul,89.0,False,89.0
1999,Dezembro,12,1999-12-01,Sao Paulo,Sudeste,47.0,False,47.0
1999,Dezembro,12,1999-12-01,Sergipe,Nordeste,5.0,False,5.0
1999,Dezembro,12,1999-12-01,Tocantins,Norte,16.0,False,16.0
2000,Janeiro,1,2000-01-01,Acre,Norte,0.0,False,0.0
2000,Janeiro,1,2000-01-01,Alagoas,Nordeste,11.0,False,11.0
2000,Janeiro,1,2000-01-01,Amapa,Norte,2.0,False,2.0
2000,Janeiro,1,2000-01-01,Amazonas,Norte,7.0,False,7.0
2000,Janeiro,1,2000-01-01,Bahia,Nordeste,31.0,False,31.0
2000,Janeiro,1,2000-01-01,Ceara,Nordeste,1.0,False,1.0
2000,Janeiro,1,2000-01-01,Distrito Federal,Centro-Oeste,0.0,False,0.0
2000,Janeiro,1,2000-01-01,Espirito Santo,Sudeste,5.0,False,5.0
2000,Janeiro,1,2000-01-01,Goias,Centro-Oeste,10.0,False,10.0
2000,Janeiro,1,2000-01-01,Maranhao,Nordeste,19.0,False,19.0
2000,Janeiro,1,2000-01-01,Mato Grosso,Centro-Oeste,44.0,False,44.0
2000,Janeiro,1,2000-01-01,Mato Grosso,Centro-Oeste,326.0,True,278.0
2000,Janeiro,1,2000-01-01,Minas Gerais,Sudeste,24.0,False,24.0
2000,Janeiro,1,2000-01-01,Para,Norte,30.0,False,30.0
2000,Janeiro,1,2000-01-01,Paraiba,Nordeste,0.0,False,0.0
2000,Janeiro,1,2000-01-01,Paraiba,Nordeste,49.0,False,49.0
2000,Janeiro,1,2000-01-01,Pernambuco,Nordeste,3.0,False,3.0
2000,Janeiro,1,2000-01-01,Piau,Nordeste,5.0,False,5.0
2000,Janeiro,1,2000-01-01,Rio,Sudeste,0.0,False,0.0
2000,Janeiro,1,2000-01-01,Rio,Sudeste,1.0,False,1.0
2000,Janeiro,1,2000-01-01,Rio,Sudeste,126.0,False,126.0
2000,Janeiro,1,2000-01-01,Rondonia,Norte,0.0,False,0.0
2000,Janeiro,1,2000-01-01,Roraima,Norte,18.0,False,18.0
2000,Janeiro,1,2000-01-01,Santa Catarina,Sul,14.0,False,14.0
2000,Janeiro,1,2000-01-01,Sao Paulo,Sudeste,36.0,False,36.0
2000,Janeiro,1,2000-01-01,Sergipe,Nordeste,1.0,False,1.0
2000,Janeiro,1,2000-01-01,Tocantins,Norte,15.0,False,15.0
2000,Fevereiro,2,2000-02-01,Acre,Norte,0.0,False,0.0
2000,Fevereiro,2,2000-02-01,Alagoas,Nordeste,16.0,False,16.0
2000,Fevereiro,2,2000-02-01,Amapa,Norte,0.0,False,0.0
2000,Fevereiro,2,2000-02-01,Amazonas,Norte,62.0,False,62.0
2000,Fevereiro,2,2000-02-01,Bahia,Nordeste,32.0,False,32.0
2000,Fevereiro,2,2000-02-01,Ceara,Nordeste,6.0,False,6.0
2000,Fevereiro,2,2000-02-01,Distrito Federal,Centro-Oeste,0.0,False,0.0
2000,Fevereiro,2,2000-02-01,Espirito Santo,Sudeste,5.0,False,5.0
2000,Fevereiro,2,2000-02-01,Goias,Centro-Oeste,11.0,False,11.0
2000,Fevereiro,2,2000-02-01,Maranhao,Nordeste,11.0,False,11.0
2000,Fevereiro,2,2000-02-01,Mato Grosso,Centro-Oeste,35.0,False,35.0
2000,Fevereiro,2,2000-02-01,Mato Grosso,Centro-Oeste,81.0,False,81.0
2000,Fevereiro,2,2000-02-01,Minas Gerais,Sudeste,20.0,False,20.0
2000,Fevereiro,2,2000-02-01,Para,Norte,29.0,False,29.0
2000,Fevereiro,2,2000-02-01,Paraiba,Nordeste,11.0,False,11.0
2000,Fevereiro,2,2000-02-01,Paraiba,Nordeste,67.0,False,67.0
2000,Fevereiro,2,2000-02-01,Pernambuco,Nordeste,4.0,False,4.0
2000,Fevereiro,2,2000-02-01,Piau,Nordeste,12.0,False,12.0
2000,Fevereiro,2,2000-02-01,Rio,Sudeste,1.0,False,1.0
2000,Fevereiro,2,2000-02-01,Rio,Sudeste,7.0,False,7.0
2000,Fevereiro,2,2000-02-01,Rio,Sudeste,43.0,False,43.0
2000,Fevereiro,2,2000-02-01,Rondonia,Norte,6.0,False,6.0
2000,Fevereiro,2,2000-02-01,Roraima,Norte,57.0,False,57.0
2000,Fevereiro,2,2000-02-01,Santa Catarina,Sul,8.0,False,8.0
2000,Fevereiro,2,2000-02-01,Sao Paulo,Sudeste,25.0,False,25.0
2000,Fevereiro,2,2000-02-01,Sergipe,Nordeste,6.0,False,6.0
2000,Fevereiro,2,2000-02-01,Tocantins,Norte,6.0,False,6.0
2000,Marco,3,2000-03-01,Acre,Norte,11.0,False,11.0
2000,Marco,3,2000-03-01,Alagoas,Nordeste,32.0,False,32.0
2000,Marco,3,2000-03-01,Amapa,Norte,0.0,False,0.0
2000,Marco,3,2000-03-01,Amazonas,Norte,69.0,False,69.0
2000,Marco,3,2000-03-01,Bahia,Nordeste,65.0,False,65.0
2000,Marco,3,2000-03-01,Ceara,Nordeste,9.0,False,9.0
2000,Marco,3,2000-03-01,Distrito Federal,Centro-Oeste,0.0,False,0.0
2000,Marco,3,2000-03-01,Espirito Santo,Sudeste,1.0,False,1.0
2000,Marco,3,2000-03-01,Goias,Centro-Oeste,4.0,False,4.0
2000,Marco,3,2000-03-01,Maranhao,Nordeste,6.0,False,6.0
2000,Marco,3,2000-03-01,Mato Grosso,Centro-Oeste,60.0,False,60.0
2000,Marco,3,2000-03-01,Mato Grosso,Centro-Oeste,23.0,False,23.0
2000,Marco,3,2000-03-01,Minas Gerais,Sudeste,24.0,False,24.0
2000,Marco,3,2000-03-01,Para,Norte,181.0,False,181.0
2000,Marco,3,2000-03-01,Paraiba,Nordeste,5.0,False,5.0
2000,Marco,3,2000-03-01,Paraiba,Nordeste,52.0,False,52.0
2000,Marco,3,2000-03-01,Pernambuco,Nordeste,14.0,False,14.0
2000,Marco,3,2000-03-01,Piau,Nordeste,14.0,False,14.0
2000,Marco,3,2000-03-01,Rio,Sudeste,0.0,False,0.0
2000,Marco,3,2000-03-01,Rio,Sudeste,11.0,False,11.0
2000,Marco,3,2000-03-01,Rio,Sudeste,51.0,False,51.0
2000,Marco,3,2000-03-01,Rondonia,Norte,9.0,False,9.0
2000,Marco,3,2000-03-01,Roraima,Norte,125.0,False,125.0
2000,Marco,3,2000-03-01,Santa Catarina,Sul,46.0,False,46.0
2000,Marco,3,2000-03-01,Sao Paulo,Sudeste,26.0,False,26.0
2000,Marco,3,2000-03-01,Sergipe,Nordeste,6.0,False,6.0
2000,Marco,3,2000-03-01,Tocantins,Norte,4.0,False,4.0
2000,Abril,4,2000-04-01,Acre,Norte,1.0,False,1.0
2000,Abril,4,2000-04-01,Alagoas,Nordeste,20.0,False,20.0
2000,Abril,4,2000-04-01,Amapa,Norte,0.0,False,0.0
2000,Abril,4,2000-04-01,Amazonas,Norte,18.0,False,18.0
2000,Abril,4,2000-04-01,Bahia,Nordeste,23.0,False,23.0
2000,Abril,4,2000-04-01,Ceara,Nordeste,15.0,False,15.0
2000,Abril,4,2000-04-01,Distrito Federal,Centro-Oeste,0.0,False,0.0
2000,Abril,4,2000-04-01,Espirito Santo,Sudeste,3.0,False,3.0
2000,Abril,4,2000-04-01,Goias,Centro-Oeste,16.0,False,16.0
2000,Abril,4,2000-04-01,Maranhao,Nordeste,6.0,False,6.0
2000,Abril,4,2000-04-01,Mato Grosso,Centro-Oeste,59.0,False,59.0
2000,Abril,4,2000-04-01,Mato Grosso,Centro-Oeste,90.0,False,90.0
2000,Abril,4,2000-04-01,Minas Gerais,Sudeste,49.0,False,49.0
2000,Abril,4,2000-04-01,Para,Norte,40.0,False,40.0
2000,Abril,4,2000-04-01,Paraiba,Nordeste,1.0,False,1.0
2000,Abril,4,2000-04-01,Paraiba,Nordeste,51.0,False,51.0
2000,Abril,4,2000-04-01,Pernambuco,Nordeste,1.0,False,1.0
2000,Abril,4,2000-04-01,Piau,Nordeste,15.0,False,15.0
2000,Abril,4,2000-04-01,Rio,Sudeste,2.0,False,2.0
2000,Abril,4,2000-04-01,Rio,Sudeste,16.0,False,16.0
2000,Abril,4,2000-04-01,Rio,Sudeste,1.0,False,1.0
2000,Abril,4,2000-04-01,Rondonia,Norte,0.0,False,0.0
2000,Abril,4,2000-04-01,Roraima,Norte,0.0,False,0.0
2000,Abril,4,2000-04-01,Santa Catarina,Sul,7.0,False,7.0
2000,Abril,4,2000-04-01,Sao Paulo,Sudeste,102.0,False,102.0
2000,Abril,4,2000-04-01,Sergipe,Nordeste,1.0,False,1.0
2000,Abril,4,2000-04-01,Tocantins,Norte,0.0,False,0.0
2000,Maio,5,2000-05-01,Acre,Norte,1.0,False,1.0
2000,Maio,5,2000-05-01,Alagoas,Nordeste,1.0,False,1.0
2000,Maio,5,2000-05-01,Amapa,Norte,0.0,False,0.0
2000,Maio,5,2000-05-01,Amazonas,Norte,51.0,False,51.0
2000,Maio,5,2000-05-01,Bahia,Nordeste,71.0,False,71.0
2000,Maio,5,2000-05-01,Ceara,Nordeste,7.0,False,7.0
2000,Maio,5,2000-05-01,Distrito Federal,Centro-Oeste,2.0,False,2.0
2000,Maio,5,2000-05-01,Espirito Santo,Sudeste,2.0,False,2.0
2000,Maio,5,2000-05-01,Goias,Centro-Oeste,58.0,False,58.0
2000,Maio,5,2000-05-01,Maranhao,Nordeste,28.0,False,28.0
2000,Maio,5,2000-05-01,Mato Grosso,Centro-Oeste,1.194,False,1.194
2000,Maio,5,2000-05-01,Mato Grosso,Centro-Oeste,127.0,False,127.0
2000,Maio,5,2000-05-01,Minas Gerais,Sudeste,67.0,False,67.0
2000,Maio,5,2000-05-01,Para,Norte,12.0,False,12.0
2000,Maio,5,2000-05-01,Paraiba,Nordeste,0.0,False,0.0
2000,Maio,5,2000-05-01,Paraiba,Nordeste,43.0,False,43.0
2000,Maio,5,2000-05-01,Pernambuco,Nordeste,7.0,False,7.0
2000,Maio,5,2000-05-01,Piau,Nordeste,25.0,False,25.0
2000,Maio,5,2000-05-01,Rio,Sudeste,5.0,False,5.0
2000,Maio,5,2000-05-01,Rio,Sudeste,3.0,False,3.0
2000,Maio,5,2000-05-01,Rio,Sudeste,4.0,False,4.0
2000,Maio,5,2000-05-01,Rondonia,Norte,13.0,False,13.0
2000,Maio,5,2000-05-01,Roraima,Norte,7.0,False,7.0
2000,Maio,5,2000-05-01,Santa Catarina,Sul,0.0,False,0.0
2000,Maio,5,2000-05-01,Sao Paulo,Sudeste,300.0,True,278.0
2000,Maio,5,2000-05-01,Sergipe,Nordeste,0.0,False,0.0
2000,Maio,5,2000-05-01,Tocantins,Norte,69.0,False,69.0
2000,Junho,6,2000-06-01,Acre,Norte,1.0,False,1.0
2000,Junho,6,2000-06-01,Alagoas,Nordeste,0.0,False,0.0
2000,Junho,6,2000-06-01,Amapa,Norte,0.0,False,0.0
2000,Junho,6,2000-06-01,Amazonas,Norte,6.0,False,6.0
2000,Junho,6,2000-06-01,Bahia,Nordeste,178.0,False,178.0
2000,Junho,6,2000-06-01,Ceara,Nordeste,16.0,False,16.0
2000,Junho,6,2000-06-01,Distrito Federal,Centro-Oeste,1.0,False,1.0
2000,Junho,6,2000-06-01,Espirito Santo,Sudeste,9.0,False,9.0
2000,Junho,6,2000-06-01,Goias,Centro-Oeste,222.0,False,222.0
2000,Junho,6,2000-06-01,Maranhao,Nordeste,94.0,False,94.0
2000,Junho,6,2000-06-01,Mato Grosso,Centro-Oeste,4.358,False,4.358
2000,Junho,6,2000-06-01,Mato Grosso,Centro-Oeste,157.0,False,157.0
2000,Junho,6,2000-06-01,Minas Gerais,Sudeste,135.0,False,135.0
2000,Junho,6,2000-06-01,Para,Norte,59.0,False,59.0
2000,Junho,6,2000-06-01,Paraiba,Nordeste,2.0,False,2.0
2000,Junho,6,2000-06-01,Paraiba,Nordeste,53.0,False,53.0
2000,Junho,6,2000-06-01,Pernambuco,Nordeste,4.0,False,4.0
2000,Junho,6,2000-06-01,Piau,Nordeste,18.0,False,18.0
2000,Junho,6,2000-06-01,Rio,Sudeste,14.0,False,14.0
2000,Junho,6,2000-06-01,Rio,Sudeste,8.0,False,8.0
2000,Junho,6,2000-06-01,Rio,Sudeste,0.0,False,0.0
2000,Junho,6,2000-06-01,Rondonia,Norte,54.0,False,54.0
2000,Junho,6,2000-06-01,Roraima,Norte,0.0,False,0.0
2000,Junho,6,2000-06-01,Santa Catarina,Sul,2.0,False,2.0
2000,Junho,6,2000-06-01,Sao Paulo,Sudeste,606.0,True,278.0
2000,Junho,6,2000-06-01,Sergipe,Nordeste,0.0,False,0.0
2000,Junho,6,2000-06-01,Tocantins,Norte,278.0,False,278.0
2000,Julho,7,2000-07-01,Acre,Norte,1.0,False,1.0
2000,Julho,7,2000-07-01,Alagoas,Nordeste,0.0,False,0.0
2000,Julho,7,2000-07-01,Amapa,Norte,0.0,False,0.0
2000,Julho,7,2000-07-01,Amazonas,Norte,39.0,False,39.0
2000,Julho,7,2000-07-01,Bahia,Nordeste,202.0,False,202.0
2000,Julho,7,2000-07-01,Ceara,Nordeste,18.0,False,18.0
2000,Julho,7,2000-07-01,Distrito Federal,Centro-Oeste,15.0,False,15.0
2000,Julho,7,2000-07-01,Espirito Santo,Sudeste,16.0,False,16.0
2000,Julho,7,2000-07-01,Goias,Centro-Oeste,332.0,True,278.0
2000,Julho,7,2000-07-01,Maranhao,Nordeste,233.0,False,233.0
2000,Julho,7,2000-07-01,Mato Grosso,Centro-Oeste,1.338,False,1.338
2000,Julho,7,2000-07-01,Mato Grosso,Centro-Oeste,160.0,False,160.0
2000,Julho,7,2000-07-01,Minas Gerais,Sudeste,345.0,True,278.0
2000,Julho,7,2000-07-01,Para,Norte,426.0,True,278.0
2000,Julho,7,2000-07-01,Paraiba,Nordeste,0.0,False,0.0
2000,Julho,7,2000-07-01,Paraiba,Nordeste,98.0,False,98.0
2000,Julho,7,2000-07-01,Pernambuco,Nordeste,0.0,False,0.0
2000,Julho,7,2000-07-01,Piau,Nordeste,75.0,False,75.0
2000,Julho,7,2000-07-01,Rio,Sudeste,22.0,False,22.0
2000,Julho,7,2000-07-01,Rio,Sudeste,5.0,False,5.0
2000,Julho,7,2000-07-01,Rio,Sudeste,6.0,False,6.0
2000,Julho,7,2000-07-01,Rondonia,Norte,117.0,False,117.0
2000,Julho,7,2000-07-01,Roraima,Norte,0.0,False,0.0
2000,Julho,7,2000-07-01,Santa Catarina,Sul,21.0,False,21.0
2000,Julho,7,2000-07-01,Sao Paulo,Sudeste,770.0,True,278.0
2000,Julho,7,2000-07-01,Sergipe,Nordeste,0.0,False,0.0
2000,Julho,7,2000-07-01,Tocantins,Norte,500.0,True,278.0
2000,Agosto,8,2000-08-01,Acre,Norte,136.0,False,136.0
2000,Agosto,8,2000-08-01,Alagoas,Nordeste,4.0,False,4.0
2000,Agosto,8,2000-08-01,Amapa,Norte,3.0,False,3.0
2000,Agosto,8,2000-08-01,Amazonas,Norte,180.0,False,180.0
2000,Agosto,8,2000-08-01,Bahia,Nordeste,633.0,True,278.0
2000,Agosto,8,2000-08-01,Ceara,Nordeste,79.0,False,79.0
2000,Agosto,8,2000-08-01,Distrito Federal,Centro-Oeste,9.0,False,9.0
2000,Agosto,8,2000-08-01,Espirito Santo,Sudeste,26.0,False,26.0
2000,Agosto,8,2000-08-01,Goias,Centro-Oeste,925.0,True,278.0
2000,Agosto,8,2000-08-01,Maranhao,Nordeste,839.0,True,278.0
2000,Agosto,8,2000-08-01,Mato Grosso,Centro-Oeste,6.063,False,6.063
2000,Agosto,8,2000-08-01,Mato Grosso,Centro-Oeste,530.0,True,278.0
2000,Agosto,8,2000-08-01,Minas Gerais,Sudeste,769.0,True,278.0
2000,Agosto,8,2000-08-01,Para,Norte,5.484,False,5.484
2000,Agosto,8,2000-08-01,Paraiba,Nordeste,7.0,False,7.0
2000,Agosto,8,2000-08-01,Paraiba,Nordeste,849.0,True,278.0
2000,Agosto,8,2000-08-01,Pernambuco,Nordeste,31.0,False,31.0
2000,Agosto,8,2000-08-01,Piau,Nordeste,415.0,True,278.0
2000,Agosto,8,2000-08-01,Rio,Sudeste,34.0,False,34.0
2000,Agosto,8,2000-08-01,Rio,Sudeste,29.0,False,29.0
2000,Agosto,8,2000-08-01,Rio,Sudeste,18.0,False,18.0
2000,Agosto,8,2000-08-01,Rondonia,Norte,2.197,False,2.197
2000,Agosto,8,2000-08-01,Roraima,Norte,9.0,False,9.0
2000,Agosto,8,2000-08-01,Santa Catarina,Sul,69.0,False,69.0
2000,Agosto,8,2000-08-01,Sao Paulo,Sudeste,915.0,True,278.0
2000,Agosto,8,2000-08-01,Sergipe,Nordeste,0.0,False,0.0
2000,Agosto,8,2000-08-01,Tocantins,Norte,1.949,False,1.949
2000,Setembro,9,2000-09-01,Acre,Norte,265.0,False,265.0
2000,Setembro,9,2000-09-01,Alagoas,Nordeste,22.0,False,22.0
2000,Setembro,9,2000-09-01,Amapa,Norte,19.0,False,19.0
2000,Setembro,9,2000-09-01,Amazonas,Norte,189.0,False,189.0
2000,Setembro,9,2000-09-01,Bahia,Nordeste,2.285,False,2.285
2000,Setembro,9,2000-09-01,Ceara,Nordeste,127.0,False,127.0
2000,Setembro,9,2000-09-01,Distrito Federal,Centro-Oeste,3.0,False,3.0
2000,Setembro,9,2000-09-01,Espirito Santo,Sudeste,14.0,False,14.0
2000,Setembro,9,2000-09-01,Goias,Centro-Oeste,1.293,False,1.293
2000,Setembro,9,2000-09-01,Maranhao,Nordeste,1.365,False,1.365
2000,Setembro,9,2000-09-01,Mato Grosso,Centro-Oeste,6.251,False,6.251
2000,Setembro,9,2000-09-01,Mato Grosso,Centro-Oeste,510.0,True,278.0
2000,Setembro,9,2000-09-01,Minas Gerais,Sudeste,1.08,False,1.08
2000,Setembro,9,2000-09-01,Para,Norte,2.569,False,2.569
2000,Setembro,9,2000-09-01,Paraiba,Nordeste,9.0,False,9.0
2000,Setembro,9,2000-09-01,Paraiba,Nordeste,381.0,True,278.0
2000,Setembro,9,2000-09-01,Pernambuco,Nordeste,130.0,False,130.0
2000,Setembro,9,2000-09-01,Piau,Nordeste,1.099,False,1.099
2000,Setembro,9,2000-09-01,Rio,Sudeste,16.0,False,16.0
2000,Setembro,9,2000-09-01,Rio,Sudeste,17.0,False,17.0
2000,Setembro,9,2000-09-01,Rio,Sudeste,27.0,False,27.0
2000,Setembro,9,2000-09-01,Rondonia,Norte,2.438,False,2.438
2000,Setembro,9,2000-09-01,Roraima,Norte,12.0,False,12.0
2000,Setembro,9,2000-09-01,Santa Catarina,Sul,36.0,False,36.0
2000,Setembro,9,2000-09-01,Sao Paulo,Sudeste,582.0,True,278.0
2000,Setembro,9,2000-09-01,Sergipe,Nordeste,0.0,False,0.0
2000,Setembro,9,2000-09-01,Tocantins,Norte,2.552,False,2.552
2000,Outubro,10,2000-10-01,Acre,Norte,18.0,False,18.0
2000,Outubro,10,2000-10-01,Alagoas,Nordeste,13.0,False,13.0
2000,Outubro,10,2000-10-01,Amapa,Norte,42.0,False,42.0
2000,Outubro,10,2000-10-01,Amazonas,Norte,145.0,False,145.0
2000,Outubro,10,2000-10-01,Bahia,Nordeste,3.35,False,3.35
2000,Outubro,10,2000-10-01,Ceara,Nordeste,875.0,True,278.0
2000,Outubro,10,2000-10-01,Distrito Federal,Centro-Oeste,18.0,False,18.0
2000,Outubro,10,2000-10-01,Espirito Santo,Sudeste,88.0,False,88.0
2000,Outubro,10,2000-10-01,Goias,Centro-Oeste,905.0,True,278.0
2000,Outubro,10,2000-10-01,Maranhao,Nordeste,2.654,False,2.654
2000,Outubro,10,2000-10-01,Mato Grosso,Centro-Oeste,6.062,False,6.062
2000,Outubro,10,2000-10-01,Mato Grosso,Centro-Oeste,657.0,True,278.0
2000,Outubro,10,2000-10-01,Minas Gerais,Sudeste,1.954,False,1.954
2000,Outubro,10,2000-10-01,Para,Norte,4.313,False,4.313
2000,Outubro,10,2000-10-01,Paraiba,Nordeste,125.0,False,125.0
2000,Outubro,10,2000-10-01,Paraiba,Nordeste,658.0,True,278.0
2000,Outubro,10,2000-10-01,Pernambuco,Nordeste,411.0,True,278.0
2000,Outubro,10,2000-10-01,Piau,Nordeste,2.558,False,2.558
2000,Outubro,10,2000-10-01,Rio,Sudeste,25.0,False,25.0
2000,Outubro,10,2000-10-01,Rio,Sudeste,28.0,False,28.0
2000,Outubro,10,2000-10-01,Rio,Sudeste,10.0,False,10.0
2000,Outubro,10,2000-10-01,Rondonia,Norte,644.0,True,278.0
2000,Outubro,10,2000-10-01,Roraima,Norte,25.0,False,25.0
2000,Outubro,10,2000-10-01,Santa Catarina,Sul,55.0,False,55.0
2000,Outubro,10,2000-10-01,Sao Paulo,Sudeste,647.0,True,278.0
2000,Outubro,10,2000-10-01,Sergipe,Nordeste,3.0,False,3.0
2000,Outubro,10,2000-10-01,Tocantins,Norte,1.053,False,1.053
2000,Novembro,11,2000-11-01,Acre,Norte,0.0,False,0.0
2000,Novembro,11,2000-11-01,Alagoas,Nordeste,2.0,False,2.0
2000,Novembro,11,2000-11-01,Amapa,Norte,157.0,False,157.0
2000,Novembro,11,2000-11-01,Amazonas,Norte,27.0,False,27.0
2000,Novembro,11,2000-11-01,Bahia,Nordeste,114.0,False,114.0
2000,Novembro,11,2000-11-01,Ceara,Nordeste,669.0,True,278.0
2000,Novembro,11,2000-11-01,Distrito Federal,Centro-Oeste,0.0,False,0.0
2000,Novembro,11,2000-11-01,Espirito Santo,Sudeste,3.0,False,3.0
2000,Novembro,11,2000-11-01,Goias,Centro-Oeste,26.0,False,26.0
2000,Novembro,11,2000-11-01,Maranhao,Nordeste,2.267,False,2.267
2000,Novembro,11,2000-11-01,Mato Grosso,Centro-Oeste,502.0,True,278.0
2000,Novembro,11,2000-11-01,Mato Grosso,Centro-Oeste,274.0,False,274.0
2000,Novembro,11,2000-11-01,Minas Gerais,Sudeste,43.0,False,43.0
2000,Novembro,11,2000-11-01,Para,Norte,3.366,False,3.366
2000,Novembro,11,2000-11-01,Paraiba,Nordeste,65.0,False,65.0
2000,Novembro,11,2000-11-01,Paraiba,Nordeste,85.0,False,85.0
2000,Novembro,11,2000-11-01,Pernambuco,Nordeste,64.0,False,64.0
2000,Novembro,11,2000-11-01,Piau,Nordeste,450.0,True,278.0
2000,Novembro,11,2000-11-01,Rio,Sudeste,2.0,False,2.0
2000,Novembro,11,2000-11-01,Rio,Sudeste,9.0,False,9.0
2000,Novembro,11,2000-11-01,Rio,Sudeste,18.0,False,18.0
2000,Novembro,11,2000-11-01,Rondonia,Norte,13.0,False,13.0
2000,Novembro,11,2000-11-01,Roraima,Norte,32.0,False,32.0
2000,Novembro,11,2000-11-01,Santa Catarina,Sul,19.0,False,19.0
2000,Novembro,11,2000-11-01,Sao Paulo,Sudeste,96.0,False,96.0
2000,Novembro,11,2000-11-01,Sergipe,Nordeste,0.0,False,0.0
2000,Novembro,11,2000-11-01,Tocantins,Norte,96.0,False,96.0
2000,Dezembro,12,2000-12-01,Acre,Norte,0.0,False,0.0
2000,Dezembro,12,2000-12-01,Alagoas,Nordeste,2.0,False,2.0
2000,Dezembro,12,2000-12-01,Amapa,Norte,30.0,False,30.0
2000,Dezembro,12,2000-12-01,Amazonas,Norte,60.0,False,60.0
2000,Dezembro,12,2000-12-01,Bahia,Nordeste,24.0,False,24.0
2000,Dezembro,12,2000-12-01,Ceara,Nordeste,389.0,True,278.0
2000,Dezembro,12,2000-12-01,Distrito Federal,Centro-Oeste,0.0,False,0.0
2000,Dezembro,12,2000-12-01,Espirito Santo,Sudeste,3.0,False,3.0
2000,Dezembro,12,2000-12-01,Goias,Centro-Oeste,6.0,False,6.0
2000,Dezembro,12,2000-12-01,Maranhao,Nordeste,1.461,False,1.461
2000,Dezembro,12,2000-12-01,Mato Grosso,Centro-Oeste,98.0,False,98.0
2000,Dezembro,12,2000-12-01,Mato Grosso,Centro-Oeste,139.0,False,139.0
2000,Dezembro,12,2000-12-01,Minas Gerais,Sudeste,14.0,False,14.0
2000,Dezembro,12,2000-12-01,Para,Norte,1.698,False,1.698
2000,Dezembro,12,2000-12-01,Paraiba,Nordeste,34.0,False,34.0
2000,Dezembro,12,2000-12-01,Paraiba,Nordeste,159.0,False,159.0
2000,Dezembro,12,2000-12-01,Pernambuco,Nordeste,22.0,False,22.0
2000,Dezembro,12,2000-12-01,Piau,Nordeste,79.0,False,79.0
2000,Dezembro,12,2000-12-01,Rio,Sudeste,0.0,False,0.0
2000,Dezembro,12,2000-12-01,Rio,Sudeste,11.0,False,11.0
2000,Dezembro,12,2000-12-01,Rio,Sudeste,80.0,False,80.0
2000,Dezembro,12,2000-12-01,Rondonia,Norte,7.0,False,7.0
2000,Dezembro,12,2000-12-01,Roraima,Norte,77.0,False,77.0
2000,Dezembro,12,2000-12-01,Santa Catarina,Sul,29.0,False,29.0
2000,Dezembro,12,2000-12-01,Sao Paulo,Sudeste,23.0,False,23.0
2000,Dezembro,12,2000-12-01,Sergipe,Nordeste,0.0,False,0.0
2000,Dezembro,12,2000-12-01,Tocantins,Norte,20.0,False,20.0
2001,Janeiro,1,2001-01-01,Acre,Norte,0.0,False,0.0
2001,Janeiro,1,2001-01-01,Alagoas,Nordeste,5.0,False,5.0
2001,Janeiro,1,2001-01-01,Amapa,Norte,0.0,False,0.0
2001,Janeiro,1,2001-01-01,Amazonas,Norte,3.0,False,3.0
2001,Janeiro,1,2001-01-01,Bahia,Nordeste,24.0,False,24.0
2001,Janeiro,1,2001-01-01,Ceara,Nordeste,11.0,False,11.0
2001,Janeiro,1,2001-01-01,Distrito Federal,Centro-Oeste,0.0,False,0.0
2001,Janeiro,1,2001-01-01,Espirito Santo,Sudeste,1.0,False,1.0
2001,Janeiro,1,2001-01-01,Goias,Centro-Oeste,29.0,False,29.0
2001,Janeiro,1,2001-01-01,Maranhao,Nordeste,29.0,False,29.0
2001,Janeiro,1,2001-01-01,Mato Grosso,Centro-Oeste,44.0,False,44.0
2001,Janeiro,1,2001-01-01,Mato Grosso,Centro-Oeste,97.0,False,97.0
2001,Janeiro,1,2001-01-01,Minas Gerais,Sudeste,18.0,False,18.0
2001,Janeiro,1,2001-01-01,Para,Norte,34.0,False,34.0
2001,Janeiro,1,2001-01-01,Paraiba,Nordeste,11.0,False,11.0
2001,Janeiro,1,2001-01-01,Paraiba,Nordeste,32.0,False,32.0
2001,Janeiro,1,2001-01-01,Pernambuco,Nordeste,7.0,False,7.0
2001,Janeiro,1,2001-01-01,Piau,Nordeste,29.0,False,29.0
2001,Janeiro,1,2001-01-01,Rio,Sudeste,0.0,False,0.0
2001,Janeiro,1,2001-01-01,Rio,Sudeste,2.0,False,2.0
2001,Janeiro,1,2001-01-01,Rio,Sudeste,12.0,False,12.0
2001,Janeiro,1,2001-01-01,Rondonia,Norte,0.0,False,0.0
2001,Janeiro,1,2001-01-01,Roraima,Norte,101.0,False,101.0
2001,Janeiro,1,2001-01-01,Santa Catarina,Sul,11.0,False,11.0
2001,Janeiro,1,2001-01-01,Sao Paulo,Sudeste,26.0,False,26.0
2001,Janeiro,1,2001-01-01,Sergipe,Nordeste,2.0,False,2.0
2001,Janeiro,1,2001-01-01,Tocantins,Norte,19.0,False,19.0
2001,Fevereiro,2,2001-02-01,Acre,Norte,0.0,False,0.0
2001,Fevereiro,2,2001-02-01,Alagoas,Nordeste,4.0,False,4.0
2001,Fevereiro,2,2001-02-01,Amapa,Norte,0.0,False,0.0
2001,Fevereiro,2,2001-02-01,Amazonas,Norte,8.0,False,8.0
2001,Fevereiro,2,2001-02-01,Bahia,Nordeste,101.0,False,101.0
2001,Fevereiro,2,2001-02-01,Ceara,Nordeste,0.0,False,0.0
2001,Fevereiro,2,2001-02-01,Distrito Federal,Centro-Oeste,1.0,False,1.0
2001,Fevereiro,2,2001-02-01,Espirito Santo,Sudeste,5.0,False,5.0
2001,Fevereiro,2,2001-02-01,Goias,Centro-Oeste,9.0,False,9.0
2001,Fevereiro,2,2001-02-01,Maranhao,Nordeste,1.0,False,1.0
2001,Fevereiro,2,2001-02-01,Mato Grosso,Centro-Oeste,54.0,False,54.0
2001,Fevereiro,2,2001-02-01,Mato Grosso,Centro-Oeste,89.0,False,89.0
2001,Fevereiro,2,2001-02-01,Minas Gerais,Sudeste,39.0,False,39.0
2001,Fevereiro,2,2001-02-01,Para,Norte,16.0,False,16.0
2001,Fevereiro,2,2001-02-01,Paraiba,Nordeste,6.0,False,6.0
2001,Fevereiro,2,2001-02-01,Paraiba,Nordeste,8.0,False,8.0
2001,Fevereiro,2,2001-02-01,Pernambuco,Nordeste,2.0,False,2.0
2001,Fevereiro,2,2001-02-01,Piau,Nordeste,0.0,False,0.0
2001,Fevereiro,2,2001-02-01,Rio,Sudeste,3.0,False,3.0
2001,Fevereiro,2,2001-02-01,Rio,Sudeste,0.0,False,0.0
2001,Fevereiro,2,2001-02-01,Rio,Sudeste,32.0,False,32.0
2001,Fevereiro,2,2001-02-01,Rondonia,Norte,2.0,False,2.0
2001,Fevereiro,2,2001-02-01,Roraima,Norte,646.0,True,278.0
2001,Fevereiro,2,2001-02-01,Santa Catarina,Sul,0.0,False,0.0
2001,Fevereiro,2,2001-02-01,Sao Paulo,Sudeste,25.0,False,25.0
2001,Fevereiro,2,2001-02-01,Sergipe,Nordeste,2.0,False,2.0
2001,Fevereiro,2,2001-02-01,Tocantins,Norte,6.0,False,6.0
2001,Marco,3,2001-03-01,Acre,Norte,0.0,False,0.0
2001,Marco,3,2001-03-01,Alagoas,Nordeste,0.0,False,0.0
2001,Marco,3,2001-03-01,Amapa,Norte,0.0,False,0.0
2001,Marco,3,2001-03-01,Amazonas,Norte,6.0,False,6.0
2001,Marco,3,2001-03-01,Bahia,Nordeste,4.0,False,4.0
2001,Marco,3,2001-03-01,Ceara,Nordeste,0.0,False,0.0
2001,Marco,3,2001-03-01,Distrito Federal,Centro-Oeste,0.0,False,0.0
2001,Marco,3,2001-03-01,Espirito Santo,Sudeste,2.0,False,2.0
2001,Marco,3,2001-03-01,Goias,Centro-Oeste,10.0,False,10.0
2001,Marco,3,2001-03-01,Maranhao,Nordeste,0.0,False,0.0
2001,Marco,3,2001-03-01,Mato Grosso,Centro-Oeste,24.0,False,24.0
2001,Marco,3,2001-03-01,Mato Grosso,Centro-Oeste,39.0,False,39.0
2001,Marco,3,2001-03-01,Minas Gerais,Sudeste,13.0,False,13.0
2001,Marco,3,2001-03-01,Para,Norte,0.0,False,0.0
2001,Marco,3,2001-03-01,Paraiba,Nordeste,0.0,False,0.0
2001,Marco,3,2001-03-01,Paraiba,Nordeste,12.0,False,12.0
2001,Marco,3,2001-03-01,Pernambuco,Nordeste,0.0,False,0.0
2001,Marco,3,2001-03-01,Piau,Nordeste,2.0,False,2.0
2001,Marco,3,2001-03-01,Rio,Sudeste,0.0,False,0.0
2001,Marco,3,2001-03-01,Rio,Sudeste,0.0,False,0.0
2001,Marco,3,2001-03-01,Rio,Sudeste,11.0,False,11.0
2001,Marco,3,2001-03-01,Rondonia,Norte,0.0,False,0.0
2001,Marco,3,2001-03-01,Roraima,Norte,1.108,False,1.108
2001,Marco,3,2001-03-01,Santa Catarina,Sul,1.0,False,1.0
2001,Marco,3,2001-03-01,Sao Paulo,Sudeste,35.0,False,35.0
2001,Marco,3,2001-03-01,Sergipe,Nordeste,1.0,False,1.0
2001,Marco,3,2001-03-01,Tocantins,Norte,0.0,False,0.0
2001,Abril,4,2001-04-01,Acre,Norte,0.0,False,0.0
2001,Abril,4,2001-04-01,Alagoas,Nordeste,0.0,False,0.0
2001,Abril,4,2001-04-01,Amapa,Norte,0.0,False,0.0
2001,Abril,4,2001-04-01,Amazonas,Norte,1.0,False,1.0
2001,Abril,4,2001-04-01,Bahia,Nordeste,26.0,False,26.0
2001,Abril,4,2001-04-01,Ceara,Nordeste,2.0,False,2.0
2001,Abril,4,2001-04-01,Distrito Federal,Centro-Oeste,0.0,False,0.0
2001,Abril,4,2001-04-01,Espirito Santo,Sudeste,2.0,False,2.0
2001,Abril,4,2001-04-01,Goias,Centro-Oeste,49.0,False,49.0
2001,Abril,4,2001-04-01,Maranhao,Nordeste,2.0,False,2.0
2001,Abril,4,2001-04-01,Mato Grosso,Centro-Oeste,309.0,True,278.0
2001,Abril,4,2001-04-01,Mato Grosso,Centro-Oeste,108.0,False,108.0
2001,Abril,4,2001-04-01,Minas Gerais,Sudeste,60.0,False,60.0
2001,Abril,4,2001-04-01,Para,Norte,0.0,False,0.0
2001,Abril,4,2001-04-01,Paraiba,Nordeste,0.0,False,0.0
2001,Abril,4,2001-04-01,Paraiba,Nordeste,43.0,False,43.0
2001,Abril,4,2001-04-01,Pernambuco,Nordeste,2.0,False,2.0
2001,Abril,4,2001-04-01,Piau,Nordeste,1.0,False,1.0
2001,Abril,4,2001-04-01,Rio,Sudeste,2.0,False,2.0
2001,Abril,4,2001-04-01,Rio,Sudeste,10.0,False,10.0
2001,Abril,4,2001-04-01,Rio,Sudeste,3.0,False,3.0
2001,Abril,4,2001-04-01,Rondonia,Norte,0.0,False,0.0
2001,Abril,4,2001-04-01,Roraima,Norte,380.0,True,278.0
2001,Abril,4,2001-04-01,Santa Catarina,Sul,1.0,False,1.0
2001,Abril,4,2001-04-01,Sao Paulo,Sudeste,61.0,False,61.0
2001,Abril,4,2001-04-01,Sergipe,Nordeste,0.0,False,0.0
2001,Abril,4,2001-04-01,Tocantins,Norte,19.0,False,19.0
2001,Maio,5,2001-05-01,Acre,Norte,0.0,False,0.0
2001,Maio,5,2001-05-01,Alagoas,Nordeste,2.0,False,2.0
2001,Maio,5,2001-05-01,Amapa,Norte,0.0,False,0.0
2001,Maio,5,2001-05-01,Amazonas,Norte,0.0,False,0.0
2001,Maio,5,2001-05-01,Bahia,Nordeste,85.0,False,85.0
2001,Maio,5,2001-05-01,Ceara,Nordeste,81.0,False,81.0
2001,Maio,5,2001-05-01,Distrito Federal,Centro-Oeste,0.0,False,0.0
2001,Maio,5,2001-05-01,Espirito Santo,Sudeste,8.0,False,8.0
2001,Maio,5,2001-05-01,Goias,Centro-Oeste,85.0,False,85.0
2001,Maio,5,2001-05-01,Maranhao,Nordeste,21.0,False,21.0
2001,Maio,5,2001-05-01,Mato Grosso,Centro-Oeste,1.193,False,1.193
2001,Maio,5,2001-05-01,Mato Grosso,Centro-Oeste,112.0,False,112.0
2001,Maio,5,2001-05-01,Minas Gerais,Sudeste,83.0,False,83.0
2001,Maio,5,2001-05-01,Para,Norte,7.0,False,7.0
2001,Maio,5,2001-05-01,Paraiba,Nordeste,4.0,False,4.0
2001,Maio,5,2001-05-01,Paraiba,Nordeste,26.0,False,26.0
2001,Maio,5,2001-05-01,Pernambuco,Nordeste,5.0,False,5.0
2001,Maio,5,2001-05-01,Piau,Nordeste,36.0,False,36.0
2001,Maio,5,2001-05-01,Rio,Sudeste,4.0,False,4.0
2001,Maio,5,2001-05-01,Rio,Sudeste,56.0,False,56.0
2001,Maio,5,2001-05-01,Rio,Sudeste,4.0,False,4.0
2001,Maio,5,2001-05-01,Rondonia,Norte,5.0,False,5.0
2001,Maio,5,2001-05-01,Roraima,Norte,9.0,False,9.0
2001,Maio,5,2001-05-01,Santa Catarina,Sul,2.0,False,2.0
2001,Maio,5,2001-05-01,Sao Paulo,Sudeste,211.0,False,211.0
2001,Maio,5,2001-05-01,Sergipe,Nordeste,3.0,False,3.0
2001,Maio,5,2001-05-01,Tocantins,Norte,48.0,False,48.0
2001,Junho,6,2001-06-01,Acre,Norte,1.0,False,1.0
2001,Junho,6,2001-06-01,Alagoas,Nordeste,2.0,False,2.0
2001,Junho,6,2001-06-01,Amapa,Norte,0.0,False,0.0
2001,Junho,6,2001-06-01,Amazonas,Norte,5.0,False,5.0
2001,Junho,6,2001-06-01,Bahia,Nordeste,98.0,False,98.0
2001,Junho,6,2001-06-01,Ceara,Nordeste,38.0,False,38.0
2001,Junho,6,2001-06-01,Distrito Federal,Centro-Oeste,3.0,False,3.0
2001,Junho,6,2001-06-01,Espirito Santo,Sudeste,9.0,False,9.0
2001,Junho,6,2001-06-01,Goias,Centro-Oeste,212.0,False,212.0
2001,Junho,6,2001-06-01,Maranhao,Nordeste,100.0,False,100.0
2001,Junho,6,2001-06-01,Mato Grosso,Centro-Oeste,6.665,False,6.665
2001,Junho,6,2001-06-01,Mato Grosso,Centro-Oeste,249.0,False,249.0
2001,Junho,6,2001-06-01,Minas Gerais,Sudeste,166.0,False,166.0
2001,Junho,6,2001-06-01,Para,Norte,42.0,False,42.0
2001,Junho,6,2001-06-01,Paraiba,Nordeste,0.0,False,0.0
2001,Junho,6,2001-06-01,Paraiba,Nordeste,43.0,False,43.0
2001,Junho,6,2001-06-01,Pernambuco,Nordeste,2.0,False,2.0
2001,Junho,6,2001-06-01,Piau,Nordeste,87.0,False,87.0
2001,Junho,6,2001-06-01,Rio,Sudeste,13.0,False,13.0
2001,Junho,6,2001-06-01,Rio,Sudeste,13.0,False,13.0
2001,Junho,6,2001-06-01,Rio,Sudeste,1.0,False,1.0
2001,Junho,6,2001-06-01,Rondonia,Norte,31.0,False,31.0
2001,Junho,6,2001-06-01,Roraima,Norte,1.0,False,1.0
2001,Junho,6,2001-06-01,Santa Catarina,Sul,1.0,False,1.0
2001,Junho,6,2001-06-01,Sao Paulo,Sudeste,346.0,True,278.0
2001,Junho,6,2001-06-01,Sergipe,Nordeste,0.0,False,0.0
2001,Junho,6,2001-06-01,Tocantins,Norte,305.0,True,278.0
2001,Julho,7,2001-07-01,Acre,Norte,3.0,False,3.0
2001,Julho,7,2001-07-01,Alagoas,Nordeste,0.0,False,0.0
2001,Julho,7,2001-07-01,Amapa,Norte,1.0,False,1.0
2001,Julho,7,2001-07-01,Amazonas,Norte,9.0,False,9.0
2001,Julho,7,2001-07-01,Bahia,Nordeste,248.0,False,248.0
2001,Julho,7,2001-07-01,Ceara,Nordeste,146.0,False,146.0
2001,Julho,7,2001-07-01,Distrito Federal,Centro-Oeste,22.0,False,22.0
2001,Julho,7,2001-07-01,Espirito Santo,Sudeste,12.0,False,12.0
2001,Julho,7,2001-07-01,Goias,Centro-Oeste,371.0,True,278.0
2001,Julho,7,2001-07-01,Maranhao,Nordeste,549.0,True,278.0
2001,Julho,7,2001-07-01,Mato Grosso,Centro-Oeste,1.555,False,1.555
2001,Julho,7,2001-07-01,Mato Grosso,Centro-Oeste,591.0,True,278.0
2001,Julho,7,2001-07-01,Minas Gerais,Sudeste,266.0,False,266.0
2001,Julho,7,2001-07-01,Para,Norte,708.0,True,278.0
2001,Julho,7,2001-07-01,Paraiba,Nordeste,8.0,False,8.0
2001,Julho,7,2001-07-01,Paraiba,Nordeste,122.0,False,122.0
2001,Julho,7,2001-07-01,Pernambuco,Nordeste,6.0,False,6.0
2001,Julho,7,2001-07-01,Piau,Nordeste,337.0,True,278.0
2001,Julho,7,2001-07-01,Rio,Sudeste,57.0,False,57.0
2001,Julho,7,2001-07-01,Rio,Sudeste,25.0,False,25.0
2001,Julho,7,2001-07-01,Rio,Sudeste,6.0,False,6.0
2001,Julho,7,2001-07-01,Rondonia,Norte,74.0,False,74.0
2001,Julho,7,2001-07-01,Roraima,Norte,1.0,False,1.0
2001,Julho,7,2001-07-01,Santa Catarina,Sul,5.0,False,5.0
2001,Julho,7,2001-07-01,Sao Paulo,Sudeste,538.0,True,278.0
2001,Julho,7,2001-07-01,Sergipe,Nordeste,0.0,False,0.0
2001,Julho,7,2001-07-01,Tocantins,Norte,830.0,True,278.0
2001,Agosto,8,2001-08-01,Acre,Norte,396.0,True,278.0
2001,Agosto,8,2001-08-01,Alagoas,Nordeste,1.0,False,1.0
2001,Agosto,8,2001-08-01,Amapa,Norte,12.0,False,12.0
2001,Agosto,8,2001-08-01,Amazonas,Norte,501.0,True,278.0
2001,Agosto,8,2001-08-01,Bahia,Nordeste,979.0,True,278.0
2001,Agosto,8,2001-08-01,Ceara,Nordeste,219.0,False,219.0
2001,Agosto,8,2001-08-01,Distrito Federal,Centro-Oeste,25.0,False,25.0
2001,Agosto,8,2001-08-01,Espirito Santo,Sudeste,30.0,False,30.0
2001,Agosto,8,2001-08-01,Goias,Centro-Oeste,787.0,True,278.0
2001,Agosto,8,2001-08-01,Maranhao,Nordeste,2.037,False,2.037
2001,Agosto,8,2001-08-01,Mato Grosso,Centro-Oeste,7.762,False,7.762
2001,Agosto,8,2001-08-01,Mato Grosso,Centro-Oeste,2.484,False,2.484
2001,Agosto,8,2001-08-01,Minas Gerais,Sudeste,858.0,True,278.0
2001,Agosto,8,2001-08-01,Para,Norte,9.043,False,9.043
2001,Agosto,8,2001-08-01,Paraiba,Nordeste,34.0,False,34.0
2001,Agosto,8,2001-08-01,Paraiba,Nordeste,342.0,True,278.0
2001,Agosto,8,2001-08-01,Pernambuco,Nordeste,27.0,False,27.0
2001,Agosto,8,2001-08-01,Piau,Nordeste,1.133,False,1.133
2001,Agosto,8,2001-08-01,Rio,Sudeste,129.0,False,129.0
2001,Agosto,8,2001-08-01,Rio,Sudeste,55.0,False,55.0
2001,Agosto,8,2001-08-01,Rio,Sudeste,36.0,False,36.0
2001,Agosto,8,2001-08-01,Rondonia,Norte,2.132,False,2.132
2001,Agosto,8,2001-08-01,Roraima,Norte,4.0,False,4.0
2001,Agosto,8,2001-08-01,Santa Catarina,Sul,24.0,False,24.0
2001,Agosto,8,2001-08-01,Sao Paulo,Sudeste,595.0,True,278.0
2001,Agosto,8,2001-08-01,Sergipe,Nordeste,0.0,False,0.0
2001,Agosto,8,2001-08-01,Tocantins,Norte,2.242,False,2.242
2001,Setembro,9,2001-09-01,Acre,Norte,290.0,True,278.0
2001,Setembro,9,2001-09-01,Alagoas,Nordeste,5.0,False,5.0
2001,Setembro,9,2001-09-01,Amapa,Norte,95.0,False,95.0
2001,Setembro,9,2001-09-01,Amazonas,Norte,166.0,False,166.0
2001,Setembro,9,2001-09-01,Bahia,Nordeste,3.964,False,3.964
2001,Setembro,9,2001-09-01,Ceara,Nordeste,801.0,True,278.0
2001,Setembro,9,2001-09-01,Distrito Federal,Centro-Oeste,12.0,False,12.0
2001,Setembro,9,2001-09-01,Espirito Santo,Sudeste,38.0,False,38.0
2001,Setembro,9,2001-09-01,Goias,Centro-Oeste,1.863,False,1.863
2001,Setembro,9,2001-09-01,Maranhao,Nordeste,4.618,False,4.618
2001,Setembro,9,2001-09-01,Mato Grosso,Centro-Oeste,8.49,False,8.49
2001,Setembro,9,2001-09-01,Mato Grosso,Centro-Oeste,1.383,False,1.383
2001,Setembro,9,2001-09-01,Minas Gerais,Sudeste,1.597,False,1.597
2001,Setembro,9,2001-09-01,Para,Norte,6.139,False,6.139
2001,Setembro,9,2001-09-01,Paraiba,Nordeste,98.0,False,98.0
2001,Setembro,9,2001-09-01,Paraiba,Nordeste,258.0,False,258.0
2001,Setembro,9,2001-09-01,Pernambuco,Nordeste,298.0,True,278.0
2001,Setembro,9,2001-09-01,Piau,Nordeste,2.401,False,2.401
2001,Setembro,9,2001-09-01,Rio,Sudeste,60.0,False,60.0
2001,Setembro,9,2001-09-01,Rio,Sudeste,45.0,False,45.0
2001,Setembro,9,2001-09-01,Rio,Sudeste,2.0,False,2.0
2001,Setembro,9,2001-09-01,Rondonia,Norte,1.927,False,1.927
2001,Setembro,9,2001-09-01,Roraima,Norte,1.0,False,1.0
2001,Setembro,9,2001-09-01,Santa Catarina,Sul,18.0,False,18.0
2001,Setembro,9,2001-09-01,Sao Paulo,Sudeste,425.0,True,278.0
2001,Setembro,9,2001-09-01,Sergipe,Nordeste,1.0,False,1.0
2001,Setembro,9,2001-09-01,Tocantins,Norte,4.839,False,4.839
2001,Outubro,10,2001-10-01,Acre,Norte,137.0,False,137.0
2001,Outubro,10,2001-10-01,Alagoas,Nordeste,15.0,False,15.0
2001,Outubro,10,2001-10-01,Amapa,Norte,194.0,False,194.0
2001,Outubro,10,2001-10-01,Amazonas,Norte,332.0,True,278.0
2001,Outubro,10,2001-10-01,Bahia,Nordeste,1.687,False,1.687
2001,Outubro,10,2001-10-01,Ceara,Nordeste,2.045,False,2.045
2001,Outubro,10,2001-10-01,Distrito Federal,Centro-Oeste,0.0,False,0.0
2001,Outubro,10,2001-10-01,Espirito Santo,Sudeste,19.0,False,19.0
2001,Outubro,10,2001-10-01,Goias,Centro-Oeste,479.0,True,278.0
2001,Outubro,10,2001-10-01,Maranhao,Nordeste,6.661,False,6.661
2001,Outubro,10,2001-10-01,Mato Grosso,Centro-Oeste,6.543,False,6.543
2001,Outubro,10,2001-10-01,Mato Grosso,Centro-Oeste,563.0,True,278.0
2001,Outubro,10,2001-10-01,Minas Gerais,Sudeste,528.0,True,278.0
2001,Outubro,10,2001-10-01,Para,Norte,5.096,False,5.096
2001,Outubro,10,2001-10-01,Paraiba,Nordeste,279.0,True,278.0
2001,Outubro,10,2001-10-01,Paraiba,Nordeste,209.0,False,209.0
2001,Outubro,10,2001-10-01,Pernambuco,Nordeste,461.0,True,278.0
2001,Outubro,10,2001-10-01,Piau,Nordeste,3.742,False,3.742
2001,Outubro,10,2001-10-01,Rio,Sudeste,33.0,False,33.0
2001,Outubro,10,2001-10-01,Rio,Sudeste,34.0,False,34.0
2001,Outubro,10,2001-10-01,Rio,Sudeste,13.0,False,13.0
2001,Outubro,10,2001-10-01,Rondonia,Norte,796.0,True,278.0
2001,Outubro,10,2001-10-01,Roraima,Norte,13.0,False,13.0
2001,Outubro,10,2001-10-01,Santa Catarina,Sul,26.0,False,26.0
2001,Outubro,10,2001-10-01,Sao Paulo,Sudeste,444.0,True,278.0
2001,Outubro,10,2001-10-01,Sergipe,Nordeste,5.0,False,5.0
2001,Outubro,10,2001-10-01,Tocantins,Norte,684.0,True,278.0
2001,Novembro,11,2001-11-01,Acre,Norte,1.0,False,1.0
2001,Novembro,11,2001-11-01,Alagoas,Nordeste,22.0,False,22.0
2001,Novembro,11,2001-11-01,Amapa,Norte,406.0,True,278.0
2001,Novembro,11,2001-11-01,Amazonas,Norte,244.0,False,244.0
2001,Novembro,11,2001-11-01,Bahia,Nordeste,699.0,True,278.0
2001,Novembro,11,2001-11-01,Ceara,Nordeste,2.456,False,2.456
2001,Novembro,11,2001-11-01,Distrito Federal,Centro-Oeste,0.0,False,0.0
2001,Novembro,11,2001-11-01,Espirito Santo,Sudeste,3.0,False,3.0
2001,Novembro,11,2001-11-01,Goias,Centro-Oeste,15.0,False,15.0
2001,Novembro,11,2001-11-01,Maranhao,Nordeste,3.525,False,3.525
2001,Novembro,11,2001-11-01,Mato Grosso,Centro-Oeste,373.0,True,278.0
2001,Novembro,11,2001-11-01,Mato Grosso,Centro-Oeste,220.0,False,220.0
2001,Novembro,11,2001-11-01,Minas Gerais,Sudeste,62.0,False,62.0
2001,Novembro,11,2001-11-01,Para,Norte,4.938,False,4.938
2001,Novembro,11,2001-11-01,Paraiba,Nordeste,294.0,True,278.0
2001,Novembro,11,2001-11-01,Paraiba,Nordeste,89.0,False,89.0
2001,Novembro,11,2001-11-01,Pernambuco,Nordeste,208.0,False,208.0
2001,Novembro,11,2001-11-01,Piau,Nordeste,1.484,False,1.484
2001,Novembro,11,2001-11-01,Rio,Sudeste,4.0,False,4.0
2001,Novembro,11,2001-11-01,Rio,Sudeste,41.0,False,41.0
2001,Novembro,11,2001-11-01,Rio,Sudeste,49.0,False,49.0
2001,Novembro,11,2001-11-01,Rondonia,Norte,91.0,False,91.0
2001,Novembro,11,2001-11-01,Roraima,Norte,76.0,False,76.0
2001,Novembro,11,2001-11-01,Santa Catarina,Sul,66.0,False,66.0
2001,Novembro,11,2001-11-01,Sao Paulo,Sudeste,168.0,False,168.0
2001,Novembro,11,2001-11-01,Sergipe,Nordeste,5.0,False,5.0
2001,Novembro,11,2001-11-01,Tocantins,Norte,100.0,False,100.0
2001,Dezembro,12,2001-12-01,Acre,Norte,0.0,False,0.0
2001,Dezembro,12,2001-12-01,Alagoas,Nordeste,30.0,False,30.0
2001,Dezembro,12,2001-12-01,Amapa,Norte,593.0,True,278.0
2001,Dezembro,12,2001-12-01,Amazonas,Norte,22.0,False,22.0
2001,Dezembro,12,2001-12-01,Bahia,Nordeste,158.0,False,158.0
2001,Dezembro,12,2001-12-01,Ceara,Nordeste,545.0,True,278.0
2001,Dezembro,12,2001-12-01,Distrito Federal,Centro-Oeste,1.0,False,1.0
2001,Dezembro,12,2001-12-01,Espirito Santo,Sudeste,1.0,False,1.0
2001,Dezembro,12,2001-12-01,Goias,Centro-Oeste,18.0,False,18.0
2001,Dezembro,12,2001-12-01,Maranhao,Nordeste,1.296,False,1.296
2001,Dezembro,12,2001-12-01,Mato Grosso,Centro-Oeste,37.0,False,37.0
2001,Dezembro,12,2001-12-01,Mato Grosso,Centro-Oeste,143.0,False,143.0
2001,Dezembro,12,2001-12-01,Minas Gerais,Sudeste,44.0,False,44.0
2001,Dezembro,12,2001-12-01,Para,Norte,2.564,False,2.564
2001,Dezembro,12,2001-12-01,Paraiba,Nordeste,70.0,False,70.0
2001,Dezembro,12,2001-12-01,Paraiba,Nordeste,85.0,False,85.0
2001,Dezembro,12,2001-12-01,Pernambuco,Nordeste,62.0,False,62.0
2001,Dezembro,12,2001-12-01,Piau,Nordeste,230.0,False,230.0
2001,Dezembro,12,2001-12-01,Rio,Sudeste,2.0,False,2.0
2001,Dezembro,12,2001-12-01,Rio,Sudeste,20.0,False,20.0
2001,Dezembro,12,2001-12-01,Rio,Sudeste,80.0,False,80.0
2001,Dezembro,12,2001-12-01,Rondonia,Norte,1.0,False,1.0
2001,Dezembro,12,2001-12-01,Roraima,Norte,76.0,False,76.0
2001,Dezembro,12,2001-12-01,Santa Catarina,Sul,45.0,False,45.0
2001,Dezembro,12,2001-12-01,Sao Paulo,Sudeste,52.0,False,52.0
2001,Dezembro,12,2001-12-01,Sergipe,Nordeste,5.0,False,5.0
2001,Dezembro,12,2001-12-01,Tocantins,Norte,21.0,False,21.0
2002,Janeiro,1,2002-01-01,Acre,Norte,0.0,False,0.0
2002,Janeiro,1,2002-01-01,Alagoas,Nordeste,12.0,False,12.0
2002,Janeiro,1,2002-01-01,Amapa,Norte,7.0,False,7.0
2002,Janeiro,1,2002-01-01,Amazonas,Norte,17.0,False,17.0
2002,Janeiro,1,2002-01-01,Bahia,Nordeste,125.0,False,125.0
2002,Janeiro,1,2002-01-01,Ceara,Nordeste,33.0,False,33.0
2002,Janeiro,1,2002-01-01,Distrito Federal,Centro-Oeste,0.0,False,0.0
2002,Janeiro,1,2002-01-01,Espirito Santo,Sudeste,2.0,False,2.0
2002,Janeiro,1,2002-01-01,Goias,Centro-Oeste,12.0,False,12.0
2002,Janeiro,1,2002-01-01,Maranhao,Nordeste,48.0,False,48.0
2002,Janeiro,1,2002-01-01,Mato Grosso,Centro-Oeste,172.0,False,172.0
2002,Janeiro,1,2002-01-01,Mato Grosso,Centro-Oeste,304.0,True,278.0
2002,Janeiro,1,2002-01-01,Minas Gerais,Sudeste,29.0,False,29.0
2002,Janeiro,1,2002-01-01,Para,Norte,144.0,False,144.0
2002,Janeiro,1,2002-01-01,Paraiba,Nordeste,5.0,False,5.0
2002,Janeiro,1,2002-01-01,Paraiba,Nordeste,47.0,False,47.0
2002,Janeiro,1,2002-01-01,Pernambuco,Nordeste,10.0,False,10.0
2002,Janeiro,1,2002-01-01,Piau,Nordeste,33.0,False,33.0
2002,Janeiro,1,2002-01-01,Rio,Sudeste,0.0,False,0.0
2002,Janeiro,1,2002-01-01,Rio,Sudeste,4.0,False,4.0
2002,Janeiro,1,2002-01-01,Rio,Sudeste,265.0,False,265.0
2002,Janeiro,1,2002-01-01,Rondonia,Norte,6.0,False,6.0
2002,Janeiro,1,2002-01-01,Roraima,Norte,302.0,True,278.0
2002,Janeiro,1,2002-01-01,Santa Catarina,Sul,22.0,False,22.0
2002,Janeiro,1,2002-01-01,Sao Paulo,Sudeste,19.0,False,19.0
2002,Janeiro,1,2002-01-01,Sergipe,Nordeste,1.0,False,1.0
2002,Janeiro,1,2002-01-01,Tocantins,Norte,35.0,False,35.0
2002,Fevereiro,2,2002-02-01,Acre,Norte,1.0,False,1.0
2002,Fevereiro,2,2002-02-01,Alagoas,Nordeste,15.0,False,15.0
2002,Fevereiro,2,2002-02-01,Amapa,Norte,2.0,False,2.0
2002,Fevereiro,2,2002-02-01,Amazonas,Norte,2.0,False,2.0
2002,Fevereiro,2,2002-02-01,Bahia,Nordeste,204.0,False,204.0
2002,Fevereiro,2,2002-02-01,Ceara,Nordeste,75.0,False,75.0
2002,Fevereiro,2,2002-02-01,Distrito Federal,Centro-Oeste,0.0,False,0.0
2002,Fevereiro,2,2002-02-01,Espirito Santo,Sudeste,4.0,False,4.0
2002,Fevereiro,2,2002-02-01,Goias,Centro-Oeste,9.0,False,9.0
2002,Fevereiro,2,2002-02-01,Maranhao,Nordeste,116.0,False,116.0
2002,Fevereiro,2,2002-02-01,Mato Grosso,Centro-Oeste,22.0,False,22.0
2002,Fevereiro,2,2002-02-01,Mato Grosso,Centro-Oeste,98.0,False,98.0
2002,Fevereiro,2,2002-02-01,Minas Gerais,Sudeste,62.0,False,62.0
2002,Fevereiro,2,2002-02-01,Para,Norte,120.0,False,120.0
2002,Fevereiro,2,2002-02-01,Paraiba,Nordeste,18.0,False,18.0
2002,Fevereiro,2,2002-02-01,Paraiba,Nordeste,24.0,False,24.0
2002,Fevereiro,2,2002-02-01,Pernambuco,Nordeste,19.0,False,19.0
2002,Fevereiro,2,2002-02-01,Piau,Nordeste,160.0,False,160.0
2002,Fevereiro,2,2002-02-01,Rio,Sudeste,1.0,False,1.0
2002,Fevereiro,2,2002-02-01,Rio,Sudeste,18.0,False,18.0
2002,Fevereiro,2,2002-02-01,Rio,Sudeste,38.0,False,38.0
2002,Fevereiro,2,2002-02-01,Rondonia,Norte,8.0,False,8.0
2002,Fevereiro,2,2002-02-01,Roraima,Norte,476.0,True,278.0
2002,Fevereiro,2,2002-02-01,Santa Catarina,Sul,5.0,False,5.0
2002,Fevereiro,2,2002-02-01,Sao Paulo,Sudeste,19.0,False,19.0
2002,Fevereiro,2,2002-02-01,Sergipe,Nordeste,6.0,False,6.0
2002,Fevereiro,2,2002-02-01,Tocantins,Norte,48.0,False,48.0
2002,Marco,3,2002-03-01,Acre,Norte,0.0,False,0.0
2002,Marco,3,2002-03-01,Alagoas,Nordeste,27.0,False,27.0
2002,Marco,3,2002-03-01,Amapa,Norte,0.0,False,0.0
2002,Marco,3,2002-03-01,Amazonas,Norte,5.0,False,5.0
2002,Marco,3,2002-03-01,Bahia,Nordeste,146.0,False,146.0
2002,Marco,3,2002-03-01,Ceara,Nordeste,17.0,False,17.0
2002,Marco,3,2002-03-01,Distrito Federal,Centro-Oeste,0.0,False,0.0
2002,Marco,3,2002-03-01,Espirito Santo,Sudeste,4.0,False,4.0
2002,Marco,3,2002-03-01,Goias,Centro-Oeste,48.0,False,48.0
2002,Marco,3,2002-03-01,Maranhao,Nordeste,16.0,False,16.0
2002,Marco,3,2002-03-01,Mato Grosso,Centro-Oeste,103.0,False,103.0
2002,Marco,3,2002-03-01,Mato Grosso,Centro-Oeste,115.0,False,115.0
2002,Marco,3,2002-03-01,Minas Gerais,Sudeste,62.0,False,62.0
2002,Marco,3,2002-03-01,Para,Norte,14.0,False,14.0
2002,Marco,3,2002-03-01,Paraiba,Nordeste,3.0,False,3.0
2002,Marco,3,2002-03-01,Paraiba,Nordeste,18.0,False,18.0
2002,Marco,3,2002-03-01,Pernambuco,Nordeste,24.0,False,24.0
2002,Marco,3,2002-03-01,Piau,Nordeste,63.0,False,63.0
2002,Marco,3,2002-03-01,Rio,Sudeste,1.0,False,1.0
2002,Marco,3,2002-03-01,Rio,Sudeste,3.0,False,3.0
2002,Marco,3,2002-03-01,Rio,Sudeste,26.0,False,26.0
2002,Marco,3,2002-03-01,Rondonia,Norte,1.0,False,1.0
2002,Marco,3,2002-03-01,Roraima,Norte,820.0,True,278.0
2002,Marco,3,2002-03-01,Santa Catarina,Sul,12.0,False,12.0
2002,Marco,3,2002-03-01,Sao Paulo,Sudeste,111.0,False,111.0
2002,Marco,3,2002-03-01,Sergipe,Nordeste,7.0,False,7.0
2002,Marco,3,2002-03-01,Tocantins,Norte,33.0,False,33.0
2002,Abril,4,2002-04-01,Acre,Norte,0.0,False,0.0
2002,Abril,4,2002-04-01,Alagoas,Nordeste,6.0,False,6.0
2002,Abril,4,2002-04-01,Amapa,Norte,0.0,False,0.0
2002,Abril,4,2002-04-01,Amazonas,Norte,2.0,False,2.0
2002,Abril,4,2002-04-01,Bahia,Nordeste,110.0,False,110.0
2002,Abril,4,2002-04-01,Ceara,Nordeste,5.0,False,5.0
2002,Abril,4,2002-04-01,Distrito Federal,Centro-Oeste,1.0,False,1.0
2002,Abril,4,2002-04-01,Espirito Santo,Sudeste,2.0,False,2.0
2002,Abril,4,2002-04-01,Goias,Centro-Oeste,78.0,False,78.0
2002,Abril,4,2002-04-01,Maranhao,Nordeste,28.0,False,28.0
2002,Abril,4,2002-04-01,Mato Grosso,Centro-Oeste,641.0,True,278.0
2002,Abril,4,2002-04-01,Mato Grosso,Centro-Oeste,230.0,False,230.0
2002,Abril,4,2002-04-01,Minas Gerais,Sudeste,99.0,False,99.0
2002,Abril,4,2002-04-01,Para,Norte,11.0,False,11.0
2002,Abril,4,2002-04-01,Paraiba,Nordeste,1.0,False,1.0
2002,Abril,4,2002-04-01,Paraiba,Nordeste,84.0,False,84.0
2002,Abril,4,2002-04-01,Pernambuco,Nordeste,5.0,False,5.0
2002,Abril,4,2002-04-01,Piau,Nordeste,87.0,False,87.0
2002,Abril,4,2002-04-01,Rio,Sudeste,8.0,False,8.0
2002,Abril,4,2002-04-01,Rio,Sudeste,0.0,False,0.0
2002,Abril,4,2002-04-01,Rio,Sudeste,6.0,False,6.0
2002,Abril,4,2002-04-01,Rondonia,Norte,3.0,False,3.0
2002,Abril,4,2002-04-01,Roraima,Norte,41.0,False,41.0
2002,Abril,4,2002-04-01,Santa Catarina,Sul,7.0,False,7.0
2002,Abril,4,2002-04-01,Sao Paulo,Sudeste,178.0,False,178.0
2002,Abril,4,2002-04-01,Sergipe,Nordeste,12.0,False,12.0
2002,Abril,4,2002-04-01,Tocantins,Norte,37.0,False,37.0
2002,Maio,5,2002-05-01,Acre,Norte,0.0,False,0.0
2002,Maio,5,2002-05-01,Alagoas,Nordeste,1.0,False,1.0
2002,Maio,5,2002-05-01,Amapa,Norte,3.0,False,3.0
2002,Maio,5,2002-05-01,Amazonas,Norte,8.0,False,8.0
2002,Maio,5,2002-05-01,Bahia,Nordeste,166.0,False,166.0
2002,Maio,5,2002-05-01,Ceara,Nordeste,10.0,False,10.0
2002,Maio,5,2002-05-01,Distrito Federal,Centro-Oeste,1.0,False,1.0
2002,Maio,5,2002-05-01,Espirito Santo,Sudeste,5.0,False,5.0
2002,Maio,5,2002-05-01,Goias,Centro-Oeste,171.0,False,171.0
2002,Maio,5,2002-05-01,Maranhao,Nordeste,71.0,False,71.0
2002,Maio,5,2002-05-01,Mato Grosso,Centro-Oeste,2.528,False,2.528
2002,Maio,5,2002-05-01,Mato Grosso,Centro-Oeste,88.0,False,88.0
2002,Maio,5,2002-05-01,Minas Gerais,Sudeste,98.0,False,98.0
2002,Maio,5,2002-05-01,Para,Norte,18.0,False,18.0
2002,Maio,5,2002-05-01,Paraiba,Nordeste,1.0,False,1.0
2002,Maio,5,2002-05-01,Paraiba,Nordeste,65.0,False,65.0
2002,Maio,5,2002-05-01,Pernambuco,Nordeste,13.0,False,13.0
2002,Maio,5,2002-05-01,Piau,Nordeste,84.0,False,84.0
2002,Maio,5,2002-05-01,Rio,Sudeste,4.0,False,4.0
2002,Maio,5,2002-05-01,Rio,Sudeste,6.0,False,6.0
2002,Maio,5,2002-05-01,Rio,Sudeste,7.0,False,7.0
2002,Maio,5,2002-05-01,Rondonia,Norte,10.0,False,10.0
2002,Maio,5,2002-05-01,Roraima,Norte,0.0,False,0.0
2002,Maio,5,2002-05-01,Santa Catarina,Sul,3.0,False,3.0
2002,Maio,5,2002-05-01,Sao Paulo,Sudeste,319.0,True,278.0
2002,Maio,5,2002-05-01,Sergipe,Nordeste,0.0,False,0.0
2002,Maio,5,2002-05-01,Tocantins,Norte,138.0,False,138.0
2002,Junho,6,2002-06-01,Acre,Norte,0.0,False,0.0
2002,Junho,6,2002-06-01,Alagoas,Nordeste,0.0,False,0.0
2002,Junho,6,2002-06-01,Amapa,Norte,0.0,False,0.0
2002,Junho,6,2002-06-01,Amazonas,Norte,5.0,False,5.0
2002,Junho,6,2002-06-01,Bahia,Nordeste,118.0,False,118.0
2002,Junho,6,2002-06-01,Ceara,Nordeste,13.0,False,13.0
2002,Junho,6,2002-06-01,Distrito Federal,Centro-Oeste,7.0,False,7.0
2002,Junho,6,2002-06-01,Espirito Santo,Sudeste,18.0,False,18.0
2002,Junho,6,2002-06-01,Goias,Centro-Oeste,302.0,True,278.0
2002,Junho,6,2002-06-01,Maranhao,Nordeste,230.0,False,230.0
2002,Junho,6,2002-06-01,Mato Grosso,Centro-Oeste,7.878,False,7.878
2002,Junho,6,2002-06-01,Mato Grosso,Centro-Oeste,517.0,True,278.0
2002,Junho,6,2002-06-01,Minas Gerais,Sudeste,207.0,False,207.0
2002,Junho,6,2002-06-01,Para,Norte,149.0,False,149.0
2002,Junho,6,2002-06-01,Paraiba,Nordeste,1.0,False,1.0
2002,Junho,6,2002-06-01,Paraiba,Nordeste,115.0,False,115.0
2002,Junho,6,2002-06-01,Pernambuco,Nordeste,1.0,False,1.0
2002,Junho,6,2002-06-01,Piau,Nordeste,161.0,False,161.0
2002,Junho,6,2002-06-01,Rio,Sudeste,13.0,False,13.0
2002,Junho,6,2002-06-01,Rio,Sudeste,1.0,False,1.0
2002,Junho,6,2002-06-01,Rio,Sudeste,4.0,False,4.0
2002,Junho,6,2002-06-01,Rondonia,Norte,141.0,False,141.0
2002,Junho,6,2002-06-01,Roraima,Norte,0.0,False,0.0
2002,Junho,6,2002-06-01,Santa Catarina,Sul,0.0,False,0.0
2002,Junho,6,2002-06-01,Sao Paulo,Sudeste,562.0,True,278.0
2002,Junho,6,2002-06-01,Sergipe,Nordeste,0.0,False,0.0
2002,Junho,6,2002-06-01,Tocantins,Norte,396.0,True,278.0
2002,Julho,7,2002-07-01,Acre,Norte,39.0,False,39.0
2002,Julho,7,2002-07-01,Alagoas,Nordeste,5.0,False,5.0
2002,Julho,7,2002-07-01,Amapa,Norte,1.0,False,1.0
2002,Julho,7,2002-07-01,Amazonas,Norte,146.0,False,146.0
2002,Julho,7,2002-07-01,Bahia,Nordeste,549.0,True,278.0
2002,Julho,7,2002-07-01,Ceara,Nordeste,12.0,False,12.0
2002,Julho,7,2002-07-01,Distrito Federal,Centro-Oeste,33.0,False,33.0
2002,Julho,7,2002-07-01,Espirito Santo,Sudeste,9.0,False,9.0
2002,Julho,7,2002-07-01,Goias,Centro-Oeste,686.0,True,278.0
2002,Julho,7,2002-07-01,Maranhao,Nordeste,1.271,False,1.271
2002,Julho,7,2002-07-01,Mato Grosso,Centro-Oeste,5.661,False,5.661
2002,Julho,7,2002-07-01,Mato Grosso,Centro-Oeste,935.0,True,278.0
2002,Julho,7,2002-07-01,Minas Gerais,Sudeste,741.0,True,278.0
2002,Julho,7,2002-07-01,Para,Norte,772.0,True,278.0
2002,Julho,7,2002-07-01,Paraiba,Nordeste,8.0,False,8.0
2002,Julho,7,2002-07-01,Paraiba,Nordeste,172.0,False,172.0
2002,Julho,7,2002-07-01,Pernambuco,Nordeste,8.0,False,8.0
2002,Julho,7,2002-07-01,Piau,Nordeste,534.0,True,278.0
2002,Julho,7,2002-07-01,Rio,Sudeste,17.0,False,17.0
2002,Julho,7,2002-07-01,Rio,Sudeste,7.0,False,7.0
2002,Julho,7,2002-07-01,Rio,Sudeste,93.0,False,93.0
2002,Julho,7,2002-07-01,Rondonia,Norte,539.0,True,278.0
2002,Julho,7,2002-07-01,Roraima,Norte,7.0,False,7.0
2002,Julho,7,2002-07-01,Santa Catarina,Sul,82.0,False,82.0
2002,Julho,7,2002-07-01,Sao Paulo,Sudeste,448.0,True,278.0
2002,Julho,7,2002-07-01,Sergipe,Nordeste,0.0,False,0.0
2002,Julho,7,2002-07-01,Tocantins,Norte,976.0,True,278.0
2002,Agosto,8,2002-08-01,Acre,Norte,728.0,True,278.0
2002,Agosto,8,2002-08-01,Alagoas,Nordeste,3.0,False,3.0
2002,Agosto,8,2002-08-01,Amapa,Norte,18.0,False,18.0
2002,Agosto,8,2002-08-01,Amazonas,Norte,741.0,True,278.0
2002,Agosto,8,2002-08-01,Bahia,Nordeste,1.827,False,1.827
2002,Agosto,8,2002-08-01,Ceara,Nordeste,111.0,False,111.0
2002,Agosto,8,2002-08-01,Distrito Federal,Centro-Oeste,53.0,False,53.0
2002,Agosto,8,2002-08-01,Espirito Santo,Sudeste,60.0,False,60.0
2002,Agosto,8,2002-08-01,Goias,Centro-Oeste,1.428,False,1.428
2002,Agosto,8,2002-08-01,Maranhao,Nordeste,3.481,False,3.481
2002,Agosto,8,2002-08-01,Mato Grosso,Centro-Oeste,14.086,False,14.086
2002,Agosto,8,2002-08-01,Mato Grosso,Centro-Oeste,3.984,False,3.984
2002,Agosto,8,2002-08-01,Minas Gerais,Sudeste,2.041,False,2.041
2002,Agosto,8,2002-08-01,Para,Norte,15.664,False,15.664
2002,Agosto,8,2002-08-01,Paraiba,Nordeste,38.0,False,38.0
2002,Agosto,8,2002-08-01,Paraiba,Nordeste,1.593,False,1.593
2002,Agosto,8,2002-08-01,Pernambuco,Nordeste,37.0,False,37.0
2002,Agosto,8,2002-08-01,Piau,Nordeste,2.28,False,2.28
2002,Agosto,8,2002-08-01,Rio,Sudeste,184.0,False,184.0
2002,Agosto,8,2002-08-01,Rio,Sudeste,48.0,False,48.0
2002,Agosto,8,2002-08-01,Rio,Sudeste,824.0,True,278.0
2002,Agosto,8,2002-08-01,Rondonia,Norte,3.465,False,3.465
2002,Agosto,8,2002-08-01,Roraima,Norte,7.0,False,7.0
2002,Agosto,8,2002-08-01,Santa Catarina,Sul,702.0,True,278.0
2002,Agosto,8,2002-08-01,Sao Paulo,Sudeste,719.0,True,278.0
2002,Agosto,8,2002-08-01,Sergipe,Nordeste,2.0,False,2.0
2002,Agosto,8,2002-08-01,Tocantins,Norte,3.027,False,3.027
2002,Setembro,9,2002-09-01,Acre,Norte,1.949,False,1.949
2002,Setembro,9,2002-09-01,Alagoas,Nordeste,14.0,False,14.0
2002,Setembro,9,2002-09-01,Amapa,Norte,73.0,False,73.0
2002,Setembro,9,2002-09-01,Amazonas,Norte,928.0,True,278.0
2002,Setembro,9,2002-09-01,Bahia,Nordeste,6.439,False,6.439
2002,Setembro,9,2002-09-01,Ceara,Nordeste,172.0,False,172.0
2002,Setembro,9,2002-09-01,Distrito Federal,Centro-Oeste,33.0,False,33.0
2002,Setembro,9,2002-09-01,Espirito Santo,Sudeste,46.0,False,46.0
2002,Setembro,9,2002-09-01,Goias,Centro-Oeste,3.52,False,3.52
2002,Setembro,9,2002-09-01,Maranhao,Nordeste,3.181,False,3.181
2002,Setembro,9,2002-09-01,Mato Grosso,Centro-Oeste,11.034,False,11.034
2002,Setembro,9,2002-09-01,Mato Grosso,Centro-Oeste,2.252,False,2.252
2002,Setembro,9,2002-09-01,Minas Gerais,Sudeste,3.1,False,3.1
2002,Setembro,9,2002-09-01,Para,Norte,5.609,False,5.609
2002,Setembro,9,2002-09-01,Paraiba,Nordeste,63.0,False,63.0
2002,Setembro,9,2002-09-01,Paraiba,Nordeste,1.071,False,1.071
2002,Setembro,9,2002-09-01,Pernambuco,Nordeste,374.0,True,278.0
2002,Setembro,9,2002-09-01,Piau,Nordeste,2.475,False,2.475
2002,Setembro,9,2002-09-01,Rio,Sudeste,45.0,False,45.0
2002,Setembro,9,2002-09-01,Rio,Sudeste,52.0,False,52.0
2002,Setembro,9,2002-09-01,Rio,Sudeste,226.0,False,226.0
2002,Setembro,9,2002-09-01,Rondonia,Norte,7.067,False,7.067
2002,Setembro,9,2002-09-01,Roraima,Norte,48.0,False,48.0
2002,Setembro,9,2002-09-01,Santa Catarina,Sul,416.0,True,278.0
2002,Setembro,9,2002-09-01,Sao Paulo,Sudeste,302.0,True,278.0
2002,Setembro,9,2002-09-01,Sergipe,Nordeste,0.0,False,0.0
2002,Setembro,9,2002-09-01,Tocantins,Norte,5.314,False,5.314
2002,Outubro,10,2002-10-01,Acre,Norte,687.0,True,278.0
2002,Outubro,10,2002-10-01,Alagoas,Nordeste,30.0,False,30.0
2002,Outubro,10,2002-10-01,Amapa,Norte,557.0,True,278.0
2002,Outubro,10,2002-10-01,Amazonas,Norte,695.0,True,278.0
2002,Outubro,10,2002-10-01,Bahia,Nordeste,5.414,False,5.414
2002,Outubro,10,2002-10-01,Ceara,Nordeste,1.606,False,1.606
2002,Outubro,10,2002-10-01,Distrito Federal,Centro-Oeste,19.0,False,19.0
2002,Outubro,10,2002-10-01,Espirito Santo,Sudeste,113.0,False,113.0
2002,Outubro,10,2002-10-01,Goias,Centro-Oeste,1.367,False,1.367
2002,Outubro,10,2002-10-01,Maranhao,Nordeste,5.182,False,5.182
2002,Outubro,10,2002-10-01,Mato Grosso,Centro-Oeste,9.375,False,9.375
2002,Outubro,10,2002-10-01,Mato Grosso,Centro-Oeste,2.173,False,2.173
2002,Outubro,10,2002-10-01,Minas Gerais,Sudeste,4.788,False,4.788
2002,Outubro,10,2002-10-01,Para,Norte,5.189,False,5.189
2002,Outubro,10,2002-10-01,Paraiba,Nordeste,193.0,False,193.0
2002,Outubro,10,2002-10-01,Paraiba,Nordeste,399.0,True,278.0
2002,Outubro,10,2002-10-01,Pernambuco,Nordeste,638.0,True,278.0
2002,Outubro,10,2002-10-01,Piau,Nordeste,2.757,False,2.757
2002,Outubro,10,2002-10-01,Rio,Sudeste,313.0,True,278.0
2002,Outubro,10,2002-10-01,Rio,Sudeste,140.0,False,140.0
2002,Outubro,10,2002-10-01,Rio,Sudeste,10.0,False,10.0
2002,Outubro,10,2002-10-01,Rondonia,Norte,3.554,False,3.554
2002,Outubro,10,2002-10-01,Roraima,Norte,191.0,False,191.0
2002,Outubro,10,2002-10-01,Santa Catarina,Sul,42.0,False,42.0
2002,Outubro,10,2002-10-01,Sao Paulo,Sudeste,733.0,True,278.0
2002,Outubro,10,2002-10-01,Sergipe,Nordeste,20.0,False,20.0
2002,Outubro,10,2002-10-01,Tocantins,Norte,1.537,False,1.537
2002,Novembro,11,2002-11-01,Acre,Norte,86.0,False,86.0
2002,Novembro,11,2002-11-01,Alagoas,Nordeste,50.0,False,50.0
2002,Novembro,11,2002-11-01,Amapa,Norte,1.096,False,1.096
2002,Novembro,11,2002-11-01,Amazonas,Norte,259.0,False,259.0
2002,Novembro,11,2002-11-01,Bahia,Nordeste,1.02,False,1.02
2002,Novembro,11,2002-11-01,Ceara,Nordeste,2.715,False,2.715
2002,Novembro,11,2002-11-01,Distrito Federal,Centro-Oeste,1.0,False,1.0
2002,Novembro,11,2002-11-01,Espirito Santo,Sudeste,22.0,False,22.0
2002,Novembro,11,2002-11-01,Goias,Centro-Oeste,192.0,False,192.0
2002,Novembro,11,2002-11-01,Maranhao,Nordeste,5.83,False,5.83
2002,Novembro,11,2002-11-01,Mato Grosso,Centro-Oeste,2.905,False,2.905
2002,Novembro,11,2002-11-01,Mato Grosso,Centro-Oeste,1.47,False,1.47
2002,Novembro,11,2002-11-01,Minas Gerais,Sudeste,417.0,True,278.0
2002,Novembro,11,2002-11-01,Para,Norte,7.996,False,7.996
2002,Novembro,11,2002-11-01,Paraiba,Nordeste,238.0,False,238.0
2002,Novembro,11,2002-11-01,Paraiba,Nordeste,425.0,True,278.0
2002,Novembro,11,2002-11-01,Pernambuco,Nordeste,521.0,True,278.0
2002,Novembro,11,2002-11-01,Piau,Nordeste,1.174,False,1.174
2002,Novembro,11,2002-11-01,Rio,Sudeste,11.0,False,11.0
2002,Novembro,11,2002-11-01,Rio,Sudeste,178.0,False,178.0
2002,Novembro,11,2002-11-01,Rio,Sudeste,117.0,False,117.0
2002,Novembro,11,2002-11-01,Rondonia,Norte,639.0,True,278.0
2002,Novembro,11,2002-11-01,Roraima,Norte,133.0,False,133.0
2002,Novembro,11,2002-11-01,Santa Catarina,Sul,348.0,True,278.0
2002,Novembro,11,2002-11-01,Sao Paulo,Sudeste,72.0,False,72.0
2002,Novembro,11,2002-11-01,Sergipe,Nordeste,57.0,False,57.0
2002,Novembro,11,2002-11-01,Tocantins,Norte,207.0,False,207.0
2002,Dezembro,12,2002-12-01,Acre,Norte,1.0,False,1.0
2002,Dezembro,12,2002-12-01,Alagoas,Nordeste,95.0,False,95.0
2002,Dezembro,12,2002-12-01,Amapa,Norte,200.0,False,200.0
2002,Dezembro,12,2002-12-01,Amazonas,Norte,44.0,False,44.0
2002,Dezembro,12,2002-12-01,Bahia,Nordeste,848.0,True,278.0
2002,Dezembro,12,2002-12-01,Ceara,Nordeste,1.787,False,1.787
2002,Dezembro,12,2002-12-01,Distrito Federal,Centro-Oeste,1.0,False,1.0
2002,Dezembro,12,2002-12-01,Espirito Santo,Sudeste,12.0,False,12.0
2002,Dezembro,12,2002-12-01,Goias,Centro-Oeste,115.0,False,115.0
2002,Dezembro,12,2002-12-01,Maranhao,Nordeste,2.165,False,2.165
2002,Dezembro,12,2002-12-01,Mato Grosso,Centro-Oeste,1.157,False,1.157
2002,Dezembro,12,2002-12-01,Mato Grosso,Centro-Oeste,376.0,True,278.0
2002,Dezembro,12,2002-12-01,Minas Gerais,Sudeste,225.0,False,225.0
2002,Dezembro,12,2002-12-01,Para,Norte,3.118,False,3.118
2002,Dezembro,12,2002-12-01,Paraiba,Nordeste,163.0,False,163.0
2002,Dezembro,12,2002-12-01,Paraiba,Nordeste,165.0,False,165.0
2002,Dezembro,12,2002-12-01,Pernambuco,Nordeste,259.0,False,259.0
2002,Dezembro,12,2002-12-01,Piau,Nordeste,373.0,True,278.0
2002,Dezembro,12,2002-12-01,Rio,Sudeste,8.0,False,8.0
2002,Dezembro,12,2002-12-01,Rio,Sudeste,222.0,False,222.0
2002,Dezembro,12,2002-12-01,Rio,Sudeste,45.0,False,45.0
2002,Dezembro,12,2002-12-01,Rondonia,Norte,91.0,False,91.0
2002,Dezembro,12,2002-12-01,Roraima,Norte,199.0,False,199.0
2002,Dezembro,12,2002-12-01,Santa Catarina,Sul,76.0,False,76.0
2002,Dezembro,12,2002-12-01,Sao Paulo,Sudeste,57.0,False,57.0
2002,Dezembro,12,2002-12-01,Sergipe,Nordeste,103.0,False,103.0
2002,Dezembro,12,2002-12-01,Tocantins,Norte,39.0,False,39.0
2003,Janeiro,1,2003-01-01,Acre,Norte,10.0,False,10.0
2003,Janeiro,1,2003-01-01,Alagoas,Nordeste,150.0,False,150.0
2003,Janeiro,1,2003-01-01,Amapa,Norte,31.0,False,31.0
2003,Janeiro,1,2003-01-01,Amazonas,Norte,158.0,False,158.0
2003,Janeiro,1,2003-01-01,Bahia,Nordeste,439.0,True,278.0
2003,Janeiro,1,2003-01-01,Ceara,Nordeste,264.0,False,264.0
2003,Janeiro,1,2003-01-01,Distrito Federal,Centro-Oeste,0.0,False,0.0
2003,Janeiro,1,2003-01-01,Espirito Santo,Sudeste,4.0,False,4.0
2003,Janeiro,1,2003-01-01,Goias,Centro-Oeste,14.0,False,14.0
2003,Janeiro,1,2003-01-01,Maranhao,Nordeste,436.0,True,278.0
2003,Janeiro,1,2003-01-01,Mato Grosso,Centro-Oeste,896.0,True,278.0
2003,Janeiro,1,2003-01-01,Mato Grosso,Centro-Oeste,182.0,False,182.0
2003,Janeiro,1,2003-01-01,Minas Gerais,Sudeste,37.0,False,37.0
2003,Janeiro,1,2003-01-01,Para,Norte,900.0,True,278.0
2003,Janeiro,1,2003-01-01,Paraiba,Nordeste,70.0,False,70.0
2003,Janeiro,1,2003-01-01,Paraiba,Nordeste,109.0,False,109.0
2003,Janeiro,1,2003-01-01,Pernambuco,Nordeste,188.0,False,188.0
2003,Janeiro,1,2003-01-01,Piau,Nordeste,86.0,False,86.0
2003,Janeiro,1,2003-01-01,Rio,Sudeste,0.0,False,0.0
2003,Janeiro,1,2003-01-01,Rio,Sudeste,113.0,False,113.0
2003,Janeiro,1,2003-01-01,Rio,Sudeste,58.0,False,58.0
2003,Janeiro,1,2003-01-01,Rondonia,Norte,62.0,False,62.0
2003,Janeiro,1,2003-01-01,Roraima,Norte,547.0,True,278.0
2003,Janeiro,1,2003-01-01,Santa Catarina,Sul,45.0,False,45.0
2003,Janeiro,1,2003-01-01,Sao Paulo,Sudeste,59.0,False,59.0
2003,Janeiro,1,2003-01-01,Sergipe,Nordeste,198.0,False,198.0
2003,Janeiro,1,2003-01-01,Tocantins,Norte,35.0,False,35.0
2003,Fevereiro,2,2003-02-01,Acre,Norte,0.0,False,0.0
2003,Fevereiro,2,2003-02-01,Alagoas,Nordeste,33.0,False,33.0
2003,Fevereiro,2,2003-02-01,Amapa,Norte,0.0,False,0.0
2003,Fevereiro,2,2003-02-01,Amazonas,Norte,62.0,False,62.0
2003,Fevereiro,2,2003-02-01,Bahia,Nordeste,223.0,False,223.0
2003,Fevereiro,2,2003-02-01,Ceara,Nordeste,9.0,False,9.0
2003,Fevereiro,2,2003-02-01,Distrito Federal,Centro-Oeste,1.0,False,1.0
2003,Fevereiro,2,2003-02-01,Espirito Santo,Sudeste,11.0,False,11.0
2003,Fevereiro,2,2003-02-01,Goias,Centro-Oeste,47.0,False,47.0
2003,Fevereiro,2,2003-02-01,Maranhao,Nordeste,11.0,False,11.0
2003,Fevereiro,2,2003-02-01,Mato Grosso,Centro-Oeste,592.0,True,278.0
2003,Fevereiro,2,2003-02-01,Mato Grosso,Centro-Oeste,108.0,False,108.0
2003,Fevereiro,2,2003-02-01,Minas Gerais,Sudeste,126.0,False,126.0
2003,Fevereiro,2,2003-02-01,Para,Norte,34.0,False,34.0
2003,Fevereiro,2,2003-02-01,Paraiba,Nordeste,3.0,False,3.0
2003,Fevereiro,2,2003-02-01,Paraiba,Nordeste,46.0,False,46.0
2003,Fevereiro,2,2003-02-01,Pernambuco,Nordeste,35.0,False,35.0
2003,Fevereiro,2,2003-02-01,Piau,Nordeste,3.0,False,3.0
2003,Fevereiro,2,2003-02-01,Rio,Sudeste,10.0,False,10.0
2003,Fevereiro,2,2003-02-01,Rio,Sudeste,9.0,False,9.0
2003,Fevereiro,2,2003-02-01,Rio,Sudeste,13.0,False,13.0
2003,Fevereiro,2,2003-02-01,Rondonia,Norte,10.0,False,10.0
2003,Fevereiro,2,2003-02-01,Roraima,Norte,767.0,True,278.0
2003,Fevereiro,2,2003-02-01,Santa Catarina,Sul,43.0,False,43.0
2003,Fevereiro,2,2003-02-01,Sao Paulo,Sudeste,137.0,False,137.0
2003,Fevereiro,2,2003-02-01,Sergipe,Nordeste,50.0,False,50.0
2003,Fevereiro,2,2003-02-01,Tocantins,Norte,15.0,False,15.0
2003,Marco,3,2003-03-01,Acre,Norte,0.0,False,0.0
2003,Marco,3,2003-03-01,Alagoas,Nordeste,15.0,False,15.0
2003,Marco,3,2003-03-01,Amapa,Norte,1.0,False,1.0
2003,Marco,3,2003-03-01,Amazonas,Norte,64.0,False,64.0
2003,Marco,3,2003-03-01,Bahia,Nordeste,274.0,False,274.0
2003,Marco,3,2003-03-01,Ceara,Nordeste,3.0,False,3.0
2003,Marco,3,2003-03-01,Distrito Federal,Centro-Oeste,0.0,False,0.0
2003,Marco,3,2003-03-01,Espirito Santo,Sudeste,28.0,False,28.0
2003,Marco,3,2003-03-01,Goias,Centro-Oeste,29.0,False,29.0
2003,Marco,3,2003-03-01,Maranhao,Nordeste,16.0,False,16.0
2003,Marco,3,2003-03-01,Mato Grosso,Centro-Oeste,554.0,True,278.0
2003,Marco,3,2003-03-01,Mato Grosso,Centro-Oeste,137.0,False,137.0
2003,Marco,3,2003-03-01,Minas Gerais,Sudeste,81.0,False,81.0
2003,Marco,3,2003-03-01,Para,Norte,27.0,False,27.0
2003,Marco,3,2003-03-01,Paraiba,Nordeste,0.0,False,0.0
2003,Marco,3,2003-03-01,Paraiba,Nordeste,76.0,False,76.0
2003,Marco,3,2003-03-01,Pernambuco,Nordeste,9.0,False,9.0
2003,Marco,3,2003-03-01,Piau,Nordeste,15.0,False,15.0
2003,Marco,3,2003-03-01,Rio,Sudeste,23.0,False,23.0
2003,Marco,3,2003-03-01,Rio,Sudeste,1.0,False,1.0
2003,Marco,3,2003-03-01,Rio,Sudeste,27.0,False,27.0
2003,Marco,3,2003-03-01,Rondonia,Norte,13.0,False,13.0
2003,Marco,3,2003-03-01,Roraima,Norte,1.131,False,1.131
2003,Marco,3,2003-03-01,Santa Catarina,Sul,58.0,False,58.0
2003,Marco,3,2003-03-01,Sao Paulo,Sudeste,86.0,False,86.0
2003,Marco,3,2003-03-01,Sergipe,Nordeste,62.0,False,62.0
2003,Marco,3,2003-03-01,Tocantins,Norte,19.0,False,19.0
2003,Abril,4,2003-04-01,Acre,Norte,1.0,False,1.0
2003,Abril,4,2003-04-01,Alagoas,Nordeste,20.0,False,20.0
2003,Abril,4,2003-04-01,Amapa,Norte,2.0,False,2.0
2003,Abril,4,2003-04-01,Amazonas,Norte,11.0,False,11.0
2003,Abril,4,2003-04-01,Bahia,Nordeste,376.0,True,278.0
2003,Abril,4,2003-04-01,Ceara,Nordeste,3.0,False,3.0
2003,Abril,4,2003-04-01,Distrito Federal,Centro-Oeste,0.0,False,0.0
2003,Abril,4,2003-04-01,Espirito Santo,Sudeste,22.0,False,22.0
2003,Abril,4,2003-04-01,Goias,Centro-Oeste,87.0,False,87.0
2003,Abril,4,2003-04-01,Maranhao,Nordeste,79.0,False,79.0
2003,Abril,4,2003-04-01,Mato Grosso,Centro-Oeste,903.0,True,278.0
2003,Abril,4,2003-04-01,Mato Grosso,Centro-Oeste,126.0,False,126.0
2003,Abril,4,2003-04-01,Minas Gerais,Sudeste,215.0,False,215.0
2003,Abril,4,2003-04-01,Para,Norte,14.0,False,14.0
2003,Abril,4,2003-04-01,Paraiba,Nordeste,0.0,False,0.0
2003,Abril,4,2003-04-01,Paraiba,Nordeste,130.0,False,130.0
2003,Abril,4,2003-04-01,Pernambuco,Nordeste,7.0,False,7.0
2003,Abril,4,2003-04-01,Piau,Nordeste,22.0,False,22.0
2003,Abril,4,2003-04-01,Rio,Sudeste,11.0,False,11.0
2003,Abril,4,2003-04-01,Rio,Sudeste,2.0,False,2.0
2003,Abril,4,2003-04-01,Rio,Sudeste,30.0,False,30.0
2003,Abril,4,2003-04-01,Rondonia,Norte,10.0,False,10.0
2003,Abril,4,2003-04-01,Roraima,Norte,268.0,False,268.0
2003,Abril,4,2003-04-01,Santa Catarina,Sul,120.0,False,120.0
2003,Abril,4,2003-04-01,Sao Paulo,Sudeste,106.0,False,106.0
2003,Abril,4,2003-04-01,Sergipe,Nordeste,48.0,False,48.0
2003,Abril,4,2003-04-01,Tocantins,Norte,64.0,False,64.0
2003,Maio,5,2003-05-01,Acre,Norte,6.0,False,6.0
2003,Maio,5,2003-05-01,Alagoas,Nordeste,1.0,False,1.0
2003,Maio,5,2003-05-01,Amapa,Norte,0.0,False,0.0
2003,Maio,5,2003-05-01,Amazonas,Norte,2.0,False,2.0
2003,Maio,5,2003-05-01,Bahia,Nordeste,106.0,False,106.0
2003,Maio,5,2003-05-01,Ceara,Nordeste,0.0,False,0.0
2003,Maio,5,2003-05-01,Distrito Federal,Centro-Oeste,0.0,False,0.0
2003,Maio,5,2003-05-01,Espirito Santo,Sudeste,1.0,False,1.0
2003,Maio,5,2003-05-01,Goias,Centro-Oeste,57.0,False,57.0
2003,Maio,5,2003-05-01,Maranhao,Nordeste,60.0,False,60.0
2003,Maio,5,2003-05-01,Mato Grosso,Centro-Oeste,942.0,True,278.0
2003,Maio,5,2003-05-01,Mato Grosso,Centro-Oeste,74.0,False,74.0
2003,Maio,5,2003-05-01,Minas Gerais,Sudeste,75.0,False,75.0
2003,Maio,5,2003-05-01,Para,Norte,3.0,False,3.0
2003,Maio,5,2003-05-01,Paraiba,Nordeste,0.0,False,0.0
2003,Maio,5,2003-05-01,Paraiba,Nordeste,115.0,False,115.0
2003,Maio,5,2003-05-01,Pernambuco,Nordeste,1.0,False,1.0
2003,Maio,5,2003-05-01,Piau,Nordeste,13.0,False,13.0
2003,Maio,5,2003-05-01,Rio,Sudeste,1.0,False,1.0
2003,Maio,5,2003-05-01,Rio,Sudeste,0.0,False,0.0
2003,Maio,5,2003-05-01,Rio,Sudeste,18.0,False,18.0
2003,Maio,5,2003-05-01,Rondonia,Norte,21.0,False,21.0
2003,Maio,5,2003-05-01,Roraima,Norte,0.0,False,0.0
2003,Maio,5,2003-05-01,Santa Catarina,Sul,84.0,False,84.0
2003,Maio,5,2003-05-01,Sao Paulo,Sudeste,69.0,False,69.0
2003,Maio,5,2003-05-01,Sergipe,Nordeste,2.0,False,2.0
2003,Maio,5,2003-05-01,Tocantins,Norte,96.0,False,96.0
2003,Junho,6,2003-06-01,Acre,Norte,0.0,False,0.0
2003,Junho,6,2003-06-01,Alagoas,Nordeste,0.0,False,0.0
2003,Junho,6,2003-06-01,Amapa,Norte,0.0,False,0.0
2003,Junho,6,2003-06-01,Amazonas,Norte,3.0,False,3.0
2003,Junho,6,2003-06-01,Bahia,Nordeste,140.0,False,140.0
2003,Junho,6,2003-06-01,Ceara,Nordeste,2.0,False,2.0
2003,Junho,6,2003-06-01,Distrito Federal,Centro-Oeste,11.0,False,11.0
2003,Junho,6,2003-06-01,Espirito Santo,Sudeste,19.0,False,19.0
2003,Junho,6,2003-06-01,Goias,Centro-Oeste,321.0,True,278.0
2003,Junho,6,2003-06-01,Maranhao,Nordeste,338.0,True,278.0
2003,Junho,6,2003-06-01,Mato Grosso,Centro-Oeste,4.313,False,4.313
2003,Junho,6,2003-06-01,Mato Grosso,Centro-Oeste,170.0,False,170.0
2003,Junho,6,2003-06-01,Minas Gerais,Sudeste,245.0,False,245.0
2003,Junho,6,2003-06-01,Para,Norte,64.0,False,64.0
2003,Junho,6,2003-06-01,Paraiba,Nordeste,0.0,False,0.0
2003,Junho,6,2003-06-01,Paraiba,Nordeste,159.0,False,159.0
2003,Junho,6,2003-06-01,Pernambuco,Nordeste,2.0,False,2.0
2003,Junho,6,2003-06-01,Piau,Nordeste,88.0,False,88.0
2003,Junho,6,2003-06-01,Rio,Sudeste,13.0,False,13.0
2003,Junho,6,2003-06-01,Rio,Sudeste,1.0,False,1.0
2003,Junho,6,2003-06-01,Rio,Sudeste,14.0,False,14.0
2003,Junho,6,2003-06-01,Rondonia,Norte,74.0,False,74.0
2003,Junho,6,2003-06-01,Roraima,Norte,0.0,False,0.0
2003,Junho,6,2003-06-01,Santa Catarina,Sul,68.0,False,68.0
2003,Junho,6,2003-06-01,Sao Paulo,Sudeste,132.0,False,132.0
2003,Junho,6,2003-06-01,Sergipe,Nordeste,0.0,False,0.0
2003,Junho,6,2003-06-01,Tocantins,Norte,329.0,True,278.0
2003,Julho,7,2003-07-01,Acre,Norte,168.0,False,168.0
2003,Julho,7,2003-07-01,Alagoas,Nordeste,0.0,False,0.0
2003,Julho,7,2003-07-01,Amapa,Norte,0.0,False,0.0
2003,Julho,7,2003-07-01,Amazonas,Norte,180.0,False,180.0
2003,Julho,7,2003-07-01,Bahia,Nordeste,261.0,False,261.0
2003,Julho,7,2003-07-01,Ceara,Nordeste,14.0,False,14.0
2003,Julho,7,2003-07-01,Distrito Federal,Centro-Oeste,19.0,False,19.0
2003,Julho,7,2003-07-01,Espirito Santo,Sudeste,27.0,False,27.0
2003,Julho,7,2003-07-01,Goias,Centro-Oeste,322.0,True,278.0
2003,Julho,7,2003-07-01,Maranhao,Nordeste,1.103,False,1.103
2003,Julho,7,2003-07-01,Mato Grosso,Centro-Oeste,5.435,False,5.435
2003,Julho,7,2003-07-01,Mato Grosso,Centro-Oeste,182.0,False,182.0
2003,Julho,7,2003-07-01,Minas Gerais,Sudeste,407.0,True,278.0
2003,Julho,7,2003-07-01,Para,Norte,1.571,False,1.571
2003,Julho,7,2003-07-01,Paraiba,Nordeste,6.0,False,6.0
2003,Julho,7,2003-07-01,Paraiba,Nordeste,101.0,False,101.0
2003,Julho,7,2003-07-01,Pernambuco,Nordeste,5.0,False,5.0
2003,Julho,7,2003-07-01,Piau,Nordeste,407.0,True,278.0
2003,Julho,7,2003-07-01,Rio,Sudeste,42.0,False,42.0
2003,Julho,7,2003-07-01,Rio,Sudeste,7.0,False,7.0
2003,Julho,7,2003-07-01,Rio,Sudeste,55.0,False,55.0
2003,Julho,7,2003-07-01,Rondonia,Norte,516.0,True,278.0
2003,Julho,7,2003-07-01,Roraima,Norte,0.0,False,0.0
2003,Julho,7,2003-07-01,Santa Catarina,Sul,43.0,False,43.0
2003,Julho,7,2003-07-01,Sao Paulo,Sudeste,171.0,False,171.0
2003,Julho,7,2003-07-01,Sergipe,Nordeste,0.0,False,0.0
2003,Julho,7,2003-07-01,Tocantins,Norte,762.0,True,278.0
2003,Agosto,8,2003-08-01,Acre,Norte,1.976,False,1.976
2003,Agosto,8,2003-08-01,Alagoas,Nordeste,2.0,False,2.0
2003,Agosto,8,2003-08-01,Amapa,Norte,14.0,False,14.0
2003,Agosto,8,2003-08-01,Amazonas,Norte,1.867,False,1.867
2003,Agosto,8,2003-08-01,Bahia,Nordeste,1.039,False,1.039
2003,Agosto,8,2003-08-01,Ceara,Nordeste,109.0,False,109.0
2003,Agosto,8,2003-08-01,Distrito Federal,Centro-Oeste,36.0,False,36.0
2003,Agosto,8,2003-08-01,Espirito Santo,Sudeste,118.0,False,118.0
2003,Agosto,8,2003-08-01,Goias,Centro-Oeste,902.0,True,278.0
2003,Agosto,8,2003-08-01,Maranhao,Nordeste,2.023,False,2.023
2003,Agosto,8,2003-08-01,Mato Grosso,Centro-Oeste,11.132,False,11.132
2003,Agosto,8,2003-08-01,Mato Grosso,Centro-Oeste,953.0,True,278.0
2003,Agosto,8,2003-08-01,Minas Gerais,Sudeste,1.955,False,1.955
2003,Agosto,8,2003-08-01,Para,Norte,6.255,False,6.255
2003,Agosto,8,2003-08-01,Paraiba,Nordeste,14.0,False,14.0
2003,Agosto,8,2003-08-01,Paraiba,Nordeste,1.896,False,1.896
2003,Agosto,8,2003-08-01,Pernambuco,Nordeste,26.0,False,26.0
2003,Agosto,8,2003-08-01,Piau,Nordeste,864.0,True,278.0
2003,Agosto,8,2003-08-01,Rio,Sudeste,191.0,False,191.0
2003,Agosto,8,2003-08-01,Rio,Sudeste,97.0,False,97.0
2003,Agosto,8,2003-08-01,Rio,Sudeste,1.419,False,1.419
2003,Agosto,8,2003-08-01,Rondonia,Norte,7.06,False,7.06
2003,Agosto,8,2003-08-01,Roraima,Norte,2.0,False,2.0
2003,Agosto,8,2003-08-01,Santa Catarina,Sul,1.513,False,1.513
2003,Agosto,8,2003-08-01,Sao Paulo,Sudeste,934.0,True,278.0
2003,Agosto,8,2003-08-01,Sergipe,Nordeste,0.0,False,0.0
2003,Agosto,8,2003-08-01,Tocantins,Norte,1.339,False,1.339
2003,Setembro,9,2003-09-01,Acre,Norte,3.942,False,3.942
2003,Setembro,9,2003-09-01,Alagoas,Nordeste,8.0,False,8.0
2003,Setembro,9,2003-09-01,Amapa,Norte,88.0,False,88.0
2003,Setembro,9,2003-09-01,Amazonas,Norte,1.401,False,1.401
2003,Setembro,9,2003-09-01,Bahia,Nordeste,8.847,False,8.847
2003,Setembro,9,2003-09-01,Ceara,Nordeste,384.0,True,278.0
2003,Setembro,9,2003-09-01,Distrito Federal,Centro-Oeste,17.0,False,17.0
2003,Setembro,9,2003-09-01,Espirito Santo,Sudeste,252.0,False,252.0
2003,Setembro,9,2003-09-01,Goias,Centro-Oeste,1.662,False,1.662
2003,Setembro,9,2003-09-01,Maranhao,Nordeste,5.878,False,5.878
2003,Setembro,9,2003-09-01,Mato Grosso,Centro-Oeste,15.79,False,15.79
2003,Setembro,9,2003-09-01,Mato Grosso,Centro-Oeste,1.124,False,1.124
2003,Setembro,9,2003-09-01,Minas Gerais,Sudeste,7.091,False,7.091
2003,Setembro,9,2003-09-01,Para,Norte,8.447,False,8.447
2003,Setembro,9,2003-09-01,Paraiba,Nordeste,81.0,False,81.0
2003,Setembro,9,2003-09-01,Paraiba,Nordeste,2.446,False,2.446
2003,Setembro,9,2003-09-01,Pernambuco,Nordeste,510.0,True,278.0
2003,Setembro,9,2003-09-01,Piau,Nordeste,3.399,False,3.399
2003,Setembro,9,2003-09-01,Rio,Sudeste,166.0,False,166.0
2003,Setembro,9,2003-09-01,Rio,Sudeste,112.0,False,112.0
2003,Setembro,9,2003-09-01,Rio,Sudeste,828.0,True,278.0
2003,Setembro,9,2003-09-01,Rondonia,Norte,6.89,False,6.89
2003,Setembro,9,2003-09-01,Roraima,Norte,6.0,False,6.0
2003,Setembro,9,2003-09-01,Santa Catarina,Sul,1.339,False,1.339
2003,Setembro,9,2003-09-01,Sao Paulo,Sudeste,977.0,True,278.0
2003,Setembro,9,2003-09-01,Sergipe,Nordeste,3.0,False,3.0
2003,Setembro,9,2003-09-01,Tocantins,Norte,4.637,False,4.637
2003,Outubro,10,2003-10-01,Acre,Norte,740.0,True,278.0
2003,Outubro,10,2003-10-01,Alagoas,Nordeste,10.0,False,10.0
2003,Outubro,10,2003-10-01,Amapa,Norte,355.0,True,278.0
2003,Outubro,10,2003-10-01,Amazonas,Norte,725.0,True,278.0
2003,Outubro,10,2003-10-01,Bahia,Nordeste,4.264,False,4.264
2003,Outubro,10,2003-10-01,Ceara,Nordeste,1.761,False,1.761
2003,Outubro,10,2003-10-01,Distrito Federal,Centro-Oeste,12.0,False,12.0
2003,Outubro,10,2003-10-01,Espirito Santo,Sudeste,159.0,False,159.0
2003,Outubro,10,2003-10-01,Goias,Centro-Oeste,1.183,False,1.183
2003,Outubro,10,2003-10-01,Maranhao,Nordeste,6.085,False,6.085
2003,Outubro,10,2003-10-01,Mato Grosso,Centro-Oeste,5.341,False,5.341
2003,Outubro,10,2003-10-01,Mato Grosso,Centro-Oeste,541.0,True,278.0
2003,Outubro,10,2003-10-01,Minas Gerais,Sudeste,5.391,False,5.391
2003,Outubro,10,2003-10-01,Para,Norte,3.803,False,3.803
2003,Outubro,10,2003-10-01,Paraiba,Nordeste,381.0,True,278.0
2003,Outubro,10,2003-10-01,Paraiba,Nordeste,1.228,False,1.228
2003,Outubro,10,2003-10-01,Pernambuco,Nordeste,859.0,True,278.0
2003,Outubro,10,2003-10-01,Piau,Nordeste,2.332,False,2.332
2003,Outubro,10,2003-10-01,Rio,Sudeste,81.0,False,81.0
2003,Outubro,10,2003-10-01,Rio,Sudeste,276.0,False,276.0
2003,Outubro,10,2003-10-01,Rio,Sudeste,360.0,True,278.0
2003,Outubro,10,2003-10-01,Rondonia,Norte,4.962,False,4.962
2003,Outubro,10,2003-10-01,Roraima,Norte,14.0,False,14.0
2003,Outubro,10,2003-10-01,Santa Catarina,Sul,669.0,True,278.0
2003,Outubro,10,2003-10-01,Sao Paulo,Sudeste,422.0,True,278.0
2003,Outubro,10,2003-10-01,Sergipe,Nordeste,2.0,False,2.0
2003,Outubro,10,2003-10-01,Tocantins,Norte,1.339,False,1.339
2003,Novembro,11,2003-11-01,Acre,Norte,15.0,False,15.0
2003,Novembro,11,2003-11-01,Alagoas,Nordeste,17.0,False,17.0
2003,Novembro,11,2003-11-01,Amapa,Norte,750.0,True,278.0
2003,Novembro,11,2003-11-01,Amazonas,Norte,169.0,False,169.0
2003,Novembro,11,2003-11-01,Bahia,Nordeste,533.0,True,278.0
2003,Novembro,11,2003-11-01,Ceara,Nordeste,3.327,False,3.327
2003,Novembro,11,2003-11-01,Distrito Federal,Centro-Oeste,0.0,False,0.0
2003,Novembro,11,2003-11-01,Espirito Santo,Sudeste,49.0,False,49.0
2003,Novembro,11,2003-11-01,Goias,Centro-Oeste,168.0,False,168.0
2003,Novembro,11,2003-11-01,Maranhao,Nordeste,4.929,False,4.929
2003,Novembro,11,2003-11-01,Mato Grosso,Centro-Oeste,2.097,False,2.097
2003,Novembro,11,2003-11-01,Mato Grosso,Centro-Oeste,380.0,True,278.0
2003,Novembro,11,2003-11-01,Minas Gerais,Sudeste,399.0,True,278.0
2003,Novembro,11,2003-11-01,Para,Norte,6.195,False,6.195
2003,Novembro,11,2003-11-01,Paraiba,Nordeste,538.0,True,278.0
2003,Novembro,11,2003-11-01,Paraiba,Nordeste,503.0,True,278.0
2003,Novembro,11,2003-11-01,Pernambuco,Nordeste,560.0,True,278.0
2003,Novembro,11,2003-11-01,Piau,Nordeste,1.248,False,1.248
2003,Novembro,11,2003-11-01,Rio,Sudeste,5.0,False,5.0
2003,Novembro,11,2003-11-01,Rio,Sudeste,366.0,True,278.0
2003,Novembro,11,2003-11-01,Rio,Sudeste,121.0,False,121.0
2003,Novembro,11,2003-11-01,Rondonia,Norte,526.0,True,278.0
2003,Novembro,11,2003-11-01,Roraima,Norte,27.0,False,27.0
2003,Novembro,11,2003-11-01,Santa Catarina,Sul,347.0,True,278.0
2003,Novembro,11,2003-11-01,Sao Paulo,Sudeste,155.0,False,155.0
2003,Novembro,11,2003-11-01,Sergipe,Nordeste,2.0,False,2.0
2003,Novembro,11,2003-11-01,Tocantins,Norte,146.0,False,146.0
2003,Dezembro,12,2003-12-01,Acre,Norte,1.0,False,1.0
2003,Dezembro,12,2003-12-01,Alagoas,Nordeste,43.0,False,43.0
2003,Dezembro,12,2003-12-01,Amapa,Norte,411.0,True,278.0
2003,Dezembro,12,2003-12-01,Amazonas,Norte,147.0,False,147.0
2003,Dezembro,12,2003-12-01,Bahia,Nordeste,710.0,True,278.0
2003,Dezembro,12,2003-12-01,Ceara,Nordeste,2.436,False,2.436
2003,Dezembro,12,2003-12-01,Distrito Federal,Centro-Oeste,0.0,False,0.0
2003,Dezembro,12,2003-12-01,Espirito Santo,Sudeste,18.0,False,18.0
2003,Dezembro,12,2003-12-01,Goias,Centro-Oeste,129.0,False,129.0
2003,Dezembro,12,2003-12-01,Maranhao,Nordeste,2.424,False,2.424
2003,Dezembro,12,2003-12-01,Mato Grosso,Centro-Oeste,1.622,False,1.622
2003,Dezembro,12,2003-12-01,Mato Grosso,Centro-Oeste,153.0,False,153.0
2003,Dezembro,12,2003-12-01,Minas Gerais,Sudeste,225.0,False,225.0
2003,Dezembro,12,2003-12-01,Para,Norte,4.787,False,4.787
2003,Dezembro,12,2003-12-01,Paraiba,Nordeste,288.0,True,278.0
2003,Dezembro,12,2003-12-01,Paraiba,Nordeste,171.0,False,171.0
2003,Dezembro,12,2003-12-01,Pernambuco,Nordeste,229.0,False,229.0
2003,Dezembro,12,2003-12-01,Piau,Nordeste,459.0,True,278.0
2003,Dezembro,12,2003-12-01,Rio,Sudeste,10.0,False,10.0
2003,Dezembro,12,2003-12-01,Rio,Sudeste,278.0,False,278.0
2003,Dezembro,12,2003-12-01,Rio,Sudeste,98.0,False,98.0
2003,Dezembro,12,2003-12-01,Rondonia,Norte,214.0,False,214.0
2003,Dezembro,12,2003-12-01,Roraima,Norte,157.0,False,157.0
2003,Dezembro,12,2003-12-01,Santa Catarina,Sul,129.0,False,129.0
2003,Dezembro,12,2003-12-01,Sao Paulo,Sudeste,58.0,False,58.0
2003,Dezembro,12,2003-12-01,Sergipe,Nordeste,36.0,False,36.0
2003,Dezembro,12,2003-12-01,Tocantins,Norte,109.0,False,109.0
2004,Janeiro,1,2004-01-01,Acre,Norte,0.0,False,0.0
2004,Janeiro,1,2004-01-01,Alagoas,Nordeste,9.0,False,9.0
2004,Janeiro,1,2004-01-01,Amapa,Norte,38.0,False,38.0
2004,Janeiro,1,2004-01-01,Amazonas,Norte,123.0,False,123.0
2004,Janeiro,1,2004-01-01,Bahia,Nordeste,158.0,False,158.0
2004,Janeiro,1,2004-01-01,Ceara,Nordeste,143.0,False,143.0
2004,Janeiro,1,2004-01-01,Distrito Federal,Centro-Oeste,0.0,False,0.0
2004,Janeiro,1,2004-01-01,Espirito Santo,Sudeste,1.0,False,1.0
2004,Janeiro,1,2004-01-01,Goias,Centro-Oeste,10.0,False,10.0
2004,Janeiro,1,2004-01-01,Maranhao,Nordeste,241.0,False,241.0
2004,Janeiro,1,2004-01-01,Mato Grosso,Centro-Oeste,301.0,True,278.0
2004,Janeiro,1,2004-01-01,Mato Grosso,Centro-Oeste,258.0,False,258.0
2004,Janeiro,1,2004-01-01,Minas Gerais,Sudeste,22.0,False,22.0
2004,Janeiro,1,2004-01-01,Para,Norte,579.0,True,278.0
2004,Janeiro,1,2004-01-01,Paraiba,Nordeste,33.0,False,33.0
2004,Janeiro,1,2004-01-01,Paraiba,Nordeste,88.0,False,88.0
2004,Janeiro,1,2004-01-01,Pernambuco,Nordeste,29.0,False,29.0
2004,Janeiro,1,2004-01-01,Piau,Nordeste,42.0,False,42.0
2004,Janeiro,1,2004-01-01,Rio,Sudeste,1.0,False,1.0
2004,Janeiro,1,2004-01-01,Rio,Sudeste,44.0,False,44.0
2004,Janeiro,1,2004-01-01,Rio,Sudeste,70.0,False,70.0
2004,Janeiro,1,2004-01-01,Rondonia,Norte,30.0,False,30.0
2004,Janeiro,1,2004-01-01,Roraima,Norte,355.0,True,278.0
2004,Janeiro,1,2004-01-01,Santa Catarina,Sul,37.0,False,37.0
2004,Janeiro,1,2004-01-01,Sao Paulo,Sudeste,37.0,False,37.0
2004,Janeiro,1,2004-01-01,Sergipe,Nordeste,16.0,False,16.0
2004,Janeiro,1,2004-01-01,Tocantins,Norte,40.0,False,40.0
2004,Fevereiro,2,2004-02-01,Acre,Norte,3.0,False,3.0
2004,Fevereiro,2,2004-02-01,Alagoas,Nordeste,7.0,False,7.0
2004,Fevereiro,2,2004-02-01,Amapa,Norte,2.0,False,2.0
2004,Fevereiro,2,2004-02-01,Amazonas,Norte,92.0,False,92.0
2004,Fevereiro,2,2004-02-01,Bahia,Nordeste,122.0,False,122.0
2004,Fevereiro,2,2004-02-01,Ceara,Nordeste,5.0,False,5.0
2004,Fevereiro,2,2004-02-01,Distrito Federal,Centro-Oeste,0.0,False,0.0
2004,Fevereiro,2,2004-02-01,Espirito Santo,Sudeste,5.0,False,5.0
2004,Fevereiro,2,2004-02-01,Goias,Centro-Oeste,11.0,False,11.0
2004,Fevereiro,2,2004-02-01,Maranhao,Nordeste,22.0,False,22.0
2004,Fevereiro,2,2004-02-01,Mato Grosso,Centro-Oeste,272.0,False,272.0
2004,Fevereiro,2,2004-02-01,Mato Grosso,Centro-Oeste,169.0,False,169.0
2004,Fevereiro,2,2004-02-01,Minas Gerais,Sudeste,29.0,False,29.0
2004,Fevereiro,2,2004-02-01,Para,Norte,20.0,False,20.0
2004,Fevereiro,2,2004-02-01,Paraiba,Nordeste,3.0,False,3.0
2004,Fevereiro,2,2004-02-01,Paraiba,Nordeste,42.0,False,42.0
2004,Fevereiro,2,2004-02-01,Pernambuco,Nordeste,8.0,False,8.0
2004,Fevereiro,2,2004-02-01,Piau,Nordeste,20.0,False,20.0
2004,Fevereiro,2,2004-02-01,Rio,Sudeste,8.0,False,8.0
2004,Fevereiro,2,2004-02-01,Rio,Sudeste,5.0,False,5.0
2004,Fevereiro,2,2004-02-01,Rio,Sudeste,52.0,False,52.0
2004,Fevereiro,2,2004-02-01,Rondonia,Norte,12.0,False,12.0
2004,Fevereiro,2,2004-02-01,Roraima,Norte,259.0,False,259.0
2004,Fevereiro,2,2004-02-01,Santa Catarina,Sul,29.0,False,29.0
2004,Fevereiro,2,2004-02-01,Sao Paulo,Sudeste,41.0,False,41.0
2004,Fevereiro,2,2004-02-01,Sergipe,Nordeste,10.0,False,10.0
2004,Fevereiro,2,2004-02-01,Tocantins,Norte,7.0,False,7.0
2004,Marco,3,2004-03-01,Acre,Norte,0.0,False,0.0
2004,Marco,3,2004-03-01,Alagoas,Nordeste,16.0,False,16.0
2004,Marco,3,2004-03-01,Amapa,Norte,0.0,False,0.0
2004,Marco,3,2004-03-01,Amazonas,Norte,6.0,False,6.0
2004,Marco,3,2004-03-01,Bahia,Nordeste,115.0,False,115.0
2004,Marco,3,2004-03-01,Ceara,Nordeste,1.0,False,1.0
2004,Marco,3,2004-03-01,Distrito Federal,Centro-Oeste,0.0,False,0.0
2004,Marco,3,2004-03-01,Espirito Santo,Sudeste,3.0,False,3.0
2004,Marco,3,2004-03-01,Goias,Centro-Oeste,36.0,False,36.0
2004,Marco,3,2004-03-01,Maranhao,Nordeste,18.0,False,18.0
2004,Marco,3,2004-03-01,Mato Grosso,Centro-Oeste,743.0,True,278.0
2004,Marco,3,2004-03-01,Mato Grosso,Centro-Oeste,225.0,False,225.0
2004,Marco,3,2004-03-01,Minas Gerais,Sudeste,81.0,False,81.0
2004,Marco,3,2004-03-01,Para,Norte,22.0,False,22.0
2004,Marco,3,2004-03-01,Paraiba,Nordeste,3.0,False,3.0
2004,Marco,3,2004-03-01,Paraiba,Nordeste,83.0,False,83.0
2004,Marco,3,2004-03-01,Pernambuco,Nordeste,6.0,False,6.0
2004,Marco,3,2004-03-01,Piau,Nordeste,27.0,False,27.0
2004,Marco,3,2004-03-01,Rio,Sudeste,4.0,False,4.0
2004,Marco,3,2004-03-01,Rio,Sudeste,1.0,False,1.0
2004,Marco,3,2004-03-01,Rio,Sudeste,149.0,False,149.0
2004,Marco,3,2004-03-01,Rondonia,Norte,20.0,False,20.0
2004,Marco,3,2004-03-01,Roraima,Norte,276.0,False,276.0
2004,Marco,3,2004-03-01,Santa Catarina,Sul,73.0,False,73.0
2004,Marco,3,2004-03-01,Sao Paulo,Sudeste,73.0,False,73.0
2004,Marco,3,2004-03-01,Sergipe,Nordeste,36.0,False,36.0
2004,Marco,3,2004-03-01,Tocantins,Norte,23.0,False,23.0
2004,Abril,4,2004-04-01,Acre,Norte,2.0,False,2.0
2004,Abril,4,2004-04-01,Alagoas,Nordeste,6.0,False,6.0
2004,Abril,4,2004-04-01,Amapa,Norte,0.0,False,0.0
2004,Abril,4,2004-04-01,Amazonas,Norte,4.0,False,4.0
2004,Abril,4,2004-04-01,Bahia,Nordeste,89.0,False,89.0
2004,Abril,4,2004-04-01,Ceara,Nordeste,2.0,False,2.0
2004,Abril,4,2004-04-01,Distrito Federal,Centro-Oeste,1.0,False,1.0
2004,Abril,4,2004-04-01,Espirito Santo,Sudeste,0.0,False,0.0
2004,Abril,4,2004-04-01,Goias,Centro-Oeste,32.0,False,32.0
2004,Abril,4,2004-04-01,Maranhao,Nordeste,44.0,False,44.0
2004,Abril,4,2004-04-01,Mato Grosso,Centro-Oeste,441.0,True,278.0
2004,Abril,4,2004-04-01,Mato Grosso,Centro-Oeste,97.0,False,97.0
2004,Abril,4,2004-04-01,Minas Gerais,Sudeste,48.0,False,48.0
2004,Abril,4,2004-04-01,Para,Norte,23.0,False,23.0
2004,Abril,4,2004-04-01,Paraiba,Nordeste,3.0,False,3.0
2004,Abril,4,2004-04-01,Paraiba,Nordeste,68.0,False,68.0
2004,Abril,4,2004-04-01,Pernambuco,Nordeste,5.0,False,5.0
2004,Abril,4,2004-04-01,Piau,Nordeste,10.0,False,10.0
2004,Abril,4,2004-04-01,Rio,Sudeste,3.0,False,3.0
2004,Abril,4,2004-04-01,Rio,Sudeste,3.0,False,3.0
2004,Abril,4,2004-04-01,Rio,Sudeste,98.0,False,98.0
2004,Abril,4,2004-04-01,Rondonia,Norte,14.0,False,14.0
2004,Abril,4,2004-04-01,Roraima,Norte,182.0,False,182.0
2004,Abril,4,2004-04-01,Santa Catarina,Sul,59.0,False,59.0
2004,Abril,4,2004-04-01,Sao Paulo,Sudeste,36.0,False,36.0
2004,Abril,4,2004-04-01,Sergipe,Nordeste,13.0,False,13.0
2004,Abril,4,2004-04-01,Tocantins,Norte,52.0,False,52.0
2004,Maio,5,2004-05-01,Acre,Norte,7.0,False,7.0
2004,Maio,5,2004-05-01,Alagoas,Nordeste,3.0,False,3.0
2004,Maio,5,2004-05-01,Amapa,Norte,0.0,False,0.0
2004,Maio,5,2004-05-01,Amazonas,Norte,0.0,False,0.0
2004,Maio,5,2004-05-01,Bahia,Nordeste,124.0,False,124.0
2004,Maio,5,2004-05-01,Ceara,Nordeste,3.0,False,3.0
2004,Maio,5,2004-05-01,Distrito Federal,Centro-Oeste,9.0,False,9.0
2004,Maio,5,2004-05-01,Espirito Santo,Sudeste,0.0,False,0.0
2004,Maio,5,2004-05-01,Goias,Centro-Oeste,157.0,False,157.0
2004,Maio,5,2004-05-01,Maranhao,Nordeste,145.0,False,145.0
2004,Maio,5,2004-05-01,Mato Grosso,Centro-Oeste,2.413,False,2.413
2004,Maio,5,2004-05-01,Mato Grosso,Centro-Oeste,25.0,False,25.0
2004,Maio,5,2004-05-01,Minas Gerais,Sudeste,79.0,False,79.0
2004,Maio,5,2004-05-01,Para,Norte,44.0,False,44.0
2004,Maio,5,2004-05-01,Paraiba,Nordeste,1.0,False,1.0
2004,Maio,5,2004-05-01,Paraiba,Nordeste,9.0,False,9.0
2004,Maio,5,2004-05-01,Pernambuco,Nordeste,2.0,False,2.0
2004,Maio,5,2004-05-01,Piau,Nordeste,80.0,False,80.0
2004,Maio,5,2004-05-01,Rio,Sudeste,0.0,False,0.0
2004,Maio,5,2004-05-01,Rio,Sudeste,2.0,False,2.0
2004,Maio,5,2004-05-01,Rio,Sudeste,4.0,False,4.0
2004,Maio,5,2004-05-01,Rondonia,Norte,9.0,False,9.0
2004,Maio,5,2004-05-01,Roraima,Norte,2.0,False,2.0
2004,Maio,5,2004-05-01,Santa Catarina,Sul,2.0,False,2.0
2004,Maio,5,2004-05-01,Sao Paulo,Sudeste,60.0,False,60.0
2004,Maio,5,2004-05-01,Sergipe,Nordeste,5.0,False,5.0
2004,Maio,5,2004-05-01,Tocantins,Norte,350.0,True,278.0
2004,Junho,6,2004-06-01,Acre,Norte,5.0,False,5.0
2004,Junho,6,2004-06-01,Alagoas,Nordeste,0.0,False,0.0
2004,Junho,6,2004-06-01,Amapa,Norte,5.0,False,5.0
2004,Junho,6,2004-06-01,Amazonas,Norte,12.0,False,12.0
2004,Junho,6,2004-06-01,Bahia,Nordeste,289.0,True,278.0
2004,Junho,6,2004-06-01,Ceara,Nordeste,1.0,False,1.0
2004,Junho,6,2004-06-01,Distrito Federal,Centro-Oeste,6.0,False,6.0
2004,Junho,6,2004-06-01,Espirito Santo,Sudeste,3.0,False,3.0
2004,Junho,6,2004-06-01,Goias,Centro-Oeste,422.0,True,278.0
2004,Junho,6,2004-06-01,Maranhao,Nordeste,706.0,True,278.0
2004,Junho,6,2004-06-01,Mato Grosso,Centro-Oeste,9.813,False,9.813
2004,Junho,6,2004-06-01,Mato Grosso,Centro-Oeste,394.0,True,278.0
2004,Junho,6,2004-06-01,Minas Gerais,Sudeste,209.0,False,209.0
2004,Junho,6,2004-06-01,Para,Norte,340.0,True,278.0
2004,Junho,6,2004-06-01,Paraiba,Nordeste,0.0,False,0.0
2004,Junho,6,2004-06-01,Paraiba,Nordeste,147.0,False,147.0
2004,Junho,6,2004-06-01,Pernambuco,Nordeste,4.0,False,4.0
2004,Junho,6,2004-06-01,Piau,Nordeste,239.0,False,239.0
2004,Junho,6,2004-06-01,Rio,Sudeste,19.0,False,19.0
2004,Junho,6,2004-06-01,Rio,Sudeste,2.0,False,2.0
2004,Junho,6,2004-06-01,Rio,Sudeste,52.0,False,52.0
2004,Junho,6,2004-06-01,Rondonia,Norte,151.0,False,151.0
2004,Junho,6,2004-06-01,Roraima,Norte,6.0,False,6.0
2004,Junho,6,2004-06-01,Santa Catarina,Sul,127.0,False,127.0
2004,Junho,6,2004-06-01,Sao Paulo,Sudeste,231.0,False,231.0
2004,Junho,6,2004-06-01,Sergipe,Nordeste,0.0,False,0.0
2004,Junho,6,2004-06-01,Tocantins,Norte,1.079,False,1.079
2004,Julho,7,2004-07-01,Acre,Norte,42.0,False,42.0
2004,Julho,7,2004-07-01,Alagoas,Nordeste,0.0,False,0.0
2004,Julho,7,2004-07-01,Amapa,Norte,2.0,False,2.0
2004,Julho,7,2004-07-01,Amazonas,Norte,177.0,False,177.0
2004,Julho,7,2004-07-01,Bahia,Nordeste,310.0,True,278.0
2004,Julho,7,2004-07-01,Ceara,Nordeste,16.0,False,16.0
2004,Julho,7,2004-07-01,Distrito Federal,Centro-Oeste,37.0,False,37.0
2004,Julho,7,2004-07-01,Espirito Santo,Sudeste,4.0,False,4.0
2004,Julho,7,2004-07-01,Goias,Centro-Oeste,778.0,True,278.0
2004,Julho,7,2004-07-01,Maranhao,Nordeste,1.366,False,1.366
2004,Julho,7,2004-07-01,Mato Grosso,Centro-Oeste,11.517,False,11.517
2004,Julho,7,2004-07-01,Mato Grosso,Centro-Oeste,529.0,True,278.0
2004,Julho,7,2004-07-01,Minas Gerais,Sudeste,625.0,True,278.0
2004,Julho,7,2004-07-01,Para,Norte,4.436,False,4.436
2004,Julho,7,2004-07-01,Paraiba,Nordeste,1.0,False,1.0
2004,Julho,7,2004-07-01,Paraiba,Nordeste,148.0,False,148.0
2004,Julho,7,2004-07-01,Pernambuco,Nordeste,13.0,False,13.0
2004,Julho,7,2004-07-01,Piau,Nordeste,564.0,True,278.0
2004,Julho,7,2004-07-01,Rio,Sudeste,23.0,False,23.0
2004,Julho,7,2004-07-01,Rio,Sudeste,5.0,False,5.0
2004,Julho,7,2004-07-01,Rio,Sudeste,156.0,False,156.0
2004,Julho,7,2004-07-01,Rondonia,Norte,1.233,False,1.233
2004,Julho,7,2004-07-01,Roraima,Norte,2.0,False,2.0
2004,Julho,7,2004-07-01,Santa Catarina,Sul,94.0,False,94.0
2004,Julho,7,2004-07-01,Sao Paulo,Sudeste,342.0,True,278.0
2004,Julho,7,2004-07-01,Sergipe,Nordeste,0.0,False,0.0
2004,Julho,7,2004-07-01,Tocantins,Norte,1.389,False,1.389
2004,Agosto,8,2004-08-01,Acre,Norte,645.0,True,278.0
2004,Agosto,8,2004-08-01,Alagoas,Nordeste,2.0,False,2.0
2004,Agosto,8,2004-08-01,Amapa,Norte,9.0,False,9.0
2004,Agosto,8,2004-08-01,Amazonas,Norte,1.207,False,1.207
2004,Agosto,8,2004-08-01,Bahia,Nordeste,1.43,False,1.43
2004,Agosto,8,2004-08-01,Ceara,Nordeste,61.0,False,61.0
2004,Agosto,8,2004-08-01,Distrito Federal,Centro-Oeste,108.0,False,108.0
2004,Agosto,8,2004-08-01,Espirito Santo,Sudeste,12.0,False,12.0
2004,Agosto,8,2004-08-01,Goias,Centro-Oeste,1.498,False,1.498
2004,Agosto,8,2004-08-01,Maranhao,Nordeste,1.889,False,1.889
2004,Agosto,8,2004-08-01,Mato Grosso,Centro-Oeste,13.603,False,13.603
2004,Agosto,8,2004-08-01,Mato Grosso,Centro-Oeste,1.408,False,1.408
2004,Agosto,8,2004-08-01,Minas Gerais,Sudeste,1.642,False,1.642
2004,Agosto,8,2004-08-01,Para,Norte,12.812,False,12.812
2004,Agosto,8,2004-08-01,Paraiba,Nordeste,18.0,False,18.0
2004,Agosto,8,2004-08-01,Paraiba,Nordeste,1.237,False,1.237
2004,Agosto,8,2004-08-01,Pernambuco,Nordeste,41.0,False,41.0
2004,Agosto,8,2004-08-01,Piau,Nordeste,1.002,False,1.002
2004,Agosto,8,2004-08-01,Rio,Sudeste,74.0,False,74.0
2004,Agosto,8,2004-08-01,Rio,Sudeste,15.0,False,15.0
2004,Agosto,8,2004-08-01,Rio,Sudeste,403.0,True,278.0
2004,Agosto,8,2004-08-01,Rondonia,Norte,6.893,False,6.893
2004,Agosto,8,2004-08-01,Roraima,Norte,18.0,False,18.0
2004,Agosto,8,2004-08-01,Santa Catarina,Sul,728.0,True,278.0
2004,Agosto,8,2004-08-01,Sao Paulo,Sudeste,794.0,True,278.0
2004,Agosto,8,2004-08-01,Sergipe,Nordeste,0.0,False,0.0
2004,Agosto,8,2004-08-01,Tocantins,Norte,1.776,False,1.776
2004,Setembro,9,2004-09-01,Acre,Norte,1.978,False,1.978
2004,Setembro,9,2004-09-01,Alagoas,Nordeste,5.0,False,5.0
2004,Setembro,9,2004-09-01,Amapa,Norte,67.0,False,67.0
2004,Setembro,9,2004-09-01,Amazonas,Norte,911.0,True,278.0
2004,Setembro,9,2004-09-01,Bahia,Nordeste,6.433,False,6.433
2004,Setembro,9,2004-09-01,Ceara,Nordeste,144.0,False,144.0
2004,Setembro,9,2004-09-01,Distrito Federal,Centro-Oeste,100.0,False,100.0
2004,Setembro,9,2004-09-01,Espirito Santo,Sudeste,47.0,False,47.0
2004,Setembro,9,2004-09-01,Goias,Centro-Oeste,2.965,False,2.965
2004,Setembro,9,2004-09-01,Maranhao,Nordeste,4.673,False,4.673
2004,Setembro,9,2004-09-01,Mato Grosso,Centro-Oeste,24.994,False,24.994
2004,Setembro,9,2004-09-01,Mato Grosso,Centro-Oeste,2.511,False,2.511
2004,Setembro,9,2004-09-01,Minas Gerais,Sudeste,4.339,False,4.339
2004,Setembro,9,2004-09-01,Para,Norte,9.471,False,9.471
2004,Setembro,9,2004-09-01,Paraiba,Nordeste,34.0,False,34.0
2004,Setembro,9,2004-09-01,Paraiba,Nordeste,1.36,False,1.36
2004,Setembro,9,2004-09-01,Pernambuco,Nordeste,192.0,False,192.0
2004,Setembro,9,2004-09-01,Piau,Nordeste,2.662,False,2.662
2004,Setembro,9,2004-09-01,Rio,Sudeste,205.0,False,205.0
2004,Setembro,9,2004-09-01,Rio,Sudeste,47.0,False,47.0
2004,Setembro,9,2004-09-01,Rio,Sudeste,431.0,True,278.0
2004,Setembro,9,2004-09-01,Rondonia,Norte,13.05,False,13.05
2004,Setembro,9,2004-09-01,Roraima,Norte,9.0,False,9.0
2004,Setembro,9,2004-09-01,Santa Catarina,Sul,755.0,True,278.0
2004,Setembro,9,2004-09-01,Sao Paulo,Sudeste,809.0,True,278.0
2004,Setembro,9,2004-09-01,Sergipe,Nordeste,0.0,False,0.0
2004,Setembro,9,2004-09-01,Tocantins,Norte,5.308,False,5.308
2004,Outubro,10,2004-10-01,Acre,Norte,461.0,True,278.0
2004,Outubro,10,2004-10-01,Alagoas,Nordeste,12.0,False,12.0
2004,Outubro,10,2004-10-01,Amapa,Norte,412.0,True,278.0
2004,Outubro,10,2004-10-01,Amazonas,Norte,710.0,True,278.0
2004,Outubro,10,2004-10-01,Bahia,Nordeste,4.81,False,4.81
2004,Outubro,10,2004-10-01,Ceara,Nordeste,1.217,False,1.217
2004,Outubro,10,2004-10-01,Distrito Federal,Centro-Oeste,18.0,False,18.0
2004,Outubro,10,2004-10-01,Espirito Santo,Sudeste,48.0,False,48.0
2004,Outubro,10,2004-10-01,Goias,Centro-Oeste,1.275,False,1.275
2004,Outubro,10,2004-10-01,Maranhao,Nordeste,3.604,False,3.604
2004,Outubro,10,2004-10-01,Mato Grosso,Centro-Oeste,9.295,False,9.295
2004,Outubro,10,2004-10-01,Mato Grosso,Centro-Oeste,960.0,True,278.0
2004,Outubro,10,2004-10-01,Minas Gerais,Sudeste,2.736,False,2.736
2004,Outubro,10,2004-10-01,Para,Norte,4.726,False,4.726
2004,Outubro,10,2004-10-01,Paraiba,Nordeste,190.0,False,190.0
2004,Outubro,10,2004-10-01,Paraiba,Nordeste,666.0,True,278.0
2004,Outubro,10,2004-10-01,Pernambuco,Nordeste,545.0,True,278.0
2004,Outubro,10,2004-10-01,Piau,Nordeste,2.144,False,2.144
2004,Outubro,10,2004-10-01,Rio,Sudeste,26.0,False,26.0
2004,Outubro,10,2004-10-01,Rio,Sudeste,89.0,False,89.0
2004,Outubro,10,2004-10-01,Rio,Sudeste,680.0,True,278.0
2004,Outubro,10,2004-10-01,Rondonia,Norte,3.094,False,3.094
2004,Outubro,10,2004-10-01,Roraima,Norte,53.0,False,53.0
2004,Outubro,10,2004-10-01,Santa Catarina,Sul,704.0,True,278.0
2004,Outubro,10,2004-10-01,Sao Paulo,Sudeste,195.0,False,195.0
2004,Outubro,10,2004-10-01,Sergipe,Nordeste,3.0,False,3.0
2004,Outubro,10,2004-10-01,Tocantins,Norte,1.658,False,1.658
2004,Novembro,11,2004-11-01,Acre,Norte,10.0,False,10.0
2004,Novembro,11,2004-11-01,Alagoas,Nordeste,28.0,False,28.0
2004,Novembro,11,2004-11-01,Amapa,Norte,949.0,True,278.0
2004,Novembro,11,2004-11-01,Amazonas,Norte,209.0,False,209.0
2004,Novembro,11,2004-11-01,Bahia,Nordeste,1.736,False,1.736
2004,Novembro,11,2004-11-01,Ceara,Nordeste,2.9,False,2.9
2004,Novembro,11,2004-11-01,Distrito Federal,Centro-Oeste,0.0,False,0.0
2004,Novembro,11,2004-11-01,Espirito Santo,Sudeste,42.0,False,42.0
2004,Novembro,11,2004-11-01,Goias,Centro-Oeste,291.0,True,278.0
2004,Novembro,11,2004-11-01,Maranhao,Nordeste,6.398,False,6.398
2004,Novembro,11,2004-11-01,Mato Grosso,Centro-Oeste,2.405,False,2.405
2004,Novembro,11,2004-11-01,Mato Grosso,Centro-Oeste,208.0,False,208.0
2004,Novembro,11,2004-11-01,Minas Gerais,Sudeste,914.0,True,278.0
2004,Novembro,11,2004-11-01,Para,Norte,9.842,False,9.842
2004,Novembro,11,2004-11-01,Paraiba,Nordeste,331.0,True,278.0
2004,Novembro,11,2004-11-01,Paraiba,Nordeste,388.0,True,278.0
2004,Novembro,11,2004-11-01,Pernambuco,Nordeste,465.0,True,278.0
2004,Novembro,11,2004-11-01,Piau,Nordeste,1.798,False,1.798
2004,Novembro,11,2004-11-01,Rio,Sudeste,49.0,False,49.0
2004,Novembro,11,2004-11-01,Rio,Sudeste,164.0,False,164.0
2004,Novembro,11,2004-11-01,Rio,Sudeste,161.0,False,161.0
2004,Novembro,11,2004-11-01,Rondonia,Norte,452.0,True,278.0
2004,Novembro,11,2004-11-01,Roraima,Norte,135.0,False,135.0
2004,Novembro,11,2004-11-01,Santa Catarina,Sul,279.0,True,278.0
2004,Novembro,11,2004-11-01,Sao Paulo,Sudeste,144.0,False,144.0
2004,Novembro,11,2004-11-01,Sergipe,Nordeste,41.0,False,41.0
2004,Novembro,11,2004-11-01,Tocantins,Norte,424.0,True,278.0
2004,Dezembro,12,2004-12-01,Acre,Norte,7.0,False,7.0
2004,Dezembro,12,2004-12-01,Alagoas,Nordeste,71.0,False,71.0
2004,Dezembro,12,2004-12-01,Amapa,Norte,777.0,True,278.0
2004,Dezembro,12,2004-12-01,Amazonas,Norte,53.0,False,53.0
2004,Dezembro,12,2004-12-01,Bahia,Nordeste,423.0,True,278.0
2004,Dezembro,12,2004-12-01,Ceara,Nordeste,3.158,False,3.158
2004,Dezembro,12,2004-12-01,Distrito Federal,Centro-Oeste,0.0,False,0.0
2004,Dezembro,12,2004-12-01,Espirito Santo,Sudeste,9.0,False,9.0
2004,Dezembro,12,2004-12-01,Goias,Centro-Oeste,56.0,False,56.0
2004,Dezembro,12,2004-12-01,Maranhao,Nordeste,3.255,False,3.255
2004,Dezembro,12,2004-12-01,Mato Grosso,Centro-Oeste,1.217,False,1.217
2004,Dezembro,12,2004-12-01,Mato Grosso,Centro-Oeste,110.0,False,110.0
2004,Dezembro,12,2004-12-01,Minas Gerais,Sudeste,125.0,False,125.0
2004,Dezembro,12,2004-12-01,Para,Norte,5.508,False,5.508
2004,Dezembro,12,2004-12-01,Paraiba,Nordeste,351.0,True,278.0
2004,Dezembro,12,2004-12-01,Paraiba,Nordeste,151.0,False,151.0
2004,Dezembro,12,2004-12-01,Pernambuco,Nordeste,373.0,True,278.0
2004,Dezembro,12,2004-12-01,Piau,Nordeste,788.0,True,278.0
2004,Dezembro,12,2004-12-01,Rio,Sudeste,9.0,False,9.0
2004,Dezembro,12,2004-12-01,Rio,Sudeste,284.0,True,278.0
2004,Dezembro,12,2004-12-01,Rio,Sudeste,99.0,False,99.0
2004,Dezembro,12,2004-12-01,Rondonia,Norte,208.0,False,208.0
2004,Dezembro,12,2004-12-01,Roraima,Norte,160.0,False,160.0
2004,Dezembro,12,2004-12-01,Santa Catarina,Sul,68.0,False,68.0
2004,Dezembro,12,2004-12-01,Sao Paulo,Sudeste,102.0,False,102.0
2004,Dezembro,12,2004-12-01,Sergipe,Nordeste,66.0,False,66.0
2004,Dezembro,12,2004-12-01,Tocantins,Norte,96.0,False,96.0
2005,Janeiro,1,2005-01-01,Acre,Norte,12.0,False,12.0
2005,Janeiro,1,2005-01-01,Alagoas,Nordeste,83.0,False,83.0
2005,Janeiro,1,2005-01-01,Amapa,Norte,109.0,False,109.0
2005,Janeiro,1,2005-01-01,Amazonas,Norte,44.0,False,44.0
2005,Janeiro,1,2005-01-01,Bahia,Nordeste,303.0,True,278.0
2005,Janeiro,1,2005-01-01,Ceara,Nordeste,384.0,True,278.0
2005,Janeiro,1,2005-01-01,Distrito Federal,Centro-Oeste,0.0,False,0.0
2005,Janeiro,1,2005-01-01,Espirito Santo,Sudeste,4.0,False,4.0
2005,Janeiro,1,2005-01-01,Goias,Centro-Oeste,27.0,False,27.0
2005,Janeiro,1,2005-01-01,Maranhao,Nordeste,450.0,True,278.0
2005,Janeiro,1,2005-01-01,Mato Grosso,Centro-Oeste,438.0,True,278.0
2005,Janeiro,1,2005-01-01,Mato Grosso,Centro-Oeste,59.0,False,59.0
2005,Janeiro,1,2005-01-01,Minas Gerais,Sudeste,28.0,False,28.0
2005,Janeiro,1,2005-01-01,Para,Norte,1.768,False,1.768
2005,Janeiro,1,2005-01-01,Paraiba,Nordeste,178.0,False,178.0
2005,Janeiro,1,2005-01-01,Paraiba,Nordeste,55.0,False,55.0
2005,Janeiro,1,2005-01-01,Pernambuco,Nordeste,221.0,False,221.0
2005,Janeiro,1,2005-01-01,Piau,Nordeste,94.0,False,94.0
2005,Janeiro,1,2005-01-01,Rio,Sudeste,5.0,False,5.0
2005,Janeiro,1,2005-01-01,Rio,Sudeste,153.0,False,153.0
2005,Janeiro,1,2005-01-01,Rio,Sudeste,152.0,False,152.0
2005,Janeiro,1,2005-01-01,Rondonia,Norte,99.0,False,99.0
2005,Janeiro,1,2005-01-01,Roraima,Norte,106.0,False,106.0
2005,Janeiro,1,2005-01-01,Santa Catarina,Sul,46.0,False,46.0
2005,Janeiro,1,2005-01-01,Sao Paulo,Sudeste,26.0,False,26.0
2005,Janeiro,1,2005-01-01,Sergipe,Nordeste,80.0,False,80.0
2005,Janeiro,1,2005-01-01,Tocantins,Norte,66.0,False,66.0
2005,Fevereiro,2,2005-02-01,Acre,Norte,0.0,False,0.0
2005,Fevereiro,2,2005-02-01,Alagoas,Nordeste,31.0,False,31.0
2005,Fevereiro,2,2005-02-01,Amapa,Norte,1.0,False,1.0
2005,Fevereiro,2,2005-02-01,Amazonas,Norte,6.0,False,6.0
2005,Fevereiro,2,2005-02-01,Bahia,Nordeste,143.0,False,143.0
2005,Fevereiro,2,2005-02-01,Ceara,Nordeste,25.0,False,25.0
2005,Fevereiro,2,2005-02-01,Distrito Federal,Centro-Oeste,0.0,False,0.0
2005,Fevereiro,2,2005-02-01,Espirito Santo,Sudeste,1.0,False,1.0
2005,Fevereiro,2,2005-02-01,Goias,Centro-Oeste,84.0,False,84.0
2005,Fevereiro,2,2005-02-01,Maranhao,Nordeste,56.0,False,56.0
2005,Fevereiro,2,2005-02-01,Mato Grosso,Centro-Oeste,871.0,True,278.0
2005,Fevereiro,2,2005-02-01,Mato Grosso,Centro-Oeste,221.0,False,221.0
2005,Fevereiro,2,2005-02-01,Minas Gerais,Sudeste,79.0,False,79.0
2005,Fevereiro,2,2005-02-01,Para,Norte,85.0,False,85.0
2005,Fevereiro,2,2005-02-01,Paraiba,Nordeste,15.0,False,15.0
2005,Fevereiro,2,2005-02-01,Paraiba,Nordeste,77.0,False,77.0
2005,Fevereiro,2,2005-02-01,Pernambuco,Nordeste,33.0,False,33.0
2005,Fevereiro,2,2005-02-01,Piau,Nordeste,26.0,False,26.0
2005,Fevereiro,2,2005-02-01,Rio,Sudeste,4.0,False,4.0
2005,Fevereiro,2,2005-02-01,Rio,Sudeste,42.0,False,42.0
2005,Fevereiro,2,2005-02-01,Rio,Sudeste,36.0,False,36.0
2005,Fevereiro,2,2005-02-01,Rondonia,Norte,42.0,False,42.0
2005,Fevereiro,2,2005-02-01,Roraima,Norte,105.0,False,105.0
2005,Fevereiro,2,2005-02-01,Santa Catarina,Sul,46.0,False,46.0
2005,Fevereiro,2,2005-02-01,Sao Paulo,Sudeste,78.0,False,78.0
2005,Fevereiro,2,2005-02-01,Sergipe,Nordeste,19.0,False,19.0
2005,Fevereiro,2,2005-02-01,Tocantins,Norte,27.0,False,27.0
2005,Marco,3,2005-03-01,Acre,Norte,3.0,False,3.0
2005,Marco,3,2005-03-01,Alagoas,Nordeste,35.0,False,35.0
2005,Marco,3,2005-03-01,Amapa,Norte,0.0,False,0.0
2005,Marco,3,2005-03-01,Amazonas,Norte,12.0,False,12.0
2005,Marco,3,2005-03-01,Bahia,Nordeste,158.0,False,158.0
2005,Marco,3,2005-03-01,Ceara,Nordeste,5.0,False,5.0
2005,Marco,3,2005-03-01,Distrito Federal,Centro-Oeste,0.0,False,0.0
2005,Marco,3,2005-03-01,Espirito Santo,Sudeste,3.0,False,3.0
2005,Marco,3,2005-03-01,Goias,Centro-Oeste,36.0,False,36.0
2005,Marco,3,2005-03-01,Maranhao,Nordeste,9.0,False,9.0
2005,Marco,3,2005-03-01,Mato Grosso,Centro-Oeste,362.0,True,278.0
2005,Marco,3,2005-03-01,Mato Grosso,Centro-Oeste,158.0,False,158.0
2005,Marco,3,2005-03-01,Minas Gerais,Sudeste,107.0,False,107.0
2005,Marco,3,2005-03-01,Para,Norte,21.0,False,21.0
2005,Marco,3,2005-03-01,Paraiba,Nordeste,13.0,False,13.0
2005,Marco,3,2005-03-01,Paraiba,Nordeste,84.0,False,84.0
2005,Marco,3,2005-03-01,Pernambuco,Nordeste,45.0,False,45.0
2005,Marco,3,2005-03-01,Piau,Nordeste,13.0,False,13.0
2005,Marco,3,2005-03-01,Rio,Sudeste,7.0,False,7.0
2005,Marco,3,2005-03-01,Rio,Sudeste,15.0,False,15.0
2005,Marco,3,2005-03-01,Rio,Sudeste,153.0,False,153.0
2005,Marco,3,2005-03-01,Rondonia,Norte,17.0,False,17.0
2005,Marco,3,2005-03-01,Roraima,Norte,244.0,False,244.0
2005,Marco,3,2005-03-01,Santa Catarina,Sul,92.0,False,92.0
2005,Marco,3,2005-03-01,Sao Paulo,Sudeste,73.0,False,73.0
2005,Marco,3,2005-03-01,Sergipe,Nordeste,28.0,False,28.0
2005,Marco,3,2005-03-01,Tocantins,Norte,13.0,False,13.0
2005,Abril,4,2005-04-01,Acre,Norte,1.0,False,1.0
2005,Abril,4,2005-04-01,Alagoas,Nordeste,1.0,False,1.0
2005,Abril,4,2005-04-01,Amapa,Norte,0.0,False,0.0
2005,Abril,4,2005-04-01,Amazonas,Norte,5.0,False,5.0
2005,Abril,4,2005-04-01,Bahia,Nordeste,76.0,False,76.0
2005,Abril,4,2005-04-01,Ceara,Nordeste,4.0,False,4.0
2005,Abril,4,2005-04-01,Distrito Federal,Centro-Oeste,0.0,False,0.0
2005,Abril,4,2005-04-01,Espirito Santo,Sudeste,4.0,False,4.0
2005,Abril,4,2005-04-01,Goias,Centro-Oeste,55.0,False,55.0
2005,Abril,4,2005-04-01,Maranhao,Nordeste,43.0,False,43.0
2005,Abril,4,2005-04-01,Mato Grosso,Centro-Oeste,372.0,True,278.0
2005,Abril,4,2005-04-01,Mato Grosso,Centro-Oeste,126.0,False,126.0
2005,Abril,4,2005-04-01,Minas Gerais,Sudeste,89.0,False,89.0
2005,Abril,4,2005-04-01,Para,Norte,14.0,False,14.0
2005,Abril,4,2005-04-01,Paraiba,Nordeste,2.0,False,2.0
2005,Abril,4,2005-04-01,Paraiba,Nordeste,22.0,False,22.0
2005,Abril,4,2005-04-01,Pernambuco,Nordeste,1.0,False,1.0
2005,Abril,4,2005-04-01,Piau,Nordeste,3.0,False,3.0
2005,Abril,4,2005-04-01,Rio,Sudeste,1.0,False,1.0
2005,Abril,4,2005-04-01,Rio,Sudeste,2.0,False,2.0
2005,Abril,4,2005-04-01,Rio,Sudeste,14.0,False,14.0
2005,Abril,4,2005-04-01,Rondonia,Norte,7.0,False,7.0
2005,Abril,4,2005-04-01,Roraima,Norte,22.0,False,22.0
2005,Abril,4,2005-04-01,Santa Catarina,Sul,25.0,False,25.0
2005,Abril,4,2005-04-01,Sao Paulo,Sudeste,62.0,False,62.0
2005,Abril,4,2005-04-01,Sergipe,Nordeste,8.0,False,8.0
2005,Abril,4,2005-04-01,Tocantins,Norte,52.0,False,52.0
2005,Maio,5,2005-05-01,Acre,Norte,2.0,False,2.0
2005,Maio,5,2005-05-01,Alagoas,Nordeste,0.0,False,0.0
2005,Maio,5,2005-05-01,Amapa,Norte,0.0,False,0.0
2005,Maio,5,2005-05-01,Amazonas,Norte,8.0,False,8.0
2005,Maio,5,2005-05-01,Bahia,Nordeste,120.0,False,120.0
2005,Maio,5,2005-05-01,Ceara,Nordeste,1.0,False,1.0
2005,Maio,5,2005-05-01,Distrito Federal,Centro-Oeste,2.0,False,2.0
2005,Maio,5,2005-05-01,Espirito Santo,Sudeste,5.0,False,5.0
2005,Maio,5,2005-05-01,Goias,Centro-Oeste,164.0,False,164.0
2005,Maio,5,2005-05-01,Maranhao,Nordeste,74.0,False,74.0
2005,Maio,5,2005-05-01,Mato Grosso,Centro-Oeste,1.641,False,1.641
2005,Maio,5,2005-05-01,Mato Grosso,Centro-Oeste,328.0,True,278.0
2005,Maio,5,2005-05-01,Minas Gerais,Sudeste,134.0,False,134.0
2005,Maio,5,2005-05-01,Para,Norte,37.0,False,37.0
2005,Maio,5,2005-05-01,Paraiba,Nordeste,0.0,False,0.0
2005,Maio,5,2005-05-01,Paraiba,Nordeste,125.0,False,125.0
2005,Maio,5,2005-05-01,Pernambuco,Nordeste,1.0,False,1.0
2005,Maio,5,2005-05-01,Piau,Nordeste,22.0,False,22.0
2005,Maio,5,2005-05-01,Rio,Sudeste,11.0,False,11.0
2005,Maio,5,2005-05-01,Rio,Sudeste,3.0,False,3.0
2005,Maio,5,2005-05-01,Rio,Sudeste,24.0,False,24.0
2005,Maio,5,2005-05-01,Rondonia,Norte,38.0,False,38.0
2005,Maio,5,2005-05-01,Roraima,Norte,1.0,False,1.0
2005,Maio,5,2005-05-01,Santa Catarina,Sul,21.0,False,21.0
2005,Maio,5,2005-05-01,Sao Paulo,Sudeste,212.0,False,212.0
2005,Maio,5,2005-05-01,Sergipe,Nordeste,0.0,False,0.0
2005,Maio,5,2005-05-01,Tocantins,Norte,236.0,False,236.0
2005,Junho,6,2005-06-01,Acre,Norte,27.0,False,27.0
2005,Junho,6,2005-06-01,Alagoas,Nordeste,0.0,False,0.0
2005,Junho,6,2005-06-01,Amapa,Norte,2.0,False,2.0
2005,Junho,6,2005-06-01,Amazonas,Norte,78.0,False,78.0
2005,Junho,6,2005-06-01,Bahia,Nordeste,211.0,False,211.0
2005,Junho,6,2005-06-01,Ceara,Nordeste,6.0,False,6.0
2005,Junho,6,2005-06-01,Distrito Federal,Centro-Oeste,3.0,False,3.0
2005,Junho,6,2005-06-01,Espirito Santo,Sudeste,8.0,False,8.0
2005,Junho,6,2005-06-01,Goias,Centro-Oeste,189.0,False,189.0
2005,Junho,6,2005-06-01,Maranhao,Nordeste,529.0,True,278.0
2005,Junho,6,2005-06-01,Mato Grosso,Centro-Oeste,2.294,False,2.294
2005,Junho,6,2005-06-01,Mato Grosso,Centro-Oeste,439.0,True,278.0
2005,Junho,6,2005-06-01,Minas Gerais,Sudeste,246.0,False,246.0
2005,Junho,6,2005-06-01,Para,Norte,304.0,True,278.0
2005,Junho,6,2005-06-01,Paraiba,Nordeste,0.0,False,0.0
2005,Junho,6,2005-06-01,Paraiba,Nordeste,114.0,False,114.0
2005,Junho,6,2005-06-01,Pernambuco,Nordeste,3.0,False,3.0
2005,Junho,6,2005-06-01,Piau,Nordeste,171.0,False,171.0
2005,Junho,6,2005-06-01,Rio,Sudeste,16.0,False,16.0
2005,Junho,6,2005-06-01,Rio,Sudeste,0.0,False,0.0
2005,Junho,6,2005-06-01,Rio,Sudeste,50.0,False,50.0
2005,Junho,6,2005-06-01,Rondonia,Norte,153.0,False,153.0
2005,Junho,6,2005-06-01,Roraima,Norte,5.0,False,5.0
2005,Junho,6,2005-06-01,Santa Catarina,Sul,58.0,False,58.0
2005,Junho,6,2005-06-01,Sao Paulo,Sudeste,236.0,False,236.0
2005,Junho,6,2005-06-01,Sergipe,Nordeste,0.0,False,0.0
2005,Junho,6,2005-06-01,Tocantins,Norte,669.0,True,278.0
2005,Julho,7,2005-07-01,Acre,Norte,368.0,True,278.0
2005,Julho,7,2005-07-01,Alagoas,Nordeste,0.0,False,0.0
2005,Julho,7,2005-07-01,Amapa,Norte,0.0,False,0.0
2005,Julho,7,2005-07-01,Amazonas,Norte,676.0,True,278.0
2005,Julho,7,2005-07-01,Bahia,Nordeste,269.0,False,269.0
2005,Julho,7,2005-07-01,Ceara,Nordeste,14.0,False,14.0
2005,Julho,7,2005-07-01,Distrito Federal,Centro-Oeste,24.0,False,24.0
2005,Julho,7,2005-07-01,Espirito Santo,Sudeste,9.0,False,9.0
2005,Julho,7,2005-07-01,Goias,Centro-Oeste,363.0,True,278.0
2005,Julho,7,2005-07-01,Maranhao,Nordeste,1.152,False,1.152
2005,Julho,7,2005-07-01,Mato Grosso,Centro-Oeste,4.172,False,4.172
2005,Julho,7,2005-07-01,Mato Grosso,Centro-Oeste,859.0,True,278.0
2005,Julho,7,2005-07-01,Minas Gerais,Sudeste,467.0,True,278.0
2005,Julho,7,2005-07-01,Para,Norte,4.364,False,4.364
2005,Julho,7,2005-07-01,Paraiba,Nordeste,0.0,False,0.0
2005,Julho,7,2005-07-01,Paraiba,Nordeste,155.0,False,155.0
2005,Julho,7,2005-07-01,Pernambuco,Nordeste,1.0,False,1.0
2005,Julho,7,2005-07-01,Piau,Nordeste,445.0,True,278.0
2005,Julho,7,2005-07-01,Rio,Sudeste,20.0,False,20.0
2005,Julho,7,2005-07-01,Rio,Sudeste,2.0,False,2.0
2005,Julho,7,2005-07-01,Rio,Sudeste,47.0,False,47.0
2005,Julho,7,2005-07-01,Rondonia,Norte,798.0,True,278.0
2005,Julho,7,2005-07-01,Roraima,Norte,2.0,False,2.0
2005,Julho,7,2005-07-01,Santa Catarina,Sul,90.0,False,90.0
2005,Julho,7,2005-07-01,Sao Paulo,Sudeste,284.0,True,278.0
2005,Julho,7,2005-07-01,Sergipe,Nordeste,0.0,False,0.0
2005,Julho,7,2005-07-01,Tocantins,Norte,1.082,False,1.082
2005,Agosto,8,2005-08-01,Acre,Norte,4.198,False,4.198
2005,Agosto,8,2005-08-01,Alagoas,Nordeste,2.0,False,2.0
2005,Agosto,8,2005-08-01,Amapa,Norte,4.0,False,4.0
2005,Agosto,8,2005-08-01,Amazonas,Norte,2.316,False,2.316
2005,Agosto,8,2005-08-01,Bahia,Nordeste,948.0,True,278.0
2005,Agosto,8,2005-08-01,Ceara,Nordeste,51.0,False,51.0
2005,Agosto,8,2005-08-01,Distrito Federal,Centro-Oeste,20.0,False,20.0
2005,Agosto,8,2005-08-01,Espirito Santo,Sudeste,12.0,False,12.0
2005,Agosto,8,2005-08-01,Goias,Centro-Oeste,639.0,True,278.0
2005,Agosto,8,2005-08-01,Maranhao,Nordeste,2.239,False,2.239
2005,Agosto,8,2005-08-01,Mato Grosso,Centro-Oeste,11.57,False,11.57
2005,Agosto,8,2005-08-01,Mato Grosso,Centro-Oeste,4.484,False,4.484
2005,Agosto,8,2005-08-01,Minas Gerais,Sudeste,1.029,False,1.029
2005,Agosto,8,2005-08-01,Para,Norte,13.055,False,13.055
2005,Agosto,8,2005-08-01,Paraiba,Nordeste,0.0,False,0.0
2005,Agosto,8,2005-08-01,Paraiba,Nordeste,800.0,True,278.0
2005,Agosto,8,2005-08-01,Pernambuco,Nordeste,10.0,False,10.0
2005,Agosto,8,2005-08-01,Piau,Nordeste,943.0,True,278.0
2005,Agosto,8,2005-08-01,Rio,Sudeste,98.0,False,98.0
2005,Agosto,8,2005-08-01,Rio,Sudeste,9.0,False,9.0
2005,Agosto,8,2005-08-01,Rio,Sudeste,120.0,False,120.0
2005,Agosto,8,2005-08-01,Rondonia,Norte,6.672,False,6.672
2005,Agosto,8,2005-08-01,Roraima,Norte,9.0,False,9.0
2005,Agosto,8,2005-08-01,Santa Catarina,Sul,391.0,True,278.0
2005,Agosto,8,2005-08-01,Sao Paulo,Sudeste,522.0,True,278.0
2005,Agosto,8,2005-08-01,Sergipe,Nordeste,0.0,False,0.0
2005,Agosto,8,2005-08-01,Tocantins,Norte,1.84,False,1.84
2005,Setembro,9,2005-09-01,Acre,Norte,4.253,False,4.253
2005,Setembro,9,2005-09-01,Alagoas,Nordeste,7.0,False,7.0
2005,Setembro,9,2005-09-01,Amapa,Norte,97.0,False,97.0
2005,Setembro,9,2005-09-01,Amazonas,Norte,2.812,False,2.812
2005,Setembro,9,2005-09-01,Bahia,Nordeste,4.066,False,4.066
2005,Setembro,9,2005-09-01,Ceara,Nordeste,185.0,False,185.0
2005,Setembro,9,2005-09-01,Distrito Federal,Centro-Oeste,23.0,False,23.0
2005,Setembro,9,2005-09-01,Espirito Santo,Sudeste,8.0,False,8.0
2005,Setembro,9,2005-09-01,Goias,Centro-Oeste,1.341,False,1.341
2005,Setembro,9,2005-09-01,Maranhao,Nordeste,6.292,False,6.292
2005,Setembro,9,2005-09-01,Mato Grosso,Centro-Oeste,20.551,False,20.551
2005,Setembro,9,2005-09-01,Mato Grosso,Centro-Oeste,1.87,False,1.87
2005,Setembro,9,2005-09-01,Minas Gerais,Sudeste,2.047,False,2.047
2005,Setembro,9,2005-09-01,Para,Norte,9.032,False,9.032
2005,Setembro,9,2005-09-01,Paraiba,Nordeste,13.0,False,13.0
2005,Setembro,9,2005-09-01,Paraiba,Nordeste,386.0,True,278.0
2005,Setembro,9,2005-09-01,Pernambuco,Nordeste,154.0,False,154.0
2005,Setembro,9,2005-09-01,Piau,Nordeste,3.136,False,3.136
2005,Setembro,9,2005-09-01,Rio,Sudeste,46.0,False,46.0
2005,Setembro,9,2005-09-01,Rio,Sudeste,37.0,False,37.0
2005,Setembro,9,2005-09-01,Rio,Sudeste,189.0,False,189.0
2005,Setembro,9,2005-09-01,Rondonia,Norte,13.972,False,13.972
2005,Setembro,9,2005-09-01,Roraima,Norte,72.0,False,72.0
2005,Setembro,9,2005-09-01,Santa Catarina,Sul,116.0,False,116.0
2005,Setembro,9,2005-09-01,Sao Paulo,Sudeste,231.0,False,231.0
2005,Setembro,9,2005-09-01,Sergipe,Nordeste,2.0,False,2.0
2005,Setembro,9,2005-09-01,Tocantins,Norte,5.319,False,5.319
2005,Outubro,10,2005-10-01,Acre,Norte,547.0,True,278.0
2005,Outubro,10,2005-10-01,Alagoas,Nordeste,17.0,False,17.0
2005,Outubro,10,2005-10-01,Amapa,Norte,335.0,True,278.0
2005,Outubro,10,2005-10-01,Amazonas,Norte,545.0,True,278.0
2005,Outubro,10,2005-10-01,Bahia,Nordeste,8.405,False,8.405
2005,Outubro,10,2005-10-01,Ceara,Nordeste,1.378,False,1.378
2005,Outubro,10,2005-10-01,Distrito Federal,Centro-Oeste,18.0,False,18.0
2005,Outubro,10,2005-10-01,Espirito Santo,Sudeste,62.0,False,62.0
2005,Outubro,10,2005-10-01,Goias,Centro-Oeste,1.717,False,1.717
2005,Outubro,10,2005-10-01,Maranhao,Nordeste,6.472,False,6.472
2005,Outubro,10,2005-10-01,Mato Grosso,Centro-Oeste,7.765,False,7.765
2005,Outubro,10,2005-10-01,Mato Grosso,Centro-Oeste,647.0,True,278.0
2005,Outubro,10,2005-10-01,Minas Gerais,Sudeste,6.546,False,6.546
2005,Outubro,10,2005-10-01,Para,Norte,5.083,False,5.083
2005,Outubro,10,2005-10-01,Paraiba,Nordeste,155.0,False,155.0
2005,Outubro,10,2005-10-01,Paraiba,Nordeste,157.0,False,157.0
2005,Outubro,10,2005-10-01,Pernambuco,Nordeste,408.0,True,278.0
2005,Outubro,10,2005-10-01,Piau,Nordeste,3.263,False,3.263
2005,Outubro,10,2005-10-01,Rio,Sudeste,116.0,False,116.0
2005,Outubro,10,2005-10-01,Rio,Sudeste,168.0,False,168.0
2005,Outubro,10,2005-10-01,Rio,Sudeste,83.0,False,83.0
2005,Outubro,10,2005-10-01,Rondonia,Norte,2.559,False,2.559
2005,Outubro,10,2005-10-01,Roraima,Norte,88.0,False,88.0
2005,Outubro,10,2005-10-01,Santa Catarina,Sul,197.0,False,197.0
2005,Outubro,10,2005-10-01,Sao Paulo,Sudeste,221.0,False,221.0
2005,Outubro,10,2005-10-01,Sergipe,Nordeste,11.0,False,11.0
2005,Outubro,10,2005-10-01,Tocantins,Norte,2.913,False,2.913
2005,Novembro,11,2005-11-01,Acre,Norte,14.0,False,14.0
2005,Novembro,11,2005-11-01,Alagoas,Nordeste,25.0,False,25.0
2005,Novembro,11,2005-11-01,Amapa,Norte,685.0,True,278.0
2005,Novembro,11,2005-11-01,Amazonas,Norte,261.0,False,261.0
2005,Novembro,11,2005-11-01,Bahia,Nordeste,1.595,False,1.595
2005,Novembro,11,2005-11-01,Ceara,Nordeste,2.483,False,2.483
2005,Novembro,11,2005-11-01,Distrito Federal,Centro-Oeste,2.0,False,2.0
2005,Novembro,11,2005-11-01,Espirito Santo,Sudeste,0.0,False,0.0
2005,Novembro,11,2005-11-01,Goias,Centro-Oeste,144.0,False,144.0
2005,Novembro,11,2005-11-01,Maranhao,Nordeste,4.769,False,4.769
2005,Novembro,11,2005-11-01,Mato Grosso,Centro-Oeste,1.368,False,1.368
2005,Novembro,11,2005-11-01,Mato Grosso,Centro-Oeste,159.0,False,159.0
2005,Novembro,11,2005-11-01,Minas Gerais,Sudeste,422.0,True,278.0
2005,Novembro,11,2005-11-01,Para,Norte,4.968,False,4.968
2005,Novembro,11,2005-11-01,Paraiba,Nordeste,280.0,True,278.0
2005,Novembro,11,2005-11-01,Paraiba,Nordeste,597.0,True,278.0
2005,Novembro,11,2005-11-01,Pernambuco,Nordeste,452.0,True,278.0
2005,Novembro,11,2005-11-01,Piau,Nordeste,1.599,False,1.599
2005,Novembro,11,2005-11-01,Rio,Sudeste,12.0,False,12.0
2005,Novembro,11,2005-11-01,Rio,Sudeste,249.0,False,249.0
2005,Novembro,11,2005-11-01,Rio,Sudeste,227.0,False,227.0
2005,Novembro,11,2005-11-01,Rondonia,Norte,465.0,True,278.0
2005,Novembro,11,2005-11-01,Roraima,Norte,135.0,False,135.0
2005,Novembro,11,2005-11-01,Santa Catarina,Sul,384.0,True,278.0
2005,Novembro,11,2005-11-01,Sao Paulo,Sudeste,163.0,False,163.0
2005,Novembro,11,2005-11-01,Sergipe,Nordeste,23.0,False,23.0
2005,Novembro,11,2005-11-01,Tocantins,Norte,271.0,False,271.0
2005,Dezembro,12,2005-12-01,Acre,Norte,2.0,False,2.0
2005,Dezembro,12,2005-12-01,Alagoas,Nordeste,16.0,False,16.0
2005,Dezembro,12,2005-12-01,Amapa,Norte,38.0,False,38.0
2005,Dezembro,12,2005-12-01,Amazonas,Norte,17.0,False,17.0
2005,Dezembro,12,2005-12-01,Bahia,Nordeste,116.0,False,116.0
2005,Dezembro,12,2005-12-01,Ceara,Nordeste,1.36,False,1.36
2005,Dezembro,12,2005-12-01,Distrito Federal,Centro-Oeste,0.0,False,0.0
2005,Dezembro,12,2005-12-01,Espirito Santo,Sudeste,5.0,False,5.0
2005,Dezembro,12,2005-12-01,Goias,Centro-Oeste,5.0,False,5.0
2005,Dezembro,12,2005-12-01,Maranhao,Nordeste,1.66,False,1.66
2005,Dezembro,12,2005-12-01,Mato Grosso,Centro-Oeste,246.0,False,246.0
2005,Dezembro,12,2005-12-01,Mato Grosso,Centro-Oeste,46.0,False,46.0
2005,Dezembro,12,2005-12-01,Minas Gerais,Sudeste,65.0,False,65.0
2005,Dezembro,12,2005-12-01,Para,Norte,1.495,False,1.495
2005,Dezembro,12,2005-12-01,Paraiba,Nordeste,159.0,False,159.0
2005,Dezembro,12,2005-12-01,Paraiba,Nordeste,40.0,False,40.0
2005,Dezembro,12,2005-12-01,Pernambuco,Nordeste,191.0,False,191.0
2005,Dezembro,12,2005-12-01,Piau,Nordeste,486.0,True,278.0
2005,Dezembro,12,2005-12-01,Rio,Sudeste,2.0,False,2.0
2005,Dezembro,12,2005-12-01,Rio,Sudeste,149.0,False,149.0
2005,Dezembro,12,2005-12-01,Rio,Sudeste,35.0,False,35.0
2005,Dezembro,12,2005-12-01,Rondonia,Norte,36.0,False,36.0
2005,Dezembro,12,2005-12-01,Roraima,Norte,71.0,False,71.0
2005,Dezembro,12,2005-12-01,Santa Catarina,Sul,17.0,False,17.0
2005,Dezembro,12,2005-12-01,Sao Paulo,Sudeste,15.0,False,15.0
2005,Dezembro,12,2005-12-01,Sergipe,Nordeste,29.0,False,29.0
2005,Dezembro,12,2005-12-01,Tocantins,Norte,53.0,False,53.0
2006,Janeiro,1,2006-01-01,Acre,Norte,4.0,False,4.0
2006,Janeiro,1,2006-01-01,Alagoas,Nordeste,29.0,False,29.0
2006,Janeiro,1,2006-01-01,Amapa,Norte,6.0,False,6.0
2006,Janeiro,1,2006-01-01,Amazonas,Norte,20.0,False,20.0
2006,Janeiro,1,2006-01-01,Bahia,Nordeste,225.0,False,225.0
2006,Janeiro,1,2006-01-01,Ceara,Nordeste,211.0,False,211.0
2006,Janeiro,1,2006-01-01,Distrito Federal,Centro-Oeste,0.0,False,0.0
2006,Janeiro,1,2006-01-01,Espirito Santo,Sudeste,13.0,False,13.0
2006,Janeiro,1,2006-01-01,Goias,Centro-Oeste,85.0,False,85.0
2006,Janeiro,1,2006-01-01,Maranhao,Nordeste,221.0,False,221.0
2006,Janeiro,1,2006-01-01,Mato Grosso,Centro-Oeste,947.0,True,278.0
2006,Janeiro,1,2006-01-01,Mato Grosso,Centro-Oeste,59.0,False,59.0
2006,Janeiro,1,2006-01-01,Minas Gerais,Sudeste,109.0,False,109.0
2006,Janeiro,1,2006-01-01,Para,Norte,403.0,True,278.0
2006,Janeiro,1,2006-01-01,Paraiba,Nordeste,83.0,False,83.0
2006,Janeiro,1,2006-01-01,Paraiba,Nordeste,78.0,False,78.0
2006,Janeiro,1,2006-01-01,Pernambuco,Nordeste,148.0,False,148.0
2006,Janeiro,1,2006-01-01,Piau,Nordeste,133.0,False,133.0
2006,Janeiro,1,2006-01-01,Rio,Sudeste,12.0,False,12.0
2006,Janeiro,1,2006-01-01,Rio,Sudeste,93.0,False,93.0
2006,Janeiro,1,2006-01-01,Rio,Sudeste,46.0,False,46.0
2006,Janeiro,1,2006-01-01,Rondonia,Norte,16.0,False,16.0
2006,Janeiro,1,2006-01-01,Roraima,Norte,70.0,False,70.0
2006,Janeiro,1,2006-01-01,Santa Catarina,Sul,41.0,False,41.0
2006,Janeiro,1,2006-01-01,Sao Paulo,Sudeste,76.0,False,76.0
2006,Janeiro,1,2006-01-01,Sergipe,Nordeste,36.0,False,36.0
2006,Janeiro,1,2006-01-01,Tocantins,Norte,91.0,False,91.0
2006,Fevereiro,2,2006-02-01,Acre,Norte,0.0,False,0.0
2006,Fevereiro,2,2006-02-01,Alagoas,Nordeste,14.0,False,14.0
2006,Fevereiro,2,2006-02-01,Amapa,Norte,2.0,False,2.0
2006,Fevereiro,2,2006-02-01,Amazonas,Norte,10.0,False,10.0
2006,Fevereiro,2,2006-02-01,Bahia,Nordeste,277.0,False,277.0
2006,Fevereiro,2,2006-02-01,Ceara,Nordeste,23.0,False,23.0
2006,Fevereiro,2,2006-02-01,Distrito Federal,Centro-Oeste,0.0,False,0.0
2006,Fevereiro,2,2006-02-01,Espirito Santo,Sudeste,45.0,False,45.0
2006,Fevereiro,2,2006-02-01,Goias,Centro-Oeste,21.0,False,21.0
2006,Fevereiro,2,2006-02-01,Maranhao,Nordeste,22.0,False,22.0
2006,Fevereiro,2,2006-02-01,Mato Grosso,Centro-Oeste,383.0,True,278.0
2006,Fevereiro,2,2006-02-01,Mato Grosso,Centro-Oeste,104.0,False,104.0
2006,Fevereiro,2,2006-02-01,Minas Gerais,Sudeste,96.0,False,96.0
2006,Fevereiro,2,2006-02-01,Para,Norte,49.0,False,49.0
2006,Fevereiro,2,2006-02-01,Paraiba,Nordeste,7.0,False,7.0
2006,Fevereiro,2,2006-02-01,Paraiba,Nordeste,60.0,False,60.0
2006,Fevereiro,2,2006-02-01,Pernambuco,Nordeste,41.0,False,41.0
2006,Fevereiro,2,2006-02-01,Piau,Nordeste,23.0,False,23.0
2006,Fevereiro,2,2006-02-01,Rio,Sudeste,7.0,False,7.0
2006,Fevereiro,2,2006-02-01,Rio,Sudeste,21.0,False,21.0
2006,Fevereiro,2,2006-02-01,Rio,Sudeste,34.0,False,34.0
2006,Fevereiro,2,2006-02-01,Rondonia,Norte,17.0,False,17.0
2006,Fevereiro,2,2006-02-01,Roraima,Norte,283.0,True,278.0
2006,Fevereiro,2,2006-02-01,Santa Catarina,Sul,18.0,False,18.0
2006,Fevereiro,2,2006-02-01,Sao Paulo,Sudeste,59.0,False,59.0
2006,Fevereiro,2,2006-02-01,Sergipe,Nordeste,36.0,False,36.0
2006,Fevereiro,2,2006-02-01,Tocantins,Norte,14.0,False,14.0
2006,Marco,3,2006-03-01,Acre,Norte,0.0,False,0.0
2006,Marco,3,2006-03-01,Alagoas,Nordeste,37.0,False,37.0
2006,Marco,3,2006-03-01,Amapa,Norte,0.0,False,0.0
2006,Marco,3,2006-03-01,Amazonas,Norte,20.0,False,20.0
2006,Marco,3,2006-03-01,Bahia,Nordeste,199.0,False,199.0
2006,Marco,3,2006-03-01,Ceara,Nordeste,3.0,False,3.0
2006,Marco,3,2006-03-01,Distrito Federal,Centro-Oeste,0.0,False,0.0
2006,Marco,3,2006-03-01,Espirito Santo,Sudeste,14.0,False,14.0
2006,Marco,3,2006-03-01,Goias,Centro-Oeste,29.0,False,29.0
2006,Marco,3,2006-03-01,Maranhao,Nordeste,14.0,False,14.0
2006,Marco,3,2006-03-01,Mato Grosso,Centro-Oeste,448.0,True,278.0
2006,Marco,3,2006-03-01,Mato Grosso,Centro-Oeste,137.0,False,137.0
2006,Marco,3,2006-03-01,Minas Gerais,Sudeste,69.0,False,69.0
2006,Marco,3,2006-03-01,Para,Norte,10.0,False,10.0
2006,Marco,3,2006-03-01,Paraiba,Nordeste,4.0,False,4.0
2006,Marco,3,2006-03-01,Paraiba,Nordeste,56.0,False,56.0
2006,Marco,3,2006-03-01,Pernambuco,Nordeste,18.0,False,18.0
2006,Marco,3,2006-03-01,Piau,Nordeste,18.0,False,18.0
2006,Marco,3,2006-03-01,Rio,Sudeste,8.0,False,8.0
2006,Marco,3,2006-03-01,Rio,Sudeste,8.0,False,8.0
2006,Marco,3,2006-03-01,Rio,Sudeste,76.0,False,76.0
2006,Marco,3,2006-03-01,Rondonia,Norte,15.0,False,15.0
2006,Marco,3,2006-03-01,Roraima,Norte,385.0,True,278.0
2006,Marco,3,2006-03-01,Santa Catarina,Sul,48.0,False,48.0
2006,Marco,3,2006-03-01,Sao Paulo,Sudeste,106.0,False,106.0
2006,Marco,3,2006-03-01,Sergipe,Nordeste,41.0,False,41.0
2006,Marco,3,2006-03-01,Tocantins,Norte,11.0,False,11.0
2006,Abril,4,2006-04-01,Acre,Norte,0.0,False,0.0
2006,Abril,4,2006-04-01,Alagoas,Nordeste,2.0,False,2.0
2006,Abril,4,2006-04-01,Amapa,Norte,0.0,False,0.0
2006,Abril,4,2006-04-01,Amazonas,Norte,5.0,False,5.0
2006,Abril,4,2006-04-01,Bahia,Nordeste,60.0,False,60.0
2006,Abril,4,2006-04-01,Ceara,Nordeste,1.0,False,1.0
2006,Abril,4,2006-04-01,Distrito Federal,Centro-Oeste,0.0,False,0.0
2006,Abril,4,2006-04-01,Espirito Santo,Sudeste,1.0,False,1.0
2006,Abril,4,2006-04-01,Goias,Centro-Oeste,22.0,False,22.0
2006,Abril,4,2006-04-01,Maranhao,Nordeste,9.0,False,9.0
2006,Abril,4,2006-04-01,Mato Grosso,Centro-Oeste,161.0,False,161.0
2006,Abril,4,2006-04-01,Mato Grosso,Centro-Oeste,51.0,False,51.0
2006,Abril,4,2006-04-01,Minas Gerais,Sudeste,50.0,False,50.0
2006,Abril,4,2006-04-01,Para,Norte,2.0,False,2.0
2006,Abril,4,2006-04-01,Paraiba,Nordeste,0.0,False,0.0
2006,Abril,4,2006-04-01,Paraiba,Nordeste,49.0,False,49.0
2006,Abril,4,2006-04-01,Pernambuco,Nordeste,2.0,False,2.0
2006,Abril,4,2006-04-01,Piau,Nordeste,1.0,False,1.0
2006,Abril,4,2006-04-01,Rio,Sudeste,8.0,False,8.0
2006,Abril,4,2006-04-01,Rio,Sudeste,2.0,False,2.0
2006,Abril,4,2006-04-01,Rio,Sudeste,59.0,False,59.0
2006,Abril,4,2006-04-01,Rondonia,Norte,0.0,False,0.0
2006,Abril,4,2006-04-01,Roraima,Norte,201.0,False,201.0
2006,Abril,4,2006-04-01,Santa Catarina,Sul,30.0,False,30.0
2006,Abril,4,2006-04-01,Sao Paulo,Sudeste,63.0,False,63.0
2006,Abril,4,2006-04-01,Sergipe,Nordeste,9.0,False,9.0
2006,Abril,4,2006-04-01,Tocantins,Norte,4.0,False,4.0
2006,Maio,5,2006-05-01,Acre,Norte,8.0,False,8.0
2006,Maio,5,2006-05-01,Alagoas,Nordeste,0.0,False,0.0
2006,Maio,5,2006-05-01,Amapa,Norte,0.0,False,0.0
2006,Maio,5,2006-05-01,Amazonas,Norte,4.0,False,4.0
2006,Maio,5,2006-05-01,Bahia,Nordeste,43.0,False,43.0
2006,Maio,5,2006-05-01,Ceara,Nordeste,0.0,False,0.0
2006,Maio,5,2006-05-01,Distrito Federal,Centro-Oeste,3.0,False,3.0
2006,Maio,5,2006-05-01,Espirito Santo,Sudeste,0.0,False,0.0
2006,Maio,5,2006-05-01,Goias,Centro-Oeste,33.0,False,33.0
2006,Maio,5,2006-05-01,Maranhao,Nordeste,5.0,False,5.0
2006,Maio,5,2006-05-01,Mato Grosso,Centro-Oeste,269.0,False,269.0
2006,Maio,5,2006-05-01,Mato Grosso,Centro-Oeste,99.0,False,99.0
2006,Maio,5,2006-05-01,Minas Gerais,Sudeste,62.0,False,62.0
2006,Maio,5,2006-05-01,Para,Norte,0.0,False,0.0
2006,Maio,5,2006-05-01,Paraiba,Nordeste,0.0,False,0.0
2006,Maio,5,2006-05-01,Paraiba,Nordeste,90.0,False,90.0
2006,Maio,5,2006-05-01,Pernambuco,Nordeste,1.0,False,1.0
2006,Maio,5,2006-05-01,Piau,Nordeste,0.0,False,0.0
2006,Maio,5,2006-05-01,Rio,Sudeste,4.0,False,4.0
2006,Maio,5,2006-05-01,Rio,Sudeste,0.0,False,0.0
2006,Maio,5,2006-05-01,Rio,Sudeste,24.0,False,24.0
2006,Maio,5,2006-05-01,Rondonia,Norte,7.0,False,7.0
2006,Maio,5,2006-05-01,Roraima,Norte,0.0,False,0.0
2006,Maio,5,2006-05-01,Santa Catarina,Sul,33.0,False,33.0
2006,Maio,5,2006-05-01,Sao Paulo,Sudeste,88.0,False,88.0
2006,Maio,5,2006-05-01,Sergipe,Nordeste,0.0,False,0.0
2006,Maio,5,2006-05-01,Tocantins,Norte,35.0,False,35.0
2006,Junho,6,2006-06-01,Acre,Norte,1.0,False,1.0
2006,Junho,6,2006-06-01,Alagoas,Nordeste,0.0,False,0.0
2006,Junho,6,2006-06-01,Amapa,Norte,0.0,False,0.0
2006,Junho,6,2006-06-01,Amazonas,Norte,9.0,False,9.0
2006,Junho,6,2006-06-01,Bahia,Nordeste,68.0,False,68.0
2006,Junho,6,2006-06-01,Ceara,Nordeste,0.0,False,0.0
2006,Junho,6,2006-06-01,Distrito Federal,Centro-Oeste,2.0,False,2.0
2006,Junho,6,2006-06-01,Espirito Santo,Sudeste,5.0,False,5.0
2006,Junho,6,2006-06-01,Goias,Centro-Oeste,70.0,False,70.0
2006,Junho,6,2006-06-01,Maranhao,Nordeste,131.0,False,131.0
2006,Junho,6,2006-06-01,Mato Grosso,Centro-Oeste,856.0,True,278.0
2006,Junho,6,2006-06-01,Mato Grosso,Centro-Oeste,89.0,False,89.0
2006,Junho,6,2006-06-01,Minas Gerais,Sudeste,73.0,False,73.0
2006,Junho,6,2006-06-01,Para,Norte,78.0,False,78.0
2006,Junho,6,2006-06-01,Paraiba,Nordeste,0.0,False,0.0
2006,Junho,6,2006-06-01,Paraiba,Nordeste,62.0,False,62.0
2006,Junho,6,2006-06-01,Pernambuco,Nordeste,0.0,False,0.0
2006,Junho,6,2006-06-01,Piau,Nordeste,40.0,False,40.0
2006,Junho,6,2006-06-01,Rio,Sudeste,19.0,False,19.0
2006,Junho,6,2006-06-01,Rio,Sudeste,0.0,False,0.0
2006,Junho,6,2006-06-01,Rio,Sudeste,7.0,False,7.0
2006,Junho,6,2006-06-01,Rondonia,Norte,40.0,False,40.0
2006,Junho,6,2006-06-01,Roraima,Norte,0.0,False,0.0
2006,Junho,6,2006-06-01,Santa Catarina,Sul,32.0,False,32.0
2006,Junho,6,2006-06-01,Sao Paulo,Sudeste,97.0,False,97.0
2006,Junho,6,2006-06-01,Sergipe,Nordeste,0.0,False,0.0
2006,Junho,6,2006-06-01,Tocantins,Norte,289.0,True,278.0
2006,Julho,7,2006-07-01,Acre,Norte,33.0,False,33.0
2006,Julho,7,2006-07-01,Alagoas,Nordeste,0.0,False,0.0
2006,Julho,7,2006-07-01,Amapa,Norte,0.0,False,0.0
2006,Julho,7,2006-07-01,Amazonas,Norte,123.0,False,123.0
2006,Julho,7,2006-07-01,Bahia,Nordeste,229.0,False,229.0
2006,Julho,7,2006-07-01,Ceara,Nordeste,1.0,False,1.0
2006,Julho,7,2006-07-01,Distrito Federal,Centro-Oeste,10.0,False,10.0
2006,Julho,7,2006-07-01,Espirito Santo,Sudeste,11.0,False,11.0
2006,Julho,7,2006-07-01,Goias,Centro-Oeste,169.0,False,169.0
2006,Julho,7,2006-07-01,Maranhao,Nordeste,512.0,True,278.0
2006,Julho,7,2006-07-01,Mato Grosso,Centro-Oeste,1.941,False,1.941
2006,Julho,7,2006-07-01,Mato Grosso,Centro-Oeste,289.0,True,278.0
2006,Julho,7,2006-07-01,Minas Gerais,Sudeste,336.0,True,278.0
2006,Julho,7,2006-07-01,Para,Norte,615.0,True,278.0
2006,Julho,7,2006-07-01,Paraiba,Nordeste,1.0,False,1.0
2006,Julho,7,2006-07-01,Paraiba,Nordeste,139.0,False,139.0
2006,Julho,7,2006-07-01,Pernambuco,Nordeste,1.0,False,1.0
2006,Julho,7,2006-07-01,Piau,Nordeste,150.0,False,150.0
2006,Julho,7,2006-07-01,Rio,Sudeste,54.0,False,54.0
2006,Julho,7,2006-07-01,Rio,Sudeste,0.0,False,0.0
2006,Julho,7,2006-07-01,Rio,Sudeste,45.0,False,45.0
2006,Julho,7,2006-07-01,Rondonia,Norte,314.0,True,278.0
2006,Julho,7,2006-07-01,Roraima,Norte,0.0,False,0.0
2006,Julho,7,2006-07-01,Santa Catarina,Sul,74.0,False,74.0
2006,Julho,7,2006-07-01,Sao Paulo,Sudeste,245.0,False,245.0
2006,Julho,7,2006-07-01,Sergipe,Nordeste,0.0,False,0.0
2006,Julho,7,2006-07-01,Tocantins,Norte,430.0,True,278.0
2006,Agosto,8,2006-08-01,Acre,Norte,839.0,True,278.0
2006,Agosto,8,2006-08-01,Alagoas,Nordeste,1.0,False,1.0
2006,Agosto,8,2006-08-01,Amapa,Norte,11.0,False,11.0
2006,Agosto,8,2006-08-01,Amazonas,Norte,1.422,False,1.422
2006,Agosto,8,2006-08-01,Bahia,Nordeste,995.0,True,278.0
2006,Agosto,8,2006-08-01,Ceara,Nordeste,50.0,False,50.0
2006,Agosto,8,2006-08-01,Distrito Federal,Centro-Oeste,40.0,False,40.0
2006,Agosto,8,2006-08-01,Espirito Santo,Sudeste,29.0,False,29.0
2006,Agosto,8,2006-08-01,Goias,Centro-Oeste,588.0,True,278.0
2006,Agosto,8,2006-08-01,Maranhao,Nordeste,1.382,False,1.382
2006,Agosto,8,2006-08-01,Mato Grosso,Centro-Oeste,6.218,False,6.218
2006,Agosto,8,2006-08-01,Mato Grosso,Centro-Oeste,1.129,False,1.129
2006,Agosto,8,2006-08-01,Minas Gerais,Sudeste,959.0,True,278.0
2006,Agosto,8,2006-08-01,Para,Norte,7.575,False,7.575
2006,Agosto,8,2006-08-01,Paraiba,Nordeste,3.0,False,3.0
2006,Agosto,8,2006-08-01,Paraiba,Nordeste,844.0,True,278.0
2006,Agosto,8,2006-08-01,Pernambuco,Nordeste,8.0,False,8.0
2006,Agosto,8,2006-08-01,Piau,Nordeste,911.0,True,278.0
2006,Agosto,8,2006-08-01,Rio,Sudeste,79.0,False,79.0
2006,Agosto,8,2006-08-01,Rio,Sudeste,13.0,False,13.0
2006,Agosto,8,2006-08-01,Rio,Sudeste,642.0,True,278.0
2006,Agosto,8,2006-08-01,Rondonia,Norte,3.124,False,3.124
2006,Agosto,8,2006-08-01,Roraima,Norte,4.0,False,4.0
2006,Agosto,8,2006-08-01,Santa Catarina,Sul,728.0,True,278.0
2006,Agosto,8,2006-08-01,Sao Paulo,Sudeste,572.0,True,278.0
2006,Agosto,8,2006-08-01,Sergipe,Nordeste,0.0,False,0.0
2006,Agosto,8,2006-08-01,Tocantins,Norte,1.277,False,1.277
2006,Setembro,9,2006-09-01,Acre,Norte,2.37,False,2.37
2006,Setembro,9,2006-09-01,Alagoas,Nordeste,4.0,False,4.0
2006,Setembro,9,2006-09-01,Amapa,Norte,112.0,False,112.0
2006,Setembro,9,2006-09-01,Amazonas,Norte,2.218,False,2.218
2006,Setembro,9,2006-09-01,Bahia,Nordeste,3.006,False,3.006
2006,Setembro,9,2006-09-01,Ceara,Nordeste,237.0,False,237.0
2006,Setembro,9,2006-09-01,Distrito Federal,Centro-Oeste,20.0,False,20.0
2006,Setembro,9,2006-09-01,Espirito Santo,Sudeste,87.0,False,87.0
2006,Setembro,9,2006-09-01,Goias,Centro-Oeste,1.463,False,1.463
2006,Setembro,9,2006-09-01,Maranhao,Nordeste,2.907,False,2.907
2006,Setembro,9,2006-09-01,Mato Grosso,Centro-Oeste,12.661,False,12.661
2006,Setembro,9,2006-09-01,Mato Grosso,Centro-Oeste,1.078,False,1.078
2006,Setembro,9,2006-09-01,Minas Gerais,Sudeste,2.78,False,2.78
2006,Setembro,9,2006-09-01,Para,Norte,8.372,False,8.372
2006,Setembro,9,2006-09-01,Paraiba,Nordeste,27.0,False,27.0
2006,Setembro,9,2006-09-01,Paraiba,Nordeste,866.0,True,278.0
2006,Setembro,9,2006-09-01,Pernambuco,Nordeste,147.0,False,147.0
2006,Setembro,9,2006-09-01,Piau,Nordeste,1.618,False,1.618
2006,Setembro,9,2006-09-01,Rio,Sudeste,197.0,False,197.0
2006,Setembro,9,2006-09-01,Rio,Sudeste,50.0,False,50.0
2006,Setembro,9,2006-09-01,Rio,Sudeste,444.0,True,278.0
2006,Setembro,9,2006-09-01,Rondonia,Norte,9.92,False,9.92
2006,Setembro,9,2006-09-01,Roraima,Norte,40.0,False,40.0
2006,Setembro,9,2006-09-01,Santa Catarina,Sul,530.0,True,278.0
2006,Setembro,9,2006-09-01,Sao Paulo,Sudeste,694.0,True,278.0
2006,Setembro,9,2006-09-01,Sergipe,Nordeste,0.0,False,0.0
2006,Setembro,9,2006-09-01,Tocantins,Norte,2.979,False,2.979
2006,Outubro,10,2006-10-01,Acre,Norte,316.0,True,278.0
2006,Outubro,10,2006-10-01,Alagoas,Nordeste,32.0,False,32.0
2006,Outubro,10,2006-10-01,Amapa,Norte,405.0,True,278.0
2006,Outubro,10,2006-10-01,Amazonas,Norte,721.0,True,278.0
2006,Outubro,10,2006-10-01,Bahia,Nordeste,2.079,False,2.079
2006,Outubro,10,2006-10-01,Ceara,Nordeste,581.0,True,278.0
2006,Outubro,10,2006-10-01,Distrito Federal,Centro-Oeste,1.0,False,1.0
2006,Outubro,10,2006-10-01,Espirito Santo,Sudeste,10.0,False,10.0
2006,Outubro,10,2006-10-01,Goias,Centro-Oeste,178.0,False,178.0
2006,Outubro,10,2006-10-01,Maranhao,Nordeste,3.024,False,3.024
2006,Outubro,10,2006-10-01,Mato Grosso,Centro-Oeste,2.327,False,2.327
2006,Outubro,10,2006-10-01,Mato Grosso,Centro-Oeste,244.0,False,244.0
2006,Outubro,10,2006-10-01,Minas Gerais,Sudeste,616.0,True,278.0
2006,Outubro,10,2006-10-01,Para,Norte,5.964,False,5.964
2006,Outubro,10,2006-10-01,Paraiba,Nordeste,135.0,False,135.0
2006,Outubro,10,2006-10-01,Paraiba,Nordeste,327.0,True,278.0
2006,Outubro,10,2006-10-01,Pernambuco,Nordeste,310.0,True,278.0
2006,Outubro,10,2006-10-01,Piau,Nordeste,1.443,False,1.443
2006,Outubro,10,2006-10-01,Rio,Sudeste,12.0,False,12.0
2006,Outubro,10,2006-10-01,Rio,Sudeste,85.0,False,85.0
2006,Outubro,10,2006-10-01,Rio,Sudeste,160.0,False,160.0
2006,Outubro,10,2006-10-01,Rondonia,Norte,1.148,False,1.148
2006,Outubro,10,2006-10-01,Roraima,Norte,135.0,False,135.0
2006,Outubro,10,2006-10-01,Santa Catarina,Sul,269.0,False,269.0
2006,Outubro,10,2006-10-01,Sao Paulo,Sudeste,153.0,False,153.0
2006,Outubro,10,2006-10-01,Sergipe,Nordeste,3.0,False,3.0
2006,Outubro,10,2006-10-01,Tocantins,Norte,1.176,False,1.176
2006,Novembro,11,2006-11-01,Acre,Norte,18.0,False,18.0
2006,Novembro,11,2006-11-01,Alagoas,Nordeste,12.0,False,12.0
2006,Novembro,11,2006-11-01,Amapa,Norte,207.0,False,207.0
2006,Novembro,11,2006-11-01,Amazonas,Norte,59.0,False,59.0
2006,Novembro,11,2006-11-01,Bahia,Nordeste,239.0,False,239.0
2006,Novembro,11,2006-11-01,Ceara,Nordeste,1.012,False,1.012
2006,Novembro,11,2006-11-01,Distrito Federal,Centro-Oeste,0.0,False,0.0
2006,Novembro,11,2006-11-01,Espirito Santo,Sudeste,0.0,False,0.0
2006,Novembro,11,2006-11-01,Goias,Centro-Oeste,91.0,False,91.0
2006,Novembro,11,2006-11-01,Maranhao,Nordeste,2.004,False,2.004
2006,Novembro,11,2006-11-01,Mato Grosso,Centro-Oeste,1.031,False,1.031
2006,Novembro,11,2006-11-01,Mato Grosso,Centro-Oeste,83.0,False,83.0
2006,Novembro,11,2006-11-01,Minas Gerais,Sudeste,59.0,False,59.0
2006,Novembro,11,2006-11-01,Para,Norte,2.883,False,2.883
2006,Novembro,11,2006-11-01,Paraiba,Nordeste,215.0,False,215.0
2006,Novembro,11,2006-11-01,Paraiba,Nordeste,60.0,False,60.0
2006,Novembro,11,2006-11-01,Pernambuco,Nordeste,385.0,True,278.0
2006,Novembro,11,2006-11-01,Piau,Nordeste,740.0,True,278.0
2006,Novembro,11,2006-11-01,Rio,Sudeste,1.0,False,1.0
2006,Novembro,11,2006-11-01,Rio,Sudeste,148.0,False,148.0
2006,Novembro,11,2006-11-01,Rio,Sudeste,27.0,False,27.0
2006,Novembro,11,2006-11-01,Rondonia,Norte,253.0,False,253.0
2006,Novembro,11,2006-11-01,Roraima,Norte,26.0,False,26.0
2006,Novembro,11,2006-11-01,Santa Catarina,Sul,45.0,False,45.0
2006,Novembro,11,2006-11-01,Sao Paulo,Sudeste,43.0,False,43.0
2006,Novembro,11,2006-11-01,Sergipe,Nordeste,5.0,False,5.0
2006,Novembro,11,2006-11-01,Tocantins,Norte,108.0,False,108.0
2006,Dezembro,12,2006-12-01,Acre,Norte,0.0,False,0.0
2006,Dezembro,12,2006-12-01,Alagoas,Nordeste,30.0,False,30.0
2006,Dezembro,12,2006-12-01,Amapa,Norte,74.0,False,74.0
2006,Dezembro,12,2006-12-01,Amazonas,Norte,23.0,False,23.0
2006,Dezembro,12,2006-12-01,Bahia,Nordeste,169.0,False,169.0
2006,Dezembro,12,2006-12-01,Ceara,Nordeste,1.161,False,1.161
2006,Dezembro,12,2006-12-01,Distrito Federal,Centro-Oeste,0.0,False,0.0
2006,Dezembro,12,2006-12-01,Espirito Santo,Sudeste,0.0,False,0.0
2006,Dezembro,12,2006-12-01,Goias,Centro-Oeste,7.0,False,7.0
2006,Dezembro,12,2006-12-01,Maranhao,Nordeste,1.052,False,1.052
2006,Dezembro,12,2006-12-01,Mato Grosso,Centro-Oeste,23.0,False,23.0
2006,Dezembro,12,2006-12-01,Mato Grosso,Centro-Oeste,18.0,False,18.0
2006,Dezembro,12,2006-12-01,Minas Gerais,Sudeste,32.0,False,32.0
2006,Dezembro,12,2006-12-01,Para,Norte,1.417,False,1.417
2006,Dezembro,12,2006-12-01,Paraiba,Nordeste,196.0,False,196.0
2006,Dezembro,12,2006-12-01,Paraiba,Nordeste,6.0,False,6.0
2006,Dezembro,12,2006-12-01,Pernambuco,Nordeste,207.0,False,207.0
2006,Dezembro,12,2006-12-01,Piau,Nordeste,339.0,True,278.0
2006,Dezembro,12,2006-12-01,Rio,Sudeste,0.0,False,0.0
2006,Dezembro,12,2006-12-01,Rio,Sudeste,101.0,False,101.0
2006,Dezembro,12,2006-12-01,Rio,Sudeste,15.0,False,15.0
2006,Dezembro,12,2006-12-01,Rondonia,Norte,4.0,False,4.0
2006,Dezembro,12,2006-12-01,Roraima,Norte,101.0,False,101.0
2006,Dezembro,12,2006-12-01,Santa Catarina,Sul,7.0,False,7.0
2006,Dezembro,12,2006-12-01,Sao Paulo,Sudeste,13.0,False,13.0
2006,Dezembro,12,2006-12-01,Sergipe,Nordeste,17.0,False,17.0
2006,Dezembro,12,2006-12-01,Tocantins,Norte,15.0,False,15.0
2007,Janeiro,1,2007-01-01,Acre,Norte,0.0,False,0.0
2007,Janeiro,1,2007-01-01,Alagoas,Nordeste,33.0,False,33.0
2007,Janeiro,1,2007-01-01,Amapa,Norte,0.0,False,0.0
2007,Janeiro,1,2007-01-01,Amazonas,Norte,37.0,False,37.0
2007,Janeiro,1,2007-01-01,Bahia,Nordeste,373.0,True,278.0
2007,Janeiro,1,2007-01-01,Ceara,Nordeste,304.0,True,278.0
2007,Janeiro,1,2007-01-01,Distrito Federal,Centro-Oeste,0.0,False,0.0
2007,Janeiro,1,2007-01-01,Espirito Santo,Sudeste,0.0,False,0.0
2007,Janeiro,1,2007-01-01,Goias,Centro-Oeste,28.0,False,28.0
2007,Janeiro,1,2007-01-01,Maranhao,Nordeste,428.0,True,278.0
2007,Janeiro,1,2007-01-01,Mato Grosso,Centro-Oeste,476.0,True,278.0
2007,Janeiro,1,2007-01-01,Mato Grosso,Centro-Oeste,19.0,False,19.0
2007,Janeiro,1,2007-01-01,Minas Gerais,Sudeste,91.0,False,91.0
2007,Janeiro,1,2007-01-01,Para,Norte,467.0,True,278.0
2007,Janeiro,1,2007-01-01,Paraiba,Nordeste,69.0,False,69.0
2007,Janeiro,1,2007-01-01,Paraiba,Nordeste,11.0,False,11.0
2007,Janeiro,1,2007-01-01,Pernambuco,Nordeste,156.0,False,156.0
2007,Janeiro,1,2007-01-01,Piau,Nordeste,123.0,False,123.0
2007,Janeiro,1,2007-01-01,Rio,Sudeste,0.0,False,0.0
2007,Janeiro,1,2007-01-01,Rio,Sudeste,63.0,False,63.0
2007,Janeiro,1,2007-01-01,Rio,Sudeste,37.0,False,37.0
2007,Janeiro,1,2007-01-01,Rondonia,Norte,33.0,False,33.0
2007,Janeiro,1,2007-01-01,Roraima,Norte,194.0,False,194.0
2007,Janeiro,1,2007-01-01,Santa Catarina,Sul,9.0,False,9.0
2007,Janeiro,1,2007-01-01,Sao Paulo,Sudeste,14.0,False,14.0
2007,Janeiro,1,2007-01-01,Sergipe,Nordeste,56.0,False,56.0
2007,Janeiro,1,2007-01-01,Tocantins,Norte,34.0,False,34.0
2007,Fevereiro,2,2007-02-01,Acre,Norte,5.0,False,5.0
2007,Fevereiro,2,2007-02-01,Alagoas,Nordeste,28.0,False,28.0
2007,Fevereiro,2,2007-02-01,Amapa,Norte,0.0,False,0.0
2007,Fevereiro,2,2007-02-01,Amazonas,Norte,92.0,False,92.0
2007,Fevereiro,2,2007-02-01,Bahia,Nordeste,113.0,False,113.0
2007,Fevereiro,2,2007-02-01,Ceara,Nordeste,3.0,False,3.0
2007,Fevereiro,2,2007-02-01,Distrito Federal,Centro-Oeste,0.0,False,0.0
2007,Fevereiro,2,2007-02-01,Espirito Santo,Sudeste,3.0,False,3.0
2007,Fevereiro,2,2007-02-01,Goias,Centro-Oeste,13.0,False,13.0
2007,Fevereiro,2,2007-02-01,Maranhao,Nordeste,13.0,False,13.0
2007,Fevereiro,2,2007-02-01,Mato Grosso,Centro-Oeste,213.0,False,213.0
2007,Fevereiro,2,2007-02-01,Mato Grosso,Centro-Oeste,111.0,False,111.0
2007,Fevereiro,2,2007-02-01,Minas Gerais,Sudeste,71.0,False,71.0
2007,Fevereiro,2,2007-02-01,Para,Norte,23.0,False,23.0
2007,Fevereiro,2,2007-02-01,Paraiba,Nordeste,7.0,False,7.0
2007,Fevereiro,2,2007-02-01,Paraiba,Nordeste,32.0,False,32.0
2007,Fevereiro,2,2007-02-01,Pernambuco,Nordeste,21.0,False,21.0
2007,Fevereiro,2,2007-02-01,Piau,Nordeste,11.0,False,11.0
2007,Fevereiro,2,2007-02-01,Rio,Sudeste,15.0,False,15.0
2007,Fevereiro,2,2007-02-01,Rio,Sudeste,9.0,False,9.0
2007,Fevereiro,2,2007-02-01,Rio,Sudeste,24.0,False,24.0
2007,Fevereiro,2,2007-02-01,Rondonia,Norte,8.0,False,8.0
2007,Fevereiro,2,2007-02-01,Roraima,Norte,796.0,True,278.0
2007,Fevereiro,2,2007-02-01,Santa Catarina,Sul,14.0,False,14.0
2007,Fevereiro,2,2007-02-01,Sao Paulo,Sudeste,96.0,False,96.0
2007,Fevereiro,2,2007-02-01,Sergipe,Nordeste,22.0,False,22.0
2007,Fevereiro,2,2007-02-01,Tocantins,Norte,8.0,False,8.0
2007,Marco,3,2007-03-01,Acre,Norte,2.0,False,2.0
2007,Marco,3,2007-03-01,Alagoas,Nordeste,7.0,False,7.0
2007,Marco,3,2007-03-01,Amapa,Norte,0.0,False,0.0
2007,Marco,3,2007-03-01,Amazonas,Norte,6.0,False,6.0
2007,Marco,3,2007-03-01,Bahia,Nordeste,141.0,False,141.0
2007,Marco,3,2007-03-01,Ceara,Nordeste,2.0,False,2.0
2007,Marco,3,2007-03-01,Distrito Federal,Centro-Oeste,1.0,False,1.0
2007,Marco,3,2007-03-01,Espirito Santo,Sudeste,9.0,False,9.0
2007,Marco,3,2007-03-01,Goias,Centro-Oeste,49.0,False,49.0
2007,Marco,3,2007-03-01,Maranhao,Nordeste,52.0,False,52.0
2007,Marco,3,2007-03-01,Mato Grosso,Centro-Oeste,476.0,True,278.0
2007,Marco,3,2007-03-01,Mato Grosso,Centro-Oeste,137.0,False,137.0
2007,Marco,3,2007-03-01,Minas Gerais,Sudeste,155.0,False,155.0
2007,Marco,3,2007-03-01,Para,Norte,6.0,False,6.0
2007,Marco,3,2007-03-01,Paraiba,Nordeste,1.0,False,1.0
2007,Marco,3,2007-03-01,Paraiba,Nordeste,54.0,False,54.0
2007,Marco,3,2007-03-01,Pernambuco,Nordeste,4.0,False,4.0
2007,Marco,3,2007-03-01,Piau,Nordeste,31.0,False,31.0
2007,Marco,3,2007-03-01,Rio,Sudeste,27.0,False,27.0
2007,Marco,3,2007-03-01,Rio,Sudeste,7.0,False,7.0
2007,Marco,3,2007-03-01,Rio,Sudeste,8.0,False,8.0
2007,Marco,3,2007-03-01,Rondonia,Norte,20.0,False,20.0
2007,Marco,3,2007-03-01,Roraima,Norte,665.0,True,278.0
2007,Marco,3,2007-03-01,Santa Catarina,Sul,23.0,False,23.0
2007,Marco,3,2007-03-01,Sao Paulo,Sudeste,152.0,False,152.0
2007,Marco,3,2007-03-01,Sergipe,Nordeste,2.0,False,2.0
2007,Marco,3,2007-03-01,Tocantins,Norte,99.0,False,99.0
2007,Abril,4,2007-04-01,Acre,Norte,0.0,False,0.0
2007,Abril,4,2007-04-01,Alagoas,Nordeste,1.0,False,1.0
2007,Abril,4,2007-04-01,Amapa,Norte,0.0,False,0.0
2007,Abril,4,2007-04-01,Amazonas,Norte,0.0,False,0.0
2007,Abril,4,2007-04-01,Bahia,Nordeste,64.0,False,64.0
2007,Abril,4,2007-04-01,Ceara,Nordeste,1.0,False,1.0
2007,Abril,4,2007-04-01,Distrito Federal,Centro-Oeste,0.0,False,0.0
2007,Abril,4,2007-04-01,Espirito Santo,Sudeste,2.0,False,2.0
2007,Abril,4,2007-04-01,Goias,Centro-Oeste,17.0,False,17.0
2007,Abril,4,2007-04-01,Maranhao,Nordeste,5.0,False,5.0
2007,Abril,4,2007-04-01,Mato Grosso,Centro-Oeste,79.0,False,79.0
2007,Abril,4,2007-04-01,Mato Grosso,Centro-Oeste,46.0,False,46.0
2007,Abril,4,2007-04-01,Minas Gerais,Sudeste,35.0,False,35.0
2007,Abril,4,2007-04-01,Para,Norte,0.0,False,0.0
2007,Abril,4,2007-04-01,Paraiba,Nordeste,0.0,False,0.0
2007,Abril,4,2007-04-01,Paraiba,Nordeste,14.0,False,14.0
2007,Abril,4,2007-04-01,Pernambuco,Nordeste,1.0,False,1.0
2007,Abril,4,2007-04-01,Piau,Nordeste,9.0,False,9.0
2007,Abril,4,2007-04-01,Rio,Sudeste,9.0,False,9.0
2007,Abril,4,2007-04-01,Rio,Sudeste,1.0,False,1.0
2007,Abril,4,2007-04-01,Rio,Sudeste,4.0,False,4.0
2007,Abril,4,2007-04-01,Rondonia,Norte,0.0,False,0.0
2007,Abril,4,2007-04-01,Roraima,Norte,58.0,False,58.0
2007,Abril,4,2007-04-01,Santa Catarina,Sul,2.0,False,2.0
2007,Abril,4,2007-04-01,Sao Paulo,Sudeste,44.0,False,44.0
2007,Abril,4,2007-04-01,Sergipe,Nordeste,1.0,False,1.0
2007,Abril,4,2007-04-01,Tocantins,Norte,22.0,False,22.0
2007,Maio,5,2007-05-01,Acre,Norte,1.0,False,1.0
2007,Maio,5,2007-05-01,Alagoas,Nordeste,0.0,False,0.0
2007,Maio,5,2007-05-01,Amapa,Norte,0.0,False,0.0
2007,Maio,5,2007-05-01,Amazonas,Norte,0.0,False,0.0
2007,Maio,5,2007-05-01,Bahia,Nordeste,161.0,False,161.0
2007,Maio,5,2007-05-01,Ceara,Nordeste,0.0,False,0.0
2007,Maio,5,2007-05-01,Distrito Federal,Centro-Oeste,4.0,False,4.0
2007,Maio,5,2007-05-01,Espirito Santo,Sudeste,1.0,False,1.0
2007,Maio,5,2007-05-01,Goias,Centro-Oeste,94.0,False,94.0
2007,Maio,5,2007-05-01,Maranhao,Nordeste,73.0,False,73.0
2007,Maio,5,2007-05-01,Mato Grosso,Centro-Oeste,359.0,True,278.0
2007,Maio,5,2007-05-01,Mato Grosso,Centro-Oeste,62.0,False,62.0
2007,Maio,5,2007-05-01,Minas Gerais,Sudeste,124.0,False,124.0
2007,Maio,5,2007-05-01,Para,Norte,9.0,False,9.0
2007,Maio,5,2007-05-01,Paraiba,Nordeste,0.0,False,0.0
2007,Maio,5,2007-05-01,Paraiba,Nordeste,14.0,False,14.0
2007,Maio,5,2007-05-01,Pernambuco,Nordeste,0.0,False,0.0
2007,Maio,5,2007-05-01,Piau,Nordeste,52.0,False,52.0
2007,Maio,5,2007-05-01,Rio,Sudeste,2.0,False,2.0
2007,Maio,5,2007-05-01,Rio,Sudeste,2.0,False,2.0
2007,Maio,5,2007-05-01,Rio,Sudeste,3.0,False,3.0
2007,Maio,5,2007-05-01,Rondonia,Norte,4.0,False,4.0
2007,Maio,5,2007-05-01,Roraima,Norte,0.0,False,0.0
2007,Maio,5,2007-05-01,Santa Catarina,Sul,2.0,False,2.0
2007,Maio,5,2007-05-01,Sao Paulo,Sudeste,69.0,False,69.0
2007,Maio,5,2007-05-01,Sergipe,Nordeste,0.0,False,0.0
2007,Maio,5,2007-05-01,Tocantins,Norte,250.0,False,250.0
2007,Junho,6,2007-06-01,Acre,Norte,4.0,False,4.0
2007,Junho,6,2007-06-01,Alagoas,Nordeste,0.0,False,0.0
2007,Junho,6,2007-06-01,Amapa,Norte,0.0,False,0.0
2007,Junho,6,2007-06-01,Amazonas,Norte,23.0,False,23.0
2007,Junho,6,2007-06-01,Bahia,Nordeste,270.0,False,270.0
2007,Junho,6,2007-06-01,Ceara,Nordeste,1.0,False,1.0
2007,Junho,6,2007-06-01,Distrito Federal,Centro-Oeste,21.0,False,21.0
2007,Junho,6,2007-06-01,Espirito Santo,Sudeste,4.0,False,4.0
2007,Junho,6,2007-06-01,Goias,Centro-Oeste,186.0,False,186.0
2007,Junho,6,2007-06-01,Maranhao,Nordeste,515.0,True,278.0
2007,Junho,6,2007-06-01,Mato Grosso,Centro-Oeste,1.339,False,1.339
2007,Junho,6,2007-06-01,Mato Grosso,Centro-Oeste,141.0,False,141.0
2007,Junho,6,2007-06-01,Minas Gerais,Sudeste,184.0,False,184.0
2007,Junho,6,2007-06-01,Para,Norte,129.0,False,129.0
2007,Junho,6,2007-06-01,Paraiba,Nordeste,0.0,False,0.0
2007,Junho,6,2007-06-01,Paraiba,Nordeste,57.0,False,57.0
2007,Junho,6,2007-06-01,Pernambuco,Nordeste,1.0,False,1.0
2007,Junho,6,2007-06-01,Piau,Nordeste,303.0,True,278.0
2007,Junho,6,2007-06-01,Rio,Sudeste,3.0,False,3.0
2007,Junho,6,2007-06-01,Rio,Sudeste,0.0,False,0.0
2007,Junho,6,2007-06-01,Rio,Sudeste,10.0,False,10.0
2007,Junho,6,2007-06-01,Rondonia,Norte,71.0,False,71.0
2007,Junho,6,2007-06-01,Roraima,Norte,1.0,False,1.0
2007,Junho,6,2007-06-01,Santa Catarina,Sul,11.0,False,11.0
2007,Junho,6,2007-06-01,Sao Paulo,Sudeste,91.0,False,91.0
2007,Junho,6,2007-06-01,Sergipe,Nordeste,0.0,False,0.0
2007,Junho,6,2007-06-01,Tocantins,Norte,591.0,True,278.0
2007,Julho,7,2007-07-01,Acre,Norte,29.0,False,29.0
2007,Julho,7,2007-07-01,Alagoas,Nordeste,0.0,False,0.0
2007,Julho,7,2007-07-01,Amapa,Norte,0.0,False,0.0
2007,Julho,7,2007-07-01,Amazonas,Norte,116.0,False,116.0
2007,Julho,7,2007-07-01,Bahia,Nordeste,811.0,True,278.0
2007,Julho,7,2007-07-01,Ceara,Nordeste,11.0,False,11.0
2007,Julho,7,2007-07-01,Distrito Federal,Centro-Oeste,25.0,False,25.0
2007,Julho,7,2007-07-01,Espirito Santo,Sudeste,13.0,False,13.0
2007,Julho,7,2007-07-01,Goias,Centro-Oeste,399.0,True,278.0
2007,Julho,7,2007-07-01,Maranhao,Nordeste,1.205,False,1.205
2007,Julho,7,2007-07-01,Mato Grosso,Centro-Oeste,1.79,False,1.79
2007,Julho,7,2007-07-01,Mato Grosso,Centro-Oeste,197.0,False,197.0
2007,Julho,7,2007-07-01,Minas Gerais,Sudeste,446.0,True,278.0
2007,Julho,7,2007-07-01,Para,Norte,476.0,True,278.0
2007,Julho,7,2007-07-01,Paraiba,Nordeste,1.0,False,1.0
2007,Julho,7,2007-07-01,Paraiba,Nordeste,60.0,False,60.0
2007,Julho,7,2007-07-01,Pernambuco,Nordeste,3.0,False,3.0
2007,Julho,7,2007-07-01,Piau,Nordeste,919.0,True,278.0
2007,Julho,7,2007-07-01,Rio,Sudeste,15.0,False,15.0
2007,Julho,7,2007-07-01,Rio,Sudeste,7.0,False,7.0
2007,Julho,7,2007-07-01,Rio,Sudeste,7.0,False,7.0
2007,Julho,7,2007-07-01,Rondonia,Norte,187.0,False,187.0
2007,Julho,7,2007-07-01,Roraima,Norte,3.0,False,3.0
2007,Julho,7,2007-07-01,Santa Catarina,Sul,12.0,False,12.0
2007,Julho,7,2007-07-01,Sao Paulo,Sudeste,94.0,False,94.0
2007,Julho,7,2007-07-01,Sergipe,Nordeste,0.0,False,0.0
2007,Julho,7,2007-07-01,Tocantins,Norte,982.0,True,278.0
2007,Agosto,8,2007-08-01,Acre,Norte,960.0,True,278.0
2007,Agosto,8,2007-08-01,Alagoas,Nordeste,3.0,False,3.0
2007,Agosto,8,2007-08-01,Amapa,Norte,5.0,False,5.0
2007,Agosto,8,2007-08-01,Amazonas,Norte,2.241,False,2.241
2007,Agosto,8,2007-08-01,Bahia,Nordeste,3.734,False,3.734
2007,Agosto,8,2007-08-01,Ceara,Nordeste,182.0,False,182.0
2007,Agosto,8,2007-08-01,Distrito Federal,Centro-Oeste,137.0,False,137.0
2007,Agosto,8,2007-08-01,Espirito Santo,Sudeste,82.0,False,82.0
2007,Agosto,8,2007-08-01,Goias,Centro-Oeste,2.382,False,2.382
2007,Agosto,8,2007-08-01,Maranhao,Nordeste,8.409,False,8.409
2007,Agosto,8,2007-08-01,Mato Grosso,Centro-Oeste,14.453,False,14.453
2007,Agosto,8,2007-08-01,Mato Grosso,Centro-Oeste,1.823,False,1.823
2007,Agosto,8,2007-08-01,Minas Gerais,Sudeste,2.975,False,2.975
2007,Agosto,8,2007-08-01,Para,Norte,14.352,False,14.352
2007,Agosto,8,2007-08-01,Paraiba,Nordeste,8.0,False,8.0
2007,Agosto,8,2007-08-01,Paraiba,Nordeste,580.0,True,278.0
2007,Agosto,8,2007-08-01,Pernambuco,Nordeste,20.0,False,20.0
2007,Agosto,8,2007-08-01,Piau,Nordeste,3.551,False,3.551
2007,Agosto,8,2007-08-01,Rio,Sudeste,189.0,False,189.0
2007,Agosto,8,2007-08-01,Rio,Sudeste,26.0,False,26.0
2007,Agosto,8,2007-08-01,Rio,Sudeste,258.0,False,258.0
2007,Agosto,8,2007-08-01,Rondonia,Norte,4.786,False,4.786
2007,Agosto,8,2007-08-01,Roraima,Norte,2.0,False,2.0
2007,Agosto,8,2007-08-01,Santa Catarina,Sul,462.0,True,278.0
2007,Agosto,8,2007-08-01,Sao Paulo,Sudeste,470.0,True,278.0
2007,Agosto,8,2007-08-01,Sergipe,Nordeste,0.0,False,0.0
2007,Agosto,8,2007-08-01,Tocantins,Norte,4.747,False,4.747
2007,Setembro,9,2007-09-01,Acre,Norte,2.08,False,2.08
2007,Setembro,9,2007-09-01,Alagoas,Nordeste,2.0,False,2.0
2007,Setembro,9,2007-09-01,Amapa,Norte,61.0,False,61.0
2007,Setembro,9,2007-09-01,Amazonas,Norte,1.36,False,1.36
2007,Setembro,9,2007-09-01,Bahia,Nordeste,7.438,False,7.438
2007,Setembro,9,2007-09-01,Ceara,Nordeste,241.0,False,241.0
2007,Setembro,9,2007-09-01,Distrito Federal,Centro-Oeste,73.0,False,73.0
2007,Setembro,9,2007-09-01,Espirito Santo,Sudeste,63.0,False,63.0
2007,Setembro,9,2007-09-01,Goias,Centro-Oeste,3.745,False,3.745
2007,Setembro,9,2007-09-01,Maranhao,Nordeste,8.524,False,8.524
2007,Setembro,9,2007-09-01,Mato Grosso,Centro-Oeste,25.963,False,25.963
2007,Setembro,9,2007-09-01,Mato Grosso,Centro-Oeste,4.446,False,4.446
2007,Setembro,9,2007-09-01,Minas Gerais,Sudeste,5.088,False,5.088
2007,Setembro,9,2007-09-01,Para,Norte,14.59,False,14.59
2007,Setembro,9,2007-09-01,Paraiba,Nordeste,22.0,False,22.0
2007,Setembro,9,2007-09-01,Paraiba,Nordeste,960.0,True,278.0
2007,Setembro,9,2007-09-01,Pernambuco,Nordeste,164.0,False,164.0
2007,Setembro,9,2007-09-01,Piau,Nordeste,4.078,False,4.078
2007,Setembro,9,2007-09-01,Rio,Sudeste,223.0,False,223.0
2007,Setembro,9,2007-09-01,Rio,Sudeste,50.0,False,50.0
2007,Setembro,9,2007-09-01,Rio,Sudeste,573.0,True,278.0
2007,Setembro,9,2007-09-01,Rondonia,Norte,6.832,False,6.832
2007,Setembro,9,2007-09-01,Roraima,Norte,9.0,False,9.0
2007,Setembro,9,2007-09-01,Santa Catarina,Sul,617.0,True,278.0
2007,Setembro,9,2007-09-01,Sao Paulo,Sudeste,495.0,True,278.0
2007,Setembro,9,2007-09-01,Sergipe,Nordeste,0.0,False,0.0
2007,Setembro,9,2007-09-01,Tocantins,Norte,6.829,False,6.829
2007,Outubro,10,2007-10-01,Acre,Norte,203.0,False,203.0
2007,Outubro,10,2007-10-01,Alagoas,Nordeste,6.0,False,6.0
2007,Outubro,10,2007-10-01,Amapa,Norte,162.0,False,162.0
2007,Outubro,10,2007-10-01,Amazonas,Norte,215.0,False,215.0
2007,Outubro,10,2007-10-01,Bahia,Nordeste,4.981,False,4.981
2007,Outubro,10,2007-10-01,Ceara,Nordeste,964.0,True,278.0
2007,Outubro,10,2007-10-01,Distrito Federal,Centro-Oeste,13.0,False,13.0
2007,Outubro,10,2007-10-01,Espirito Santo,Sudeste,79.0,False,79.0
2007,Outubro,10,2007-10-01,Goias,Centro-Oeste,1.195,False,1.195
2007,Outubro,10,2007-10-01,Maranhao,Nordeste,4.772,False,4.772
2007,Outubro,10,2007-10-01,Mato Grosso,Centro-Oeste,4.89,False,4.89
2007,Outubro,10,2007-10-01,Mato Grosso,Centro-Oeste,668.0,True,278.0
2007,Outubro,10,2007-10-01,Minas Gerais,Sudeste,3.467,False,3.467
2007,Outubro,10,2007-10-01,Para,Norte,2.504,False,2.504
2007,Outubro,10,2007-10-01,Paraiba,Nordeste,111.0,False,111.0
2007,Outubro,10,2007-10-01,Paraiba,Nordeste,194.0,False,194.0
2007,Outubro,10,2007-10-01,Pernambuco,Nordeste,702.0,True,278.0
2007,Outubro,10,2007-10-01,Piau,Nordeste,2.331,False,2.331
2007,Outubro,10,2007-10-01,Rio,Sudeste,137.0,False,137.0
2007,Outubro,10,2007-10-01,Rio,Sudeste,88.0,False,88.0
2007,Outubro,10,2007-10-01,Rio,Sudeste,21.0,False,21.0
2007,Outubro,10,2007-10-01,Rondonia,Norte,2.023,False,2.023
2007,Outubro,10,2007-10-01,Roraima,Norte,15.0,False,15.0
2007,Outubro,10,2007-10-01,Santa Catarina,Sul,35.0,False,35.0
2007,Outubro,10,2007-10-01,Sao Paulo,Sudeste,281.0,True,278.0
2007,Outubro,10,2007-10-01,Sergipe,Nordeste,3.0,False,3.0
2007,Outubro,10,2007-10-01,Tocantins,Norte,2.252,False,2.252
2007,Novembro,11,2007-11-01,Acre,Norte,7.0,False,7.0
2007,Novembro,11,2007-11-01,Alagoas,Nordeste,15.0,False,15.0
2007,Novembro,11,2007-11-01,Amapa,Norte,198.0,False,198.0
2007,Novembro,11,2007-11-01,Amazonas,Norte,90.0,False,90.0
2007,Novembro,11,2007-11-01,Bahia,Nordeste,2.126,False,2.126
2007,Novembro,11,2007-11-01,Ceara,Nordeste,1.443,False,1.443
2007,Novembro,11,2007-11-01,Distrito Federal,Centro-Oeste,0.0,False,0.0
2007,Novembro,11,2007-11-01,Espirito Santo,Sudeste,112.0,False,112.0
2007,Novembro,11,2007-11-01,Goias,Centro-Oeste,79.0,False,79.0
2007,Novembro,11,2007-11-01,Maranhao,Nordeste,2.297,False,2.297
2007,Novembro,11,2007-11-01,Mato Grosso,Centro-Oeste,299.0,True,278.0
2007,Novembro,11,2007-11-01,Mato Grosso,Centro-Oeste,82.0,False,82.0
2007,Novembro,11,2007-11-01,Minas Gerais,Sudeste,1.305,False,1.305
2007,Novembro,11,2007-11-01,Para,Norte,2.89,False,2.89
2007,Novembro,11,2007-11-01,Paraiba,Nordeste,256.0,False,256.0
2007,Novembro,11,2007-11-01,Paraiba,Nordeste,59.0,False,59.0
2007,Novembro,11,2007-11-01,Pernambuco,Nordeste,359.0,True,278.0
2007,Novembro,11,2007-11-01,Piau,Nordeste,939.0,True,278.0
2007,Novembro,11,2007-11-01,Rio,Sudeste,1.0,False,1.0
2007,Novembro,11,2007-11-01,Rio,Sudeste,130.0,False,130.0
2007,Novembro,11,2007-11-01,Rio,Sudeste,13.0,False,13.0
2007,Novembro,11,2007-11-01,Rondonia,Norte,53.0,False,53.0
2007,Novembro,11,2007-11-01,Roraima,Norte,112.0,False,112.0
2007,Novembro,11,2007-11-01,Santa Catarina,Sul,26.0,False,26.0
2007,Novembro,11,2007-11-01,Sao Paulo,Sudeste,50.0,False,50.0
2007,Novembro,11,2007-11-01,Sergipe,Nordeste,7.0,False,7.0
2007,Novembro,11,2007-11-01,Tocantins,Norte,147.0,False,147.0
2007,Dezembro,12,2007-12-01,Acre,Norte,0.0,False,0.0
2007,Dezembro,12,2007-12-01,Alagoas,Nordeste,33.0,False,33.0
2007,Dezembro,12,2007-12-01,Amapa,Norte,14.0,False,14.0
2007,Dezembro,12,2007-12-01,Amazonas,Norte,7.0,False,7.0
2007,Dezembro,12,2007-12-01,Bahia,Nordeste,259.0,False,259.0
2007,Dezembro,12,2007-12-01,Ceara,Nordeste,1.177,False,1.177
2007,Dezembro,12,2007-12-01,Distrito Federal,Centro-Oeste,0.0,False,0.0
2007,Dezembro,12,2007-12-01,Espirito Santo,Sudeste,14.0,False,14.0
2007,Dezembro,12,2007-12-01,Goias,Centro-Oeste,16.0,False,16.0
2007,Dezembro,12,2007-12-01,Maranhao,Nordeste,800.0,True,278.0
2007,Dezembro,12,2007-12-01,Mato Grosso,Centro-Oeste,81.0,False,81.0
2007,Dezembro,12,2007-12-01,Mato Grosso,Centro-Oeste,15.0,False,15.0
2007,Dezembro,12,2007-12-01,Minas Gerais,Sudeste,95.0,False,95.0
2007,Dezembro,12,2007-12-01,Para,Norte,689.0,True,278.0
2007,Dezembro,12,2007-12-01,Paraiba,Nordeste,133.0,False,133.0
2007,Dezembro,12,2007-12-01,Paraiba,Nordeste,22.0,False,22.0
2007,Dezembro,12,2007-12-01,Pernambuco,Nordeste,200.0,False,200.0
2007,Dezembro,12,2007-12-01,Piau,Nordeste,317.0,True,278.0
2007,Dezembro,12,2007-12-01,Rio,Sudeste,0.0,False,0.0
2007,Dezembro,12,2007-12-01,Rio,Sudeste,80.0,False,80.0
2007,Dezembro,12,2007-12-01,Rio,Sudeste,25.0,False,25.0
2007,Dezembro,12,2007-12-01,Rondonia,Norte,6.0,False,6.0
2007,Dezembro,12,2007-12-01,Roraima,Norte,8.0,False,8.0
2007,Dezembro,12,2007-12-01,Santa Catarina,Sul,17.0,False,17.0
2007,Dezembro,12,2007-12-01,Sao Paulo,Sudeste,21.0,False,21.0
2007,Dezembro,12,2007-12-01,Sergipe,Nordeste,33.0,False,33.0
2007,Dezembro,12,2007-12-01,Tocantins,Norte,13.0,False,13.0
2008,Janeiro,1,2008-01-01,Acre,Norte,0.0,False,0.0
2008,Janeiro,1,2008-01-01,Alagoas,Nordeste,55.0,False,55.0
2008,Janeiro,1,2008-01-01,Amapa,Norte,2.0,False,2.0
2008,Janeiro,1,2008-01-01,Amazonas,Norte,16.0,False,16.0
2008,Janeiro,1,2008-01-01,Bahia,Nordeste,314.0,True,278.0
2008,Janeiro,1,2008-01-01,Ceara,Nordeste,166.0,False,166.0
2008,Janeiro,1,2008-01-01,Distrito Federal,Centro-Oeste,0.0,False,0.0
2008,Janeiro,1,2008-01-01,Espirito Santo,Sudeste,12.0,False,12.0
2008,Janeiro,1,2008-01-01,Goias,Centro-Oeste,23.0,False,23.0
2008,Janeiro,1,2008-01-01,Maranhao,Nordeste,121.0,False,121.0
2008,Janeiro,1,2008-01-01,Mato Grosso,Centro-Oeste,245.0,False,245.0
2008,Janeiro,1,2008-01-01,Mato Grosso,Centro-Oeste,63.0,False,63.0
2008,Janeiro,1,2008-01-01,Minas Gerais,Sudeste,85.0,False,85.0
2008,Janeiro,1,2008-01-01,Para,Norte,131.0,False,131.0
2008,Janeiro,1,2008-01-01,Paraiba,Nordeste,77.0,False,77.0
2008,Janeiro,1,2008-01-01,Paraiba,Nordeste,35.0,False,35.0
2008,Janeiro,1,2008-01-01,Pernambuco,Nordeste,170.0,False,170.0
2008,Janeiro,1,2008-01-01,Piau,Nordeste,61.0,False,61.0
2008,Janeiro,1,2008-01-01,Rio,Sudeste,1.0,False,1.0
2008,Janeiro,1,2008-01-01,Rio,Sudeste,70.0,False,70.0
2008,Janeiro,1,2008-01-01,Rio,Sudeste,42.0,False,42.0
2008,Janeiro,1,2008-01-01,Rondonia,Norte,4.0,False,4.0
2008,Janeiro,1,2008-01-01,Roraima,Norte,245.0,False,245.0
2008,Janeiro,1,2008-01-01,Santa Catarina,Sul,25.0,False,25.0
2008,Janeiro,1,2008-01-01,Sao Paulo,Sudeste,34.0,False,34.0
2008,Janeiro,1,2008-01-01,Sergipe,Nordeste,100.0,False,100.0
2008,Janeiro,1,2008-01-01,Tocantins,Norte,28.0,False,28.0
2008,Fevereiro,2,2008-02-01,Acre,Norte,0.0,False,0.0
2008,Fevereiro,2,2008-02-01,Alagoas,Nordeste,74.0,False,74.0
2008,Fevereiro,2,2008-02-01,Amapa,Norte,0.0,False,0.0
2008,Fevereiro,2,2008-02-01,Amazonas,Norte,32.0,False,32.0
2008,Fevereiro,2,2008-02-01,Bahia,Nordeste,235.0,False,235.0
2008,Fevereiro,2,2008-02-01,Ceara,Nordeste,12.0,False,12.0
2008,Fevereiro,2,2008-02-01,Distrito Federal,Centro-Oeste,0.0,False,0.0
2008,Fevereiro,2,2008-02-01,Espirito Santo,Sudeste,20.0,False,20.0
2008,Fevereiro,2,2008-02-01,Goias,Centro-Oeste,25.0,False,25.0
2008,Fevereiro,2,2008-02-01,Maranhao,Nordeste,45.0,False,45.0
2008,Fevereiro,2,2008-02-01,Mato Grosso,Centro-Oeste,180.0,False,180.0
2008,Fevereiro,2,2008-02-01,Mato Grosso,Centro-Oeste,78.0,False,78.0
2008,Fevereiro,2,2008-02-01,Minas Gerais,Sudeste,59.0,False,59.0
2008,Fevereiro,2,2008-02-01,Para,Norte,54.0,False,54.0
2008,Fevereiro,2,2008-02-01,Paraiba,Nordeste,20.0,False,20.0
2008,Fevereiro,2,2008-02-01,Paraiba,Nordeste,38.0,False,38.0
2008,Fevereiro,2,2008-02-01,Pernambuco,Nordeste,48.0,False,48.0
2008,Fevereiro,2,2008-02-01,Piau,Nordeste,21.0,False,21.0
2008,Fevereiro,2,2008-02-01,Rio,Sudeste,2.0,False,2.0
2008,Fevereiro,2,2008-02-01,Rio,Sudeste,25.0,False,25.0
2008,Fevereiro,2,2008-02-01,Rio,Sudeste,30.0,False,30.0
2008,Fevereiro,2,2008-02-01,Rondonia,Norte,7.0,False,7.0
2008,Fevereiro,2,2008-02-01,Roraima,Norte,138.0,False,138.0
2008,Fevereiro,2,2008-02-01,Santa Catarina,Sul,29.0,False,29.0
2008,Fevereiro,2,2008-02-01,Sao Paulo,Sudeste,30.0,False,30.0
2008,Fevereiro,2,2008-02-01,Sergipe,Nordeste,67.0,False,67.0
2008,Fevereiro,2,2008-02-01,Tocantins,Norte,6.0,False,6.0
2008,Marco,3,2008-03-01,Acre,Norte,0.0,False,0.0
2008,Marco,3,2008-03-01,Alagoas,Nordeste,31.0,False,31.0
2008,Marco,3,2008-03-01,Amapa,Norte,1.0,False,1.0
2008,Marco,3,2008-03-01,Amazonas,Norte,10.0,False,10.0
2008,Marco,3,2008-03-01,Bahia,Nordeste,135.0,False,135.0
2008,Marco,3,2008-03-01,Ceara,Nordeste,2.0,False,2.0
2008,Marco,3,2008-03-01,Distrito Federal,Centro-Oeste,2.0,False,2.0
2008,Marco,3,2008-03-01,Espirito Santo,Sudeste,5.0,False,5.0
2008,Marco,3,2008-03-01,Goias,Centro-Oeste,20.0,False,20.0
2008,Marco,3,2008-03-01,Maranhao,Nordeste,4.0,False,4.0
2008,Marco,3,2008-03-01,Mato Grosso,Centro-Oeste,180.0,False,180.0
2008,Marco,3,2008-03-01,Mato Grosso,Centro-Oeste,97.0,False,97.0
2008,Marco,3,2008-03-01,Minas Gerais,Sudeste,61.0,False,61.0
2008,Marco,3,2008-03-01,Para,Norte,4.0,False,4.0
2008,Marco,3,2008-03-01,Paraiba,Nordeste,8.0,False,8.0
2008,Marco,3,2008-03-01,Paraiba,Nordeste,43.0,False,43.0
2008,Marco,3,2008-03-01,Pernambuco,Nordeste,32.0,False,32.0
2008,Marco,3,2008-03-01,Piau,Nordeste,4.0,False,4.0
2008,Marco,3,2008-03-01,Rio,Sudeste,2.0,False,2.0
2008,Marco,3,2008-03-01,Rio,Sudeste,3.0,False,3.0
2008,Marco,3,2008-03-01,Rio,Sudeste,38.0,False,38.0
2008,Marco,3,2008-03-01,Rondonia,Norte,2.0,False,2.0
2008,Marco,3,2008-03-01,Roraima,Norte,422.0,True,278.0
2008,Marco,3,2008-03-01,Santa Catarina,Sul,14.0,False,14.0
2008,Marco,3,2008-03-01,Sao Paulo,Sudeste,72.0,False,72.0
2008,Marco,3,2008-03-01,Sergipe,Nordeste,43.0,False,43.0
2008,Marco,3,2008-03-01,Tocantins,Norte,4.0,False,4.0
2008,Abril,4,2008-04-01,Acre,Norte,0.0,False,0.0
2008,Abril,4,2008-04-01,Alagoas,Nordeste,18.0,False,18.0
2008,Abril,4,2008-04-01,Amapa,Norte,2.0,False,2.0
2008,Abril,4,2008-04-01,Amazonas,Norte,13.0,False,13.0
2008,Abril,4,2008-04-01,Bahia,Nordeste,151.0,False,151.0
2008,Abril,4,2008-04-01,Ceara,Nordeste,0.0,False,0.0
2008,Abril,4,2008-04-01,Distrito Federal,Centro-Oeste,1.0,False,1.0
2008,Abril,4,2008-04-01,Espirito Santo,Sudeste,8.0,False,8.0
2008,Abril,4,2008-04-01,Goias,Centro-Oeste,36.0,False,36.0
2008,Abril,4,2008-04-01,Maranhao,Nordeste,26.0,False,26.0
2008,Abril,4,2008-04-01,Mato Grosso,Centro-Oeste,274.0,False,274.0
2008,Abril,4,2008-04-01,Mato Grosso,Centro-Oeste,72.0,False,72.0
2008,Abril,4,2008-04-01,Minas Gerais,Sudeste,113.0,False,113.0
2008,Abril,4,2008-04-01,Para,Norte,7.0,False,7.0
2008,Abril,4,2008-04-01,Paraiba,Nordeste,0.0,False,0.0
2008,Abril,4,2008-04-01,Paraiba,Nordeste,62.0,False,62.0
2008,Abril,4,2008-04-01,Pernambuco,Nordeste,5.0,False,5.0
2008,Abril,4,2008-04-01,Piau,Nordeste,7.0,False,7.0
2008,Abril,4,2008-04-01,Rio,Sudeste,2.0,False,2.0
2008,Abril,4,2008-04-01,Rio,Sudeste,0.0,False,0.0
2008,Abril,4,2008-04-01,Rio,Sudeste,110.0,False,110.0
2008,Abril,4,2008-04-01,Rondonia,Norte,8.0,False,8.0
2008,Abril,4,2008-04-01,Roraima,Norte,175.0,False,175.0
2008,Abril,4,2008-04-01,Santa Catarina,Sul,31.0,False,31.0
2008,Abril,4,2008-04-01,Sao Paulo,Sudeste,84.0,False,84.0
2008,Abril,4,2008-04-01,Sergipe,Nordeste,2.0,False,2.0
2008,Abril,4,2008-04-01,Tocantins,Norte,46.0,False,46.0
2008,Maio,5,2008-05-01,Acre,Norte,0.0,False,0.0
2008,Maio,5,2008-05-01,Alagoas,Nordeste,0.0,False,0.0
2008,Maio,5,2008-05-01,Amapa,Norte,0.0,False,0.0
2008,Maio,5,2008-05-01,Amazonas,Norte,1.0,False,1.0
2008,Maio,5,2008-05-01,Bahia,Nordeste,56.0,False,56.0
2008,Maio,5,2008-05-01,Ceara,Nordeste,0.0,False,0.0
2008,Maio,5,2008-05-01,Distrito Federal,Centro-Oeste,6.0,False,6.0
2008,Maio,5,2008-05-01,Espirito Santo,Sudeste,2.0,False,2.0
2008,Maio,5,2008-05-01,Goias,Centro-Oeste,41.0,False,41.0
2008,Maio,5,2008-05-01,Maranhao,Nordeste,26.0,False,26.0
2008,Maio,5,2008-05-01,Mato Grosso,Centro-Oeste,119.0,False,119.0
2008,Maio,5,2008-05-01,Mato Grosso,Centro-Oeste,34.0,False,34.0
2008,Maio,5,2008-05-01,Minas Gerais,Sudeste,50.0,False,50.0
2008,Maio,5,2008-05-01,Para,Norte,0.0,False,0.0
2008,Maio,5,2008-05-01,Paraiba,Nordeste,0.0,False,0.0
2008,Maio,5,2008-05-01,Paraiba,Nordeste,41.0,False,41.0
2008,Maio,5,2008-05-01,Pernambuco,Nordeste,0.0,False,0.0
2008,Maio,5,2008-05-01,Piau,Nordeste,12.0,False,12.0
2008,Maio,5,2008-05-01,Rio,Sudeste,0.0,False,0.0
2008,Maio,5,2008-05-01,Rio,Sudeste,0.0,False,0.0
2008,Maio,5,2008-05-01,Rio,Sudeste,20.0,False,20.0
2008,Maio,5,2008-05-01,Rondonia,Norte,1.0,False,1.0
2008,Maio,5,2008-05-01,Roraima,Norte,8.0,False,8.0
2008,Maio,5,2008-05-01,Santa Catarina,Sul,15.0,False,15.0
2008,Maio,5,2008-05-01,Sao Paulo,Sudeste,40.0,False,40.0
2008,Maio,5,2008-05-01,Sergipe,Nordeste,0.0,False,0.0
2008,Maio,5,2008-05-01,Tocantins,Norte,81.0,False,81.0
2008,Junho,6,2008-06-01,Acre,Norte,0.0,False,0.0
2008,Junho,6,2008-06-01,Alagoas,Nordeste,0.0,False,0.0
2008,Junho,6,2008-06-01,Amapa,Norte,0.0,False,0.0
2008,Junho,6,2008-06-01,Amazonas,Norte,7.0,False,7.0
2008,Junho,6,2008-06-01,Bahia,Nordeste,72.0,False,72.0
2008,Junho,6,2008-06-01,Ceara,Nordeste,1.0,False,1.0
2008,Junho,6,2008-06-01,Distrito Federal,Centro-Oeste,0.0,False,0.0
2008,Junho,6,2008-06-01,Espirito Santo,Sudeste,4.0,False,4.0
2008,Junho,6,2008-06-01,Goias,Centro-Oeste,55.0,False,55.0
2008,Junho,6,2008-06-01,Maranhao,Nordeste,235.0,False,235.0
2008,Junho,6,2008-06-01,Mato Grosso,Centro-Oeste,403.0,True,278.0
2008,Junho,6,2008-06-01,Mato Grosso,Centro-Oeste,24.0,False,24.0
2008,Junho,6,2008-06-01,Minas Gerais,Sudeste,48.0,False,48.0
2008,Junho,6,2008-06-01,Para,Norte,48.0,False,48.0
2008,Junho,6,2008-06-01,Paraiba,Nordeste,0.0,False,0.0
2008,Junho,6,2008-06-01,Paraiba,Nordeste,17.0,False,17.0
2008,Junho,6,2008-06-01,Pernambuco,Nordeste,0.0,False,0.0
2008,Junho,6,2008-06-01,Piau,Nordeste,33.0,False,33.0
2008,Junho,6,2008-06-01,Rio,Sudeste,4.0,False,4.0
2008,Junho,6,2008-06-01,Rio,Sudeste,0.0,False,0.0
2008,Junho,6,2008-06-01,Rio,Sudeste,16.0,False,16.0
2008,Junho,6,2008-06-01,Rondonia,Norte,11.0,False,11.0
2008,Junho,6,2008-06-01,Roraima,Norte,0.0,False,0.0
2008,Junho,6,2008-06-01,Santa Catarina,Sul,2.0,False,2.0
2008,Junho,6,2008-06-01,Sao Paulo,Sudeste,25.0,False,25.0
2008,Junho,6,2008-06-01,Sergipe,Nordeste,0.0,False,0.0
2008,Junho,6,2008-06-01,Tocantins,Norte,282.0,True,278.0
2008,Julho,7,2008-07-01,Acre,Norte,41.0,False,41.0
2008,Julho,7,2008-07-01,Alagoas,Nordeste,0.0,False,0.0
2008,Julho,7,2008-07-01,Amapa,Norte,0.0,False,0.0
2008,Julho,7,2008-07-01,Amazonas,Norte,108.0,False,108.0
2008,Julho,7,2008-07-01,Bahia,Nordeste,271.0,False,271.0
2008,Julho,7,2008-07-01,Ceara,Nordeste,3.0,False,3.0
2008,Julho,7,2008-07-01,Distrito Federal,Centro-Oeste,12.0,False,12.0
2008,Julho,7,2008-07-01,Espirito Santo,Sudeste,5.0,False,5.0
2008,Julho,7,2008-07-01,Goias,Centro-Oeste,193.0,False,193.0
2008,Julho,7,2008-07-01,Maranhao,Nordeste,502.0,True,278.0
2008,Julho,7,2008-07-01,Mato Grosso,Centro-Oeste,1.117,False,1.117
2008,Julho,7,2008-07-01,Mato Grosso,Centro-Oeste,116.0,False,116.0
2008,Julho,7,2008-07-01,Minas Gerais,Sudeste,194.0,False,194.0
2008,Julho,7,2008-07-01,Para,Norte,971.0,True,278.0
2008,Julho,7,2008-07-01,Paraiba,Nordeste,0.0,False,0.0
2008,Julho,7,2008-07-01,Paraiba,Nordeste,87.0,False,87.0
2008,Julho,7,2008-07-01,Pernambuco,Nordeste,0.0,False,0.0
2008,Julho,7,2008-07-01,Piau,Nordeste,97.0,False,97.0
2008,Julho,7,2008-07-01,Rio,Sudeste,14.0,False,14.0
2008,Julho,7,2008-07-01,Rio,Sudeste,0.0,False,0.0
2008,Julho,7,2008-07-01,Rio,Sudeste,25.0,False,25.0
2008,Julho,7,2008-07-01,Rondonia,Norte,138.0,False,138.0
2008,Julho,7,2008-07-01,Roraima,Norte,0.0,False,0.0
2008,Julho,7,2008-07-01,Santa Catarina,Sul,46.0,False,46.0
2008,Julho,7,2008-07-01,Sao Paulo,Sudeste,126.0,False,126.0
2008,Julho,7,2008-07-01,Sergipe,Nordeste,0.0,False,0.0
2008,Julho,7,2008-07-01,Tocantins,Norte,441.0,True,278.0
2008,Agosto,8,2008-08-01,Acre,Norte,445.0,True,278.0
2008,Agosto,8,2008-08-01,Alagoas,Nordeste,1.0,False,1.0
2008,Agosto,8,2008-08-01,Amapa,Norte,4.0,False,4.0
2008,Agosto,8,2008-08-01,Amazonas,Norte,861.0,True,278.0
2008,Agosto,8,2008-08-01,Bahia,Nordeste,611.0,True,278.0
2008,Agosto,8,2008-08-01,Ceara,Nordeste,32.0,False,32.0
2008,Agosto,8,2008-08-01,Distrito Federal,Centro-Oeste,30.0,False,30.0
2008,Agosto,8,2008-08-01,Espirito Santo,Sudeste,13.0,False,13.0
2008,Agosto,8,2008-08-01,Goias,Centro-Oeste,568.0,True,278.0
2008,Agosto,8,2008-08-01,Maranhao,Nordeste,713.0,True,278.0
2008,Agosto,8,2008-08-01,Mato Grosso,Centro-Oeste,2.875,False,2.875
2008,Agosto,8,2008-08-01,Mato Grosso,Centro-Oeste,456.0,True,278.0
2008,Agosto,8,2008-08-01,Minas Gerais,Sudeste,605.0,True,278.0
2008,Agosto,8,2008-08-01,Para,Norte,4.435,False,4.435
2008,Agosto,8,2008-08-01,Paraiba,Nordeste,1.0,False,1.0
2008,Agosto,8,2008-08-01,Paraiba,Nordeste,205.0,False,205.0
2008,Agosto,8,2008-08-01,Pernambuco,Nordeste,2.0,False,2.0
2008,Agosto,8,2008-08-01,Piau,Nordeste,290.0,True,278.0
2008,Agosto,8,2008-08-01,Rio,Sudeste,19.0,False,19.0
2008,Agosto,8,2008-08-01,Rio,Sudeste,2.0,False,2.0
2008,Agosto,8,2008-08-01,Rio,Sudeste,56.0,False,56.0
2008,Agosto,8,2008-08-01,Rondonia,Norte,1.251,False,1.251
2008,Agosto,8,2008-08-01,Roraima,Norte,4.0,False,4.0
2008,Agosto,8,2008-08-01,Santa Catarina,Sul,51.0,False,51.0
2008,Agosto,8,2008-08-01,Sao Paulo,Sudeste,153.0,False,153.0
2008,Agosto,8,2008-08-01,Sergipe,Nordeste,0.0,False,0.0
2008,Agosto,8,2008-08-01,Tocantins,Norte,845.0,True,278.0
2008,Setembro,9,2008-09-01,Acre,Norte,1.666,False,1.666
2008,Setembro,9,2008-09-01,Alagoas,Nordeste,9.0,False,9.0
2008,Setembro,9,2008-09-01,Amapa,Norte,83.0,False,83.0
2008,Setembro,9,2008-09-01,Amazonas,Norte,998.0,True,278.0
2008,Setembro,9,2008-09-01,Bahia,Nordeste,4.837,False,4.837
2008,Setembro,9,2008-09-01,Ceara,Nordeste,177.0,False,177.0
2008,Setembro,9,2008-09-01,Distrito Federal,Centro-Oeste,54.0,False,54.0
2008,Setembro,9,2008-09-01,Espirito Santo,Sudeste,78.0,False,78.0
2008,Setembro,9,2008-09-01,Goias,Centro-Oeste,1.255,False,1.255
2008,Setembro,9,2008-09-01,Maranhao,Nordeste,2.761,False,2.761
2008,Setembro,9,2008-09-01,Mato Grosso,Centro-Oeste,7.965,False,7.965
2008,Setembro,9,2008-09-01,Mato Grosso,Centro-Oeste,1.62,False,1.62
2008,Setembro,9,2008-09-01,Minas Gerais,Sudeste,2.552,False,2.552
2008,Setembro,9,2008-09-01,Para,Norte,6.294,False,6.294
2008,Setembro,9,2008-09-01,Paraiba,Nordeste,21.0,False,21.0
2008,Setembro,9,2008-09-01,Paraiba,Nordeste,413.0,True,278.0
2008,Setembro,9,2008-09-01,Pernambuco,Nordeste,92.0,False,92.0
2008,Setembro,9,2008-09-01,Piau,Nordeste,1.472,False,1.472
2008,Setembro,9,2008-09-01,Rio,Sudeste,132.0,False,132.0
2008,Setembro,9,2008-09-01,Rio,Sudeste,17.0,False,17.0
2008,Setembro,9,2008-09-01,Rio,Sudeste,97.0,False,97.0
2008,Setembro,9,2008-09-01,Rondonia,Norte,3.726,False,3.726
2008,Setembro,9,2008-09-01,Roraima,Norte,17.0,False,17.0
2008,Setembro,9,2008-09-01,Santa Catarina,Sul,233.0,False,233.0
2008,Setembro,9,2008-09-01,Sao Paulo,Sudeste,486.0,True,278.0
2008,Setembro,9,2008-09-01,Sergipe,Nordeste,0.0,False,0.0
2008,Setembro,9,2008-09-01,Tocantins,Norte,2.39,False,2.39
2008,Outubro,10,2008-10-01,Acre,Norte,652.0,True,278.0
2008,Outubro,10,2008-10-01,Alagoas,Nordeste,18.0,False,18.0
2008,Outubro,10,2008-10-01,Amapa,Norte,395.0,True,278.0
2008,Outubro,10,2008-10-01,Amazonas,Norte,632.0,True,278.0
2008,Outubro,10,2008-10-01,Bahia,Nordeste,7.691,False,7.691
2008,Outubro,10,2008-10-01,Ceara,Nordeste,816.0,True,278.0
2008,Outubro,10,2008-10-01,Distrito Federal,Centro-Oeste,6.0,False,6.0
2008,Outubro,10,2008-10-01,Espirito Santo,Sudeste,100.0,False,100.0
2008,Outubro,10,2008-10-01,Goias,Centro-Oeste,1.231,False,1.231
2008,Outubro,10,2008-10-01,Maranhao,Nordeste,3.498,False,3.498
2008,Outubro,10,2008-10-01,Mato Grosso,Centro-Oeste,6.326,False,6.326
2008,Outubro,10,2008-10-01,Mato Grosso,Centro-Oeste,432.0,True,278.0
2008,Outubro,10,2008-10-01,Minas Gerais,Sudeste,3.787,False,3.787
2008,Outubro,10,2008-10-01,Para,Norte,6.653,False,6.653
2008,Outubro,10,2008-10-01,Paraiba,Nordeste,80.0,False,80.0
2008,Outubro,10,2008-10-01,Paraiba,Nordeste,78.0,False,78.0
2008,Outubro,10,2008-10-01,Pernambuco,Nordeste,274.0,False,274.0
2008,Outubro,10,2008-10-01,Piau,Nordeste,1.83,False,1.83
2008,Outubro,10,2008-10-01,Rio,Sudeste,42.0,False,42.0
2008,Outubro,10,2008-10-01,Rio,Sudeste,53.0,False,53.0
2008,Outubro,10,2008-10-01,Rio,Sudeste,135.0,False,135.0
2008,Outubro,10,2008-10-01,Rondonia,Norte,1.482,False,1.482
2008,Outubro,10,2008-10-01,Roraima,Norte,78.0,False,78.0
2008,Outubro,10,2008-10-01,Santa Catarina,Sul,56.0,False,56.0
2008,Outubro,10,2008-10-01,Sao Paulo,Sudeste,87.0,False,87.0
2008,Outubro,10,2008-10-01,Sergipe,Nordeste,0.0,False,0.0
2008,Outubro,10,2008-10-01,Tocantins,Norte,2.832,False,2.832
2008,Novembro,11,2008-11-01,Acre,Norte,4.0,False,4.0
2008,Novembro,11,2008-11-01,Alagoas,Nordeste,37.0,False,37.0
2008,Novembro,11,2008-11-01,Amapa,Norte,266.0,False,266.0
2008,Novembro,11,2008-11-01,Amazonas,Norte,39.0,False,39.0
2008,Novembro,11,2008-11-01,Bahia,Nordeste,3.175,False,3.175
2008,Novembro,11,2008-11-01,Ceara,Nordeste,1.753,False,1.753
2008,Novembro,11,2008-11-01,Distrito Federal,Centro-Oeste,4.0,False,4.0
2008,Novembro,11,2008-11-01,Espirito Santo,Sudeste,3.0,False,3.0
2008,Novembro,11,2008-11-01,Goias,Centro-Oeste,90.0,False,90.0
2008,Novembro,11,2008-11-01,Maranhao,Nordeste,2.331,False,2.331
2008,Novembro,11,2008-11-01,Mato Grosso,Centro-Oeste,190.0,False,190.0
2008,Novembro,11,2008-11-01,Mato Grosso,Centro-Oeste,50.0,False,50.0
2008,Novembro,11,2008-11-01,Minas Gerais,Sudeste,892.0,True,278.0
2008,Novembro,11,2008-11-01,Para,Norte,2.403,False,2.403
2008,Novembro,11,2008-11-01,Paraiba,Nordeste,175.0,False,175.0
2008,Novembro,11,2008-11-01,Paraiba,Nordeste,39.0,False,39.0
2008,Novembro,11,2008-11-01,Pernambuco,Nordeste,363.0,True,278.0
2008,Novembro,11,2008-11-01,Piau,Nordeste,594.0,True,278.0
2008,Novembro,11,2008-11-01,Rio,Sudeste,0.0,False,0.0
2008,Novembro,11,2008-11-01,Rio,Sudeste,82.0,False,82.0
2008,Novembro,11,2008-11-01,Rio,Sudeste,14.0,False,14.0
2008,Novembro,11,2008-11-01,Rondonia,Norte,78.0,False,78.0
2008,Novembro,11,2008-11-01,Roraima,Norte,39.0,False,39.0
2008,Novembro,11,2008-11-01,Santa Catarina,Sul,16.0,False,16.0
2008,Novembro,11,2008-11-01,Sao Paulo,Sudeste,20.0,False,20.0
2008,Novembro,11,2008-11-01,Sergipe,Nordeste,17.0,False,17.0
2008,Novembro,11,2008-11-01,Tocantins,Norte,104.0,False,104.0
2008,Dezembro,12,2008-12-01,Acre,Norte,0.0,False,0.0
2008,Dezembro,12,2008-12-01,Alagoas,Nordeste,34.0,False,34.0
2008,Dezembro,12,2008-12-01,Amapa,Norte,32.0,False,32.0
2008,Dezembro,12,2008-12-01,Amazonas,Norte,0.0,False,0.0
2008,Dezembro,12,2008-12-01,Bahia,Nordeste,52.0,False,52.0
2008,Dezembro,12,2008-12-01,Ceara,Nordeste,1.655,False,1.655
2008,Dezembro,12,2008-12-01,Distrito Federal,Centro-Oeste,0.0,False,0.0
2008,Dezembro,12,2008-12-01,Espirito Santo,Sudeste,1.0,False,1.0
2008,Dezembro,12,2008-12-01,Goias,Centro-Oeste,6.0,False,6.0
2008,Dezembro,12,2008-12-01,Maranhao,Nordeste,1.101,False,1.101
2008,Dezembro,12,2008-12-01,Mato Grosso,Centro-Oeste,159.0,False,159.0
2008,Dezembro,12,2008-12-01,Mato Grosso,Centro-Oeste,208.0,False,208.0
2008,Dezembro,12,2008-12-01,Minas Gerais,Sudeste,25.0,False,25.0
2008,Dezembro,12,2008-12-01,Para,Norte,684.0,True,278.0
2008,Dezembro,12,2008-12-01,Paraiba,Nordeste,187.0,False,187.0
2008,Dezembro,12,2008-12-01,Paraiba,Nordeste,62.0,False,62.0
2008,Dezembro,12,2008-12-01,Pernambuco,Nordeste,203.0,False,203.0
2008,Dezembro,12,2008-12-01,Piau,Nordeste,329.0,True,278.0
2008,Dezembro,12,2008-12-01,Rio,Sudeste,6.0,False,6.0
2008,Dezembro,12,2008-12-01,Rio,Sudeste,126.0,False,126.0
2008,Dezembro,12,2008-12-01,Rio,Sudeste,32.0,False,32.0
2008,Dezembro,12,2008-12-01,Rondonia,Norte,2.0,False,2.0
2008,Dezembro,12,2008-12-01,Roraima,Norte,5.0,False,5.0
2008,Dezembro,12,2008-12-01,Santa Catarina,Sul,29.0,False,29.0
2008,Dezembro,12,2008-12-01,Sao Paulo,Sudeste,36.0,False,36.0
2008,Dezembro,12,2008-12-01,Sergipe,Nordeste,14.0,False,14.0
2008,Dezembro,12,2008-12-01,Tocantins,Norte,7.0,False,7.0
2009,Janeiro,1,2009-01-01,Acre,Norte,0.0,False,0.0
2009,Janeiro,1,2009-01-01,Alagoas,Nordeste,104.0,False,104.0
2009,Janeiro,1,2009-01-01,Amapa,Norte,4.0,False,4.0
2009,Janeiro,1,2009-01-01,Amazonas,Norte,9.0,False,9.0
2009,Janeiro,1,2009-01-01,Bahia,Nordeste,177.0,False,177.0
2009,Janeiro,1,2009-01-01,Ceara,Nordeste,347.0,True,278.0
2009,Janeiro,1,2009-01-01,Distrito Federal,Centro-Oeste,1.0,False,1.0
2009,Janeiro,1,2009-01-01,Espirito Santo,Sudeste,4.0,False,4.0
2009,Janeiro,1,2009-01-01,Goias,Centro-Oeste,30.0,False,30.0
2009,Janeiro,1,2009-01-01,Maranhao,Nordeste,240.0,False,240.0
2009,Janeiro,1,2009-01-01,Mato Grosso,Centro-Oeste,527.0,True,278.0
2009,Janeiro,1,2009-01-01,Mato Grosso,Centro-Oeste,229.0,False,229.0
2009,Janeiro,1,2009-01-01,Minas Gerais,Sudeste,74.0,False,74.0
2009,Janeiro,1,2009-01-01,Para,Norte,241.0,False,241.0
2009,Janeiro,1,2009-01-01,Paraiba,Nordeste,115.0,False,115.0
2009,Janeiro,1,2009-01-01,Paraiba,Nordeste,35.0,False,35.0
2009,Janeiro,1,2009-01-01,Pernambuco,Nordeste,256.0,False,256.0
2009,Janeiro,1,2009-01-01,Piau,Nordeste,79.0,False,79.0
2009,Janeiro,1,2009-01-01,Rio,Sudeste,3.0,False,3.0
2009,Janeiro,1,2009-01-01,Rio,Sudeste,110.0,False,110.0
2009,Janeiro,1,2009-01-01,Rio,Sudeste,65.0,False,65.0
2009,Janeiro,1,2009-01-01,Rondonia,Norte,17.0,False,17.0
2009,Janeiro,1,2009-01-01,Roraima,Norte,45.0,False,45.0
2009,Janeiro,1,2009-01-01,Santa Catarina,Sul,21.0,False,21.0
2009,Janeiro,1,2009-01-01,Sao Paulo,Sudeste,12.0,False,12.0
2009,Janeiro,1,2009-01-01,Sergipe,Nordeste,60.0,False,60.0
2009,Janeiro,1,2009-01-01,Tocantins,Norte,43.0,False,43.0
2009,Fevereiro,2,2009-02-01,Acre,Norte,2.0,False,2.0
2009,Fevereiro,2,2009-02-01,Alagoas,Nordeste,32.0,False,32.0
2009,Fevereiro,2,2009-02-01,Amapa,Norte,0.0,False,0.0
2009,Fevereiro,2,2009-02-01,Amazonas,Norte,3.0,False,3.0
2009,Fevereiro,2,2009-02-01,Bahia,Nordeste,117.0,False,117.0
2009,Fevereiro,2,2009-02-01,Ceara,Nordeste,8.0,False,8.0
2009,Fevereiro,2,2009-02-01,Distrito Federal,Centro-Oeste,0.0,False,0.0
2009,Fevereiro,2,2009-02-01,Espirito Santo,Sudeste,12.0,False,12.0
2009,Fevereiro,2,2009-02-01,Goias,Centro-Oeste,29.0,False,29.0
2009,Fevereiro,2,2009-02-01,Maranhao,Nordeste,20.0,False,20.0
2009,Fevereiro,2,2009-02-01,Mato Grosso,Centro-Oeste,248.0,False,248.0
2009,Fevereiro,2,2009-02-01,Mato Grosso,Centro-Oeste,164.0,False,164.0
2009,Fevereiro,2,2009-02-01,Minas Gerais,Sudeste,74.0,False,74.0
2009,Fevereiro,2,2009-02-01,Para,Norte,15.0,False,15.0
2009,Fevereiro,2,2009-02-01,Paraiba,Nordeste,9.0,False,9.0
2009,Fevereiro,2,2009-02-01,Paraiba,Nordeste,21.0,False,21.0
2009,Fevereiro,2,2009-02-01,Pernambuco,Nordeste,28.0,False,28.0
2009,Fevereiro,2,2009-02-01,Piau,Nordeste,19.0,False,19.0
2009,Fevereiro,2,2009-02-01,Rio,Sudeste,5.0,False,5.0
2009,Fevereiro,2,2009-02-01,Rio,Sudeste,8.0,False,8.0
2009,Fevereiro,2,2009-02-01,Rio,Sudeste,15.0,False,15.0
2009,Fevereiro,2,2009-02-01,Rondonia,Norte,1.0,False,1.0
2009,Fevereiro,2,2009-02-01,Roraima,Norte,153.0,False,153.0
2009,Fevereiro,2,2009-02-01,Santa Catarina,Sul,7.0,False,7.0
2009,Fevereiro,2,2009-02-01,Sao Paulo,Sudeste,65.0,False,65.0
2009,Fevereiro,2,2009-02-01,Sergipe,Nordeste,64.0,False,64.0
2009,Fevereiro,2,2009-02-01,Tocantins,Norte,21.0,False,21.0
2009,Marco,3,2009-03-01,Acre,Norte,1.0,False,1.0
2009,Marco,3,2009-03-01,Alagoas,Nordeste,31.0,False,31.0
2009,Marco,3,2009-03-01,Amapa,Norte,1.0,False,1.0
2009,Marco,3,2009-03-01,Amazonas,Norte,11.0,False,11.0
2009,Marco,3,2009-03-01,Bahia,Nordeste,249.0,False,249.0
2009,Marco,3,2009-03-01,Ceara,Nordeste,3.0,False,3.0
2009,Marco,3,2009-03-01,Distrito Federal,Centro-Oeste,0.0,False,0.0
2009,Marco,3,2009-03-01,Espirito Santo,Sudeste,11.0,False,11.0
2009,Marco,3,2009-03-01,Goias,Centro-Oeste,32.0,False,32.0
2009,Marco,3,2009-03-01,Maranhao,Nordeste,33.0,False,33.0
2009,Marco,3,2009-03-01,Mato Grosso,Centro-Oeste,325.0,True,278.0
2009,Marco,3,2009-03-01,Mato Grosso,Centro-Oeste,118.0,False,118.0
2009,Marco,3,2009-03-01,Minas Gerais,Sudeste,106.0,False,106.0
2009,Marco,3,2009-03-01,Para,Norte,4.0,False,4.0
2009,Marco,3,2009-03-01,Paraiba,Nordeste,2.0,False,2.0
2009,Marco,3,2009-03-01,Paraiba,Nordeste,57.0,False,57.0
2009,Marco,3,2009-03-01,Pernambuco,Nordeste,15.0,False,15.0
2009,Marco,3,2009-03-01,Piau,Nordeste,17.0,False,17.0
2009,Marco,3,2009-03-01,Rio,Sudeste,5.0,False,5.0
2009,Marco,3,2009-03-01,Rio,Sudeste,2.0,False,2.0
2009,Marco,3,2009-03-01,Rio,Sudeste,41.0,False,41.0
2009,Marco,3,2009-03-01,Rondonia,Norte,12.0,False,12.0
2009,Marco,3,2009-03-01,Roraima,Norte,176.0,False,176.0
2009,Marco,3,2009-03-01,Santa Catarina,Sul,33.0,False,33.0
2009,Marco,3,2009-03-01,Sao Paulo,Sudeste,55.0,False,55.0
2009,Marco,3,2009-03-01,Sergipe,Nordeste,29.0,False,29.0
2009,Marco,3,2009-03-01,Tocantins,Norte,23.0,False,23.0
2009,Abril,4,2009-04-01,Acre,Norte,0.0,False,0.0
2009,Abril,4,2009-04-01,Alagoas,Nordeste,5.0,False,5.0
2009,Abril,4,2009-04-01,Amapa,Norte,0.0,False,0.0
2009,Abril,4,2009-04-01,Amazonas,Norte,1.0,False,1.0
2009,Abril,4,2009-04-01,Bahia,Nordeste,40.0,False,40.0
2009,Abril,4,2009-04-01,Ceara,Nordeste,0.0,False,0.0
2009,Abril,4,2009-04-01,Distrito Federal,Centro-Oeste,0.0,False,0.0
2009,Abril,4,2009-04-01,Espirito Santo,Sudeste,8.0,False,8.0
2009,Abril,4,2009-04-01,Goias,Centro-Oeste,11.0,False,11.0
2009,Abril,4,2009-04-01,Maranhao,Nordeste,14.0,False,14.0
2009,Abril,4,2009-04-01,Mato Grosso,Centro-Oeste,169.0,False,169.0
2009,Abril,4,2009-04-01,Mato Grosso,Centro-Oeste,291.0,True,278.0
2009,Abril,4,2009-04-01,Minas Gerais,Sudeste,26.0,False,26.0
2009,Abril,4,2009-04-01,Para,Norte,8.0,False,8.0
2009,Abril,4,2009-04-01,Paraiba,Nordeste,1.0,False,1.0
2009,Abril,4,2009-04-01,Paraiba,Nordeste,80.0,False,80.0
2009,Abril,4,2009-04-01,Pernambuco,Nordeste,3.0,False,3.0
2009,Abril,4,2009-04-01,Piau,Nordeste,8.0,False,8.0
2009,Abril,4,2009-04-01,Rio,Sudeste,1.0,False,1.0
2009,Abril,4,2009-04-01,Rio,Sudeste,1.0,False,1.0
2009,Abril,4,2009-04-01,Rio,Sudeste,145.0,False,145.0
2009,Abril,4,2009-04-01,Rondonia,Norte,3.0,False,3.0
2009,Abril,4,2009-04-01,Roraima,Norte,115.0,False,115.0
2009,Abril,4,2009-04-01,Santa Catarina,Sul,57.0,False,57.0
2009,Abril,4,2009-04-01,Sao Paulo,Sudeste,67.0,False,67.0
2009,Abril,4,2009-04-01,Sergipe,Nordeste,19.0,False,19.0
2009,Abril,4,2009-04-01,Tocantins,Norte,5.0,False,5.0
2009,Maio,5,2009-05-01,Acre,Norte,3.0,False,3.0
2009,Maio,5,2009-05-01,Alagoas,Nordeste,0.0,False,0.0
2009,Maio,5,2009-05-01,Amapa,Norte,2.0,False,2.0
2009,Maio,5,2009-05-01,Amazonas,Norte,3.0,False,3.0
2009,Maio,5,2009-05-01,Bahia,Nordeste,34.0,False,34.0
2009,Maio,5,2009-05-01,Ceara,Nordeste,0.0,False,0.0
2009,Maio,5,2009-05-01,Distrito Federal,Centro-Oeste,9.0,False,9.0
2009,Maio,5,2009-05-01,Espirito Santo,Sudeste,7.0,False,7.0
2009,Maio,5,2009-05-01,Goias,Centro-Oeste,104.0,False,104.0
2009,Maio,5,2009-05-01,Maranhao,Nordeste,19.0,False,19.0
2009,Maio,5,2009-05-01,Mato Grosso,Centro-Oeste,516.0,True,278.0
2009,Maio,5,2009-05-01,Mato Grosso,Centro-Oeste,927.0,True,278.0
2009,Maio,5,2009-05-01,Minas Gerais,Sudeste,128.0,False,128.0
2009,Maio,5,2009-05-01,Para,Norte,7.0,False,7.0
2009,Maio,5,2009-05-01,Paraiba,Nordeste,0.0,False,0.0
2009,Maio,5,2009-05-01,Paraiba,Nordeste,117.0,False,117.0
2009,Maio,5,2009-05-01,Pernambuco,Nordeste,0.0,False,0.0
2009,Maio,5,2009-05-01,Piau,Nordeste,12.0,False,12.0
2009,Maio,5,2009-05-01,Rio,Sudeste,37.0,False,37.0
2009,Maio,5,2009-05-01,Rio,Sudeste,0.0,False,0.0
2009,Maio,5,2009-05-01,Rio,Sudeste,177.0,False,177.0
2009,Maio,5,2009-05-01,Rondonia,Norte,6.0,False,6.0
2009,Maio,5,2009-05-01,Roraima,Norte,219.0,False,219.0
2009,Maio,5,2009-05-01,Santa Catarina,Sul,33.0,False,33.0
2009,Maio,5,2009-05-01,Sao Paulo,Sudeste,142.0,False,142.0
2009,Maio,5,2009-05-01,Sergipe,Nordeste,0.0,False,0.0
2009,Maio,5,2009-05-01,Tocantins,Norte,91.0,False,91.0
2009,Junho,6,2009-06-01,Acre,Norte,0.0,False,0.0
2009,Junho,6,2009-06-01,Alagoas,Nordeste,0.0,False,0.0
2009,Junho,6,2009-06-01,Amapa,Norte,1.0,False,1.0
2009,Junho,6,2009-06-01,Amazonas,Norte,13.0,False,13.0
2009,Junho,6,2009-06-01,Bahia,Nordeste,92.0,False,92.0
2009,Junho,6,2009-06-01,Ceara,Nordeste,0.0,False,0.0
2009,Junho,6,2009-06-01,Distrito Federal,Centro-Oeste,4.0,False,4.0
2009,Junho,6,2009-06-01,Espirito Santo,Sudeste,12.0,False,12.0
2009,Junho,6,2009-06-01,Goias,Centro-Oeste,179.0,False,179.0
2009,Junho,6,2009-06-01,Maranhao,Nordeste,279.0,True,278.0
2009,Junho,6,2009-06-01,Mato Grosso,Centro-Oeste,979.0,True,278.0
2009,Junho,6,2009-06-01,Mato Grosso,Centro-Oeste,376.0,True,278.0
2009,Junho,6,2009-06-01,Minas Gerais,Sudeste,173.0,False,173.0
2009,Junho,6,2009-06-01,Para,Norte,38.0,False,38.0
2009,Junho,6,2009-06-01,Paraiba,Nordeste,0.0,False,0.0
2009,Junho,6,2009-06-01,Paraiba,Nordeste,105.0,False,105.0
2009,Junho,6,2009-06-01,Pernambuco,Nordeste,1.0,False,1.0
2009,Junho,6,2009-06-01,Piau,Nordeste,56.0,False,56.0
2009,Junho,6,2009-06-01,Rio,Sudeste,33.0,False,33.0
2009,Junho,6,2009-06-01,Rio,Sudeste,0.0,False,0.0
2009,Junho,6,2009-06-01,Rio,Sudeste,30.0,False,30.0
2009,Junho,6,2009-06-01,Rondonia,Norte,13.0,False,13.0
2009,Junho,6,2009-06-01,Roraima,Norte,16.0,False,16.0
2009,Junho,6,2009-06-01,Santa Catarina,Sul,14.0,False,14.0
2009,Junho,6,2009-06-01,Sao Paulo,Sudeste,125.0,False,125.0
2009,Junho,6,2009-06-01,Sergipe,Nordeste,2.0,False,2.0
2009,Junho,6,2009-06-01,Tocantins,Norte,421.0,True,278.0
2009,Julho,7,2009-07-01,Acre,Norte,31.0,False,31.0
2009,Julho,7,2009-07-01,Alagoas,Nordeste,0.0,False,0.0
2009,Julho,7,2009-07-01,Amapa,Norte,4.0,False,4.0
2009,Julho,7,2009-07-01,Amazonas,Norte,199.0,False,199.0
2009,Julho,7,2009-07-01,Bahia,Nordeste,321.0,True,278.0
2009,Julho,7,2009-07-01,Ceara,Nordeste,7.0,False,7.0
2009,Julho,7,2009-07-01,Distrito Federal,Centro-Oeste,33.0,False,33.0
2009,Julho,7,2009-07-01,Espirito Santo,Sudeste,25.0,False,25.0
2009,Julho,7,2009-07-01,Goias,Centro-Oeste,470.0,True,278.0
2009,Julho,7,2009-07-01,Maranhao,Nordeste,972.0,True,278.0
2009,Julho,7,2009-07-01,Mato Grosso,Centro-Oeste,1.613,False,1.613
2009,Julho,7,2009-07-01,Mato Grosso,Centro-Oeste,354.0,True,278.0
2009,Julho,7,2009-07-01,Minas Gerais,Sudeste,477.0,True,278.0
2009,Julho,7,2009-07-01,Para,Norte,397.0,True,278.0
2009,Julho,7,2009-07-01,Paraiba,Nordeste,3.0,False,3.0
2009,Julho,7,2009-07-01,Paraiba,Nordeste,34.0,False,34.0
2009,Julho,7,2009-07-01,Pernambuco,Nordeste,1.0,False,1.0
2009,Julho,7,2009-07-01,Piau,Nordeste,302.0,True,278.0
2009,Julho,7,2009-07-01,Rio,Sudeste,56.0,False,56.0
2009,Julho,7,2009-07-01,Rio,Sudeste,0.0,False,0.0
2009,Julho,7,2009-07-01,Rio,Sudeste,47.0,False,47.0
2009,Julho,7,2009-07-01,Rondonia,Norte,110.0,False,110.0
2009,Julho,7,2009-07-01,Roraima,Norte,18.0,False,18.0
2009,Julho,7,2009-07-01,Santa Catarina,Sul,26.0,False,26.0
2009,Julho,7,2009-07-01,Sao Paulo,Sudeste,110.0,False,110.0
2009,Julho,7,2009-07-01,Sergipe,Nordeste,0.0,False,0.0
2009,Julho,7,2009-07-01,Tocantins,Norte,989.0,True,278.0
2009,Agosto,8,2009-08-01,Acre,Norte,194.0,False,194.0
2009,Agosto,8,2009-08-01,Alagoas,Nordeste,0.0,False,0.0
2009,Agosto,8,2009-08-01,Amapa,Norte,20.0,False,20.0
2009,Agosto,8,2009-08-01,Amazonas,Norte,1.321,False,1.321
2009,Agosto,8,2009-08-01,Bahia,Nordeste,439.0,True,278.0
2009,Agosto,8,2009-08-01,Ceara,Nordeste,26.0,False,26.0
2009,Agosto,8,2009-08-01,Distrito Federal,Centro-Oeste,37.0,False,37.0
2009,Agosto,8,2009-08-01,Espirito Santo,Sudeste,17.0,False,17.0
2009,Agosto,8,2009-08-01,Goias,Centro-Oeste,647.0,True,278.0
2009,Agosto,8,2009-08-01,Maranhao,Nordeste,1.766,False,1.766
2009,Agosto,8,2009-08-01,Mato Grosso,Centro-Oeste,2.25,False,2.25
2009,Agosto,8,2009-08-01,Mato Grosso,Centro-Oeste,816.0,True,278.0
2009,Agosto,8,2009-08-01,Minas Gerais,Sudeste,685.0,True,278.0
2009,Agosto,8,2009-08-01,Para,Norte,3.859,False,3.859
2009,Agosto,8,2009-08-01,Paraiba,Nordeste,4.0,False,4.0
2009,Agosto,8,2009-08-01,Paraiba,Nordeste,844.0,True,278.0
2009,Agosto,8,2009-08-01,Pernambuco,Nordeste,10.0,False,10.0
2009,Agosto,8,2009-08-01,Piau,Nordeste,790.0,True,278.0
2009,Agosto,8,2009-08-01,Rio,Sudeste,91.0,False,91.0
2009,Agosto,8,2009-08-01,Rio,Sudeste,1.0,False,1.0
2009,Agosto,8,2009-08-01,Rio,Sudeste,1.057,False,1.057
2009,Agosto,8,2009-08-01,Rondonia,Norte,484.0,True,278.0
2009,Agosto,8,2009-08-01,Roraima,Norte,29.0,False,29.0
2009,Agosto,8,2009-08-01,Santa Catarina,Sul,759.0,True,278.0
2009,Agosto,8,2009-08-01,Sao Paulo,Sudeste,289.0,True,278.0
2009,Agosto,8,2009-08-01,Sergipe,Nordeste,0.0,False,0.0
2009,Agosto,8,2009-08-01,Tocantins,Norte,1.124,False,1.124
2009,Setembro,9,2009-09-01,Acre,Norte,1.265,False,1.265
2009,Setembro,9,2009-09-01,Alagoas,Nordeste,13.0,False,13.0
2009,Setembro,9,2009-09-01,Amapa,Norte,188.0,False,188.0
2009,Setembro,9,2009-09-01,Amazonas,Norte,3.091,False,3.091
2009,Setembro,9,2009-09-01,Bahia,Nordeste,3.61,False,3.61
2009,Setembro,9,2009-09-01,Ceara,Nordeste,101.0,False,101.0
2009,Setembro,9,2009-09-01,Distrito Federal,Centro-Oeste,5.0,False,5.0
2009,Setembro,9,2009-09-01,Espirito Santo,Sudeste,57.0,False,57.0
2009,Setembro,9,2009-09-01,Goias,Centro-Oeste,685.0,True,278.0
2009,Setembro,9,2009-09-01,Maranhao,Nordeste,2.404,False,2.404
2009,Setembro,9,2009-09-01,Mato Grosso,Centro-Oeste,3.129,False,3.129
2009,Setembro,9,2009-09-01,Mato Grosso,Centro-Oeste,1.146,False,1.146
2009,Setembro,9,2009-09-01,Minas Gerais,Sudeste,1.31,False,1.31
2009,Setembro,9,2009-09-01,Para,Norte,6.051,False,6.051
2009,Setembro,9,2009-09-01,Paraiba,Nordeste,28.0,False,28.0
2009,Setembro,9,2009-09-01,Paraiba,Nordeste,149.0,False,149.0
2009,Setembro,9,2009-09-01,Pernambuco,Nordeste,164.0,False,164.0
2009,Setembro,9,2009-09-01,Piau,Nordeste,1.709,False,1.709
2009,Setembro,9,2009-09-01,Rio,Sudeste,90.0,False,90.0
2009,Setembro,9,2009-09-01,Rio,Sudeste,29.0,False,29.0
2009,Setembro,9,2009-09-01,Rio,Sudeste,39.0,False,39.0
2009,Setembro,9,2009-09-01,Rondonia,Norte,1.869,False,1.869
2009,Setembro,9,2009-09-01,Roraima,Norte,117.0,False,117.0
2009,Setembro,9,2009-09-01,Santa Catarina,Sul,47.0,False,47.0
2009,Setembro,9,2009-09-01,Sao Paulo,Sudeste,116.0,False,116.0
2009,Setembro,9,2009-09-01,Sergipe,Nordeste,1.0,False,1.0
2009,Setembro,9,2009-09-01,Tocantins,Norte,2.017,False,2.017
2009,Outubro,10,2009-10-01,Acre,Norte,565.0,True,278.0
2009,Outubro,10,2009-10-01,Alagoas,Nordeste,30.0,False,30.0
2009,Outubro,10,2009-10-01,Amapa,Norte,765.0,True,278.0
2009,Outubro,10,2009-10-01,Amazonas,Norte,2.189,False,2.189
2009,Outubro,10,2009-10-01,Bahia,Nordeste,2.552,False,2.552
2009,Outubro,10,2009-10-01,Ceara,Nordeste,435.0,True,278.0
2009,Outubro,10,2009-10-01,Distrito Federal,Centro-Oeste,3.0,False,3.0
2009,Outubro,10,2009-10-01,Espirito Santo,Sudeste,13.0,False,13.0
2009,Outubro,10,2009-10-01,Goias,Centro-Oeste,367.0,True,278.0
2009,Outubro,10,2009-10-01,Maranhao,Nordeste,1.861,False,1.861
2009,Outubro,10,2009-10-01,Mato Grosso,Centro-Oeste,2.579,False,2.579
2009,Outubro,10,2009-10-01,Mato Grosso,Centro-Oeste,854.0,True,278.0
2009,Outubro,10,2009-10-01,Minas Gerais,Sudeste,1.013,False,1.013
2009,Outubro,10,2009-10-01,Para,Norte,6.342,False,6.342
2009,Outubro,10,2009-10-01,Paraiba,Nordeste,117.0,False,117.0
2009,Outubro,10,2009-10-01,Paraiba,Nordeste,424.0,True,278.0
2009,Outubro,10,2009-10-01,Pernambuco,Nordeste,254.0,False,254.0
2009,Outubro,10,2009-10-01,Piau,Nordeste,913.0,True,278.0
2009,Outubro,10,2009-10-01,Rio,Sudeste,18.0,False,18.0
2009,Outubro,10,2009-10-01,Rio,Sudeste,84.0,False,84.0
2009,Outubro,10,2009-10-01,Rio,Sudeste,148.0,False,148.0
2009,Outubro,10,2009-10-01,Rondonia,Norte,1.444,False,1.444
2009,Outubro,10,2009-10-01,Roraima,Norte,197.0,False,197.0
2009,Outubro,10,2009-10-01,Santa Catarina,Sul,252.0,False,252.0
2009,Outubro,10,2009-10-01,Sao Paulo,Sudeste,64.0,False,64.0
2009,Outubro,10,2009-10-01,Sergipe,Nordeste,1.0,False,1.0
2009,Outubro,10,2009-10-01,Tocantins,Norte,718.0,True,278.0
2009,Novembro,11,2009-11-01,Acre,Norte,33.0,False,33.0
2009,Novembro,11,2009-11-01,Alagoas,Nordeste,55.0,False,55.0
2009,Novembro,11,2009-11-01,Amapa,Norte,1.019,False,1.019
2009,Novembro,11,2009-11-01,Amazonas,Norte,973.0,True,278.0
2009,Novembro,11,2009-11-01,Bahia,Nordeste,402.0,True,278.0
2009,Novembro,11,2009-11-01,Ceara,Nordeste,1.653,False,1.653
2009,Novembro,11,2009-11-01,Distrito Federal,Centro-Oeste,0.0,False,0.0
2009,Novembro,11,2009-11-01,Espirito Santo,Sudeste,18.0,False,18.0
2009,Novembro,11,2009-11-01,Goias,Centro-Oeste,89.0,False,89.0
2009,Novembro,11,2009-11-01,Maranhao,Nordeste,5.0,False,5.0
2009,Novembro,11,2009-11-01,Mato Grosso,Centro-Oeste,588.0,True,278.0
2009,Novembro,11,2009-11-01,Mato Grosso,Centro-Oeste,439.0,True,278.0
2009,Novembro,11,2009-11-01,Minas Gerais,Sudeste,246.0,False,246.0
2009,Novembro,11,2009-11-01,Para,Norte,10.012,False,10.012
2009,Novembro,11,2009-11-01,Paraiba,Nordeste,428.0,True,278.0
2009,Novembro,11,2009-11-01,Paraiba,Nordeste,90.0,False,90.0
2009,Novembro,11,2009-11-01,Pernambuco,Nordeste,486.0,True,278.0
2009,Novembro,11,2009-11-01,Piau,Nordeste,1.336,False,1.336
2009,Novembro,11,2009-11-01,Rio,Sudeste,27.0,False,27.0
2009,Novembro,11,2009-11-01,Rio,Sudeste,172.0,False,172.0
2009,Novembro,11,2009-11-01,Rio,Sudeste,4.0,False,4.0
2009,Novembro,11,2009-11-01,Rondonia,Norte,128.0,False,128.0
2009,Novembro,11,2009-11-01,Roraima,Norte,312.0,True,278.0
2009,Novembro,11,2009-11-01,Santa Catarina,Sul,61.0,False,61.0
2009,Novembro,11,2009-11-01,Sao Paulo,Sudeste,83.0,False,83.0
2009,Novembro,11,2009-11-01,Sergipe,Nordeste,9.0,False,9.0
2009,Novembro,11,2009-11-01,Tocantins,Norte,251.0,False,251.0
2009,Dezembro,12,2009-12-01,Acre,Norte,1.0,False,1.0
2009,Dezembro,12,2009-12-01,Alagoas,Nordeste,55.0,False,55.0
2009,Dezembro,12,2009-12-01,Amapa,Norte,123.0,False,123.0
2009,Dezembro,12,2009-12-01,Amazonas,Norte,102.0,False,102.0
2009,Dezembro,12,2009-12-01,Bahia,Nordeste,308.0,True,278.0
2009,Dezembro,12,2009-12-01,Ceara,Nordeste,1.987,False,1.987
2009,Dezembro,12,2009-12-01,Distrito Federal,Centro-Oeste,0.0,False,0.0
2009,Dezembro,12,2009-12-01,Espirito Santo,Sudeste,32.0,False,32.0
2009,Dezembro,12,2009-12-01,Goias,Centro-Oeste,39.0,False,39.0
2009,Dezembro,12,2009-12-01,Maranhao,Nordeste,1.768,False,1.768
2009,Dezembro,12,2009-12-01,Mato Grosso,Centro-Oeste,171.0,False,171.0
2009,Dezembro,12,2009-12-01,Mato Grosso,Centro-Oeste,87.0,False,87.0
2009,Dezembro,12,2009-12-01,Minas Gerais,Sudeste,108.0,False,108.0
2009,Dezembro,12,2009-12-01,Para,Norte,2.832,False,2.832
2009,Dezembro,12,2009-12-01,Paraiba,Nordeste,270.0,False,270.0
2009,Dezembro,12,2009-12-01,Paraiba,Nordeste,30.0,False,30.0
2009,Dezembro,12,2009-12-01,Pernambuco,Nordeste,351.0,True,278.0
2009,Dezembro,12,2009-12-01,Piau,Nordeste,570.0,True,278.0
2009,Dezembro,12,2009-12-01,Rio,Sudeste,1.0,False,1.0
2009,Dezembro,12,2009-12-01,Rio,Sudeste,221.0,False,221.0
2009,Dezembro,12,2009-12-01,Rio,Sudeste,15.0,False,15.0
2009,Dezembro,12,2009-12-01,Rondonia,Norte,9.0,False,9.0
2009,Dezembro,12,2009-12-01,Roraima,Norte,290.0,True,278.0
2009,Dezembro,12,2009-12-01,Santa Catarina,Sul,20.0,False,20.0
2009,Dezembro,12,2009-12-01,Sao Paulo,Sudeste,37.0,False,37.0
2009,Dezembro,12,2009-12-01,Sergipe,Nordeste,21.0,False,21.0
2009,Dezembro,12,2009-12-01,Tocantins,Norte,46.0,False,46.0
2010,Janeiro,1,2010-01-01,Acre,Norte,1.0,False,1.0
2010,Janeiro,1,2010-01-01,Alagoas,Nordeste,23.0,False,23.0
2010,Janeiro,1,2010-01-01,Amapa,Norte,2.0,False,2.0
2010,Janeiro,1,2010-01-01,Amazonas,Norte,82.0,False,82.0
2010,Janeiro,1,2010-01-01,Bahia,Nordeste,297.0,True,278.0
2010,Janeiro,1,2010-01-01,Ceara,Nordeste,288.0,True,278.0
2010,Janeiro,1,2010-01-01,Distrito Federal,Centro-Oeste,2.0,False,2.0
2010,Janeiro,1,2010-01-01,Espirito Santo,Sudeste,52.0,False,52.0
2010,Janeiro,1,2010-01-01,Goias,Centro-Oeste,59.0,False,59.0
2010,Janeiro,1,2010-01-01,Maranhao,Nordeste,319.0,True,278.0
2010,Janeiro,1,2010-01-01,Mato Grosso,Centro-Oeste,298.0,True,278.0
2010,Janeiro,1,2010-01-01,Mato Grosso,Centro-Oeste,72.0,False,72.0
2010,Janeiro,1,2010-01-01,Minas Gerais,Sudeste,118.0,False,118.0
2010,Janeiro,1,2010-01-01,Para,Norte,437.0,True,278.0
2010,Janeiro,1,2010-01-01,Paraiba,Nordeste,46.0,False,46.0
2010,Janeiro,1,2010-01-01,Paraiba,Nordeste,18.0,False,18.0
2010,Janeiro,1,2010-01-01,Pernambuco,Nordeste,47.0,False,47.0
2010,Janeiro,1,2010-01-01,Piau,Nordeste,99.0,False,99.0
2010,Janeiro,1,2010-01-01,Rio,Sudeste,13.0,False,13.0
2010,Janeiro,1,2010-01-01,Rio,Sudeste,32.0,False,32.0
2010,Janeiro,1,2010-01-01,Rio,Sudeste,22.0,False,22.0
2010,Janeiro,1,2010-01-01,Rondonia,Norte,18.0,False,18.0
2010,Janeiro,1,2010-01-01,Roraima,Norte,351.0,True,278.0
2010,Janeiro,1,2010-01-01,Santa Catarina,Sul,2.0,False,2.0
2010,Janeiro,1,2010-01-01,Sao Paulo,Sudeste,45.0,False,45.0
2010,Janeiro,1,2010-01-01,Sergipe,Nordeste,29.0,False,29.0
2010,Janeiro,1,2010-01-01,Tocantins,Norte,79.0,False,79.0
2010,Fevereiro,2,2010-02-01,Acre,Norte,0.0,False,0.0
2010,Fevereiro,2,2010-02-01,Alagoas,Nordeste,26.0,False,26.0
2010,Fevereiro,2,2010-02-01,Amapa,Norte,0.0,False,0.0
2010,Fevereiro,2,2010-02-01,Amazonas,Norte,81.0,False,81.0
2010,Fevereiro,2,2010-02-01,Bahia,Nordeste,206.0,False,206.0
2010,Fevereiro,2,2010-02-01,Ceara,Nordeste,63.0,False,63.0
2010,Fevereiro,2,2010-02-01,Distrito Federal,Centro-Oeste,4.0,False,4.0
2010,Fevereiro,2,2010-02-01,Espirito Santo,Sudeste,15.0,False,15.0
2010,Fevereiro,2,2010-02-01,Goias,Centro-Oeste,86.0,False,86.0
2010,Fevereiro,2,2010-02-01,Maranhao,Nordeste,93.0,False,93.0
2010,Fevereiro,2,2010-02-01,Mato Grosso,Centro-Oeste,431.0,True,278.0
2010,Fevereiro,2,2010-02-01,Mato Grosso,Centro-Oeste,157.0,False,157.0
2010,Fevereiro,2,2010-02-01,Minas Gerais,Sudeste,155.0,False,155.0
2010,Fevereiro,2,2010-02-01,Para,Norte,102.0,False,102.0
2010,Fevereiro,2,2010-02-01,Paraiba,Nordeste,15.0,False,15.0
2010,Fevereiro,2,2010-02-01,Paraiba,Nordeste,46.0,False,46.0
2010,Fevereiro,2,2010-02-01,Pernambuco,Nordeste,33.0,False,33.0
2010,Fevereiro,2,2010-02-01,Piau,Nordeste,54.0,False,54.0
2010,Fevereiro,2,2010-02-01,Rio,Sudeste,73.0,False,73.0
2010,Fevereiro,2,2010-02-01,Rio,Sudeste,12.0,False,12.0
2010,Fevereiro,2,2010-02-01,Rio,Sudeste,23.0,False,23.0
2010,Fevereiro,2,2010-02-01,Rondonia,Norte,9.0,False,9.0
2010,Fevereiro,2,2010-02-01,Roraima,Norte,470.0,True,278.0
2010,Fevereiro,2,2010-02-01,Santa Catarina,Sul,15.0,False,15.0
2010,Fevereiro,2,2010-02-01,Sao Paulo,Sudeste,152.0,False,152.0
2010,Fevereiro,2,2010-02-01,Sergipe,Nordeste,33.0,False,33.0
2010,Fevereiro,2,2010-02-01,Tocantins,Norte,32.0,False,32.0
2010,Marco,3,2010-03-01,Acre,Norte,0.0,False,0.0
2010,Marco,3,2010-03-01,Alagoas,Nordeste,70.0,False,70.0
2010,Marco,3,2010-03-01,Amapa,Norte,2.0,False,2.0
2010,Marco,3,2010-03-01,Amazonas,Norte,116.0,False,116.0
2010,Marco,3,2010-03-01,Bahia,Nordeste,156.0,False,156.0
2010,Marco,3,2010-03-01,Ceara,Nordeste,40.0,False,40.0
2010,Marco,3,2010-03-01,Distrito Federal,Centro-Oeste,0.0,False,0.0
2010,Marco,3,2010-03-01,Espirito Santo,Sudeste,3.0,False,3.0
2010,Marco,3,2010-03-01,Goias,Centro-Oeste,65.0,False,65.0
2010,Marco,3,2010-03-01,Maranhao,Nordeste,82.0,False,82.0
2010,Marco,3,2010-03-01,Mato Grosso,Centro-Oeste,605.0,True,278.0
2010,Marco,3,2010-03-01,Mato Grosso,Centro-Oeste,149.0,False,149.0
2010,Marco,3,2010-03-01,Minas Gerais,Sudeste,109.0,False,109.0
2010,Marco,3,2010-03-01,Para,Norte,110.0,False,110.0
2010,Marco,3,2010-03-01,Paraiba,Nordeste,16.0,False,16.0
2010,Marco,3,2010-03-01,Paraiba,Nordeste,22.0,False,22.0
2010,Marco,3,2010-03-01,Pernambuco,Nordeste,59.0,False,59.0
2010,Marco,3,2010-03-01,Piau,Nordeste,47.0,False,47.0
2010,Marco,3,2010-03-01,Rio,Sudeste,10.0,False,10.0
2010,Marco,3,2010-03-01,Rio,Sudeste,23.0,False,23.0
2010,Marco,3,2010-03-01,Rio,Sudeste,21.0,False,21.0
2010,Marco,3,2010-03-01,Rondonia,Norte,11.0,False,11.0
2010,Marco,3,2010-03-01,Roraima,Norte,417.0,True,278.0
2010,Marco,3,2010-03-01,Santa Catarina,Sul,9.0,False,9.0
2010,Marco,3,2010-03-01,Sao Paulo,Sudeste,111.0,False,111.0
2010,Marco,3,2010-03-01,Sergipe,Nordeste,44.0,False,44.0
2010,Marco,3,2010-03-01,Tocantins,Norte,120.0,False,120.0
2010,Abril,4,2010-04-01,Acre,Norte,3.0,False,3.0
2010,Abril,4,2010-04-01,Alagoas,Nordeste,3.0,False,3.0
2010,Abril,4,2010-04-01,Amapa,Norte,2.0,False,2.0
2010,Abril,4,2010-04-01,Amazonas,Norte,11.0,False,11.0
2010,Abril,4,2010-04-01,Bahia,Nordeste,103.0,False,103.0
2010,Abril,4,2010-04-01,Ceara,Nordeste,7.0,False,7.0
2010,Abril,4,2010-04-01,Distrito Federal,Centro-Oeste,8.0,False,8.0
2010,Abril,4,2010-04-01,Espirito Santo,Sudeste,7.0,False,7.0
2010,Abril,4,2010-04-01,Goias,Centro-Oeste,105.0,False,105.0
2010,Abril,4,2010-04-01,Maranhao,Nordeste,128.0,False,128.0
2010,Abril,4,2010-04-01,Mato Grosso,Centro-Oeste,769.0,True,278.0
2010,Abril,4,2010-04-01,Mato Grosso,Centro-Oeste,136.0,False,136.0
2010,Abril,4,2010-04-01,Minas Gerais,Sudeste,112.0,False,112.0
2010,Abril,4,2010-04-01,Para,Norte,22.0,False,22.0
2010,Abril,4,2010-04-01,Paraiba,Nordeste,2.0,False,2.0
2010,Abril,4,2010-04-01,Paraiba,Nordeste,71.0,False,71.0
2010,Abril,4,2010-04-01,Pernambuco,Nordeste,2.0,False,2.0
2010,Abril,4,2010-04-01,Piau,Nordeste,56.0,False,56.0
2010,Abril,4,2010-04-01,Rio,Sudeste,10.0,False,10.0
2010,Abril,4,2010-04-01,Rio,Sudeste,7.0,False,7.0
2010,Abril,4,2010-04-01,Rio,Sudeste,72.0,False,72.0
2010,Abril,4,2010-04-01,Rondonia,Norte,19.0,False,19.0
2010,Abril,4,2010-04-01,Roraima,Norte,15.0,False,15.0
2010,Abril,4,2010-04-01,Santa Catarina,Sul,19.0,False,19.0
2010,Abril,4,2010-04-01,Sao Paulo,Sudeste,91.0,False,91.0
2010,Abril,4,2010-04-01,Sergipe,Nordeste,1.0,False,1.0
2010,Abril,4,2010-04-01,Tocantins,Norte,419.0,True,278.0
2010,Maio,5,2010-05-01,Acre,Norte,9.0,False,9.0
2010,Maio,5,2010-05-01,Alagoas,Nordeste,0.0,False,0.0
2010,Maio,5,2010-05-01,Amapa,Norte,2.0,False,2.0
2010,Maio,5,2010-05-01,Amazonas,Norte,13.0,False,13.0
2010,Maio,5,2010-05-01,Bahia,Nordeste,198.0,False,198.0
2010,Maio,5,2010-05-01,Ceara,Nordeste,2.0,False,2.0
2010,Maio,5,2010-05-01,Distrito Federal,Centro-Oeste,23.0,False,23.0
2010,Maio,5,2010-05-01,Espirito Santo,Sudeste,3.0,False,3.0
2010,Maio,5,2010-05-01,Goias,Centro-Oeste,239.0,False,239.0
2010,Maio,5,2010-05-01,Maranhao,Nordeste,273.0,False,273.0
2010,Maio,5,2010-05-01,Mato Grosso,Centro-Oeste,1.313,False,1.313
2010,Maio,5,2010-05-01,Mato Grosso,Centro-Oeste,105.0,False,105.0
2010,Maio,5,2010-05-01,Minas Gerais,Sudeste,179.0,False,179.0
2010,Maio,5,2010-05-01,Para,Norte,57.0,False,57.0
2010,Maio,5,2010-05-01,Paraiba,Nordeste,10.0,False,10.0
2010,Maio,5,2010-05-01,Paraiba,Nordeste,39.0,False,39.0
2010,Maio,5,2010-05-01,Pernambuco,Nordeste,8.0,False,8.0
2010,Maio,5,2010-05-01,Piau,Nordeste,231.0,False,231.0
2010,Maio,5,2010-05-01,Rio,Sudeste,6.0,False,6.0
2010,Maio,5,2010-05-01,Rio,Sudeste,3.0,False,3.0
2010,Maio,5,2010-05-01,Rio,Sudeste,9.0,False,9.0
2010,Maio,5,2010-05-01,Rondonia,Norte,41.0,False,41.0
2010,Maio,5,2010-05-01,Roraima,Norte,3.0,False,3.0
2010,Maio,5,2010-05-01,Santa Catarina,Sul,1.0,False,1.0
2010,Maio,5,2010-05-01,Sao Paulo,Sudeste,150.0,False,150.0
2010,Maio,5,2010-05-01,Sergipe,Nordeste,0.0,False,0.0
2010,Maio,5,2010-05-01,Tocantins,Norte,580.0,True,278.0
2010,Junho,6,2010-06-01,Acre,Norte,1.0,False,1.0
2010,Junho,6,2010-06-01,Alagoas,Nordeste,0.0,False,0.0
2010,Junho,6,2010-06-01,Amapa,Norte,0.0,False,0.0
2010,Junho,6,2010-06-01,Amazonas,Norte,9.0,False,9.0
2010,Junho,6,2010-06-01,Bahia,Nordeste,192.0,False,192.0
2010,Junho,6,2010-06-01,Ceara,Nordeste,3.0,False,3.0
2010,Junho,6,2010-06-01,Distrito Federal,Centro-Oeste,21.0,False,21.0
2010,Junho,6,2010-06-01,Espirito Santo,Sudeste,3.0,False,3.0
2010,Junho,6,2010-06-01,Goias,Centro-Oeste,278.0,False,278.0
2010,Junho,6,2010-06-01,Maranhao,Nordeste,494.0,True,278.0
2010,Junho,6,2010-06-01,Mato Grosso,Centro-Oeste,1.025,False,1.025
2010,Junho,6,2010-06-01,Mato Grosso,Centro-Oeste,149.0,False,149.0
2010,Junho,6,2010-06-01,Minas Gerais,Sudeste,139.0,False,139.0
2010,Junho,6,2010-06-01,Para,Norte,94.0,False,94.0
2010,Junho,6,2010-06-01,Paraiba,Nordeste,3.0,False,3.0
2010,Junho,6,2010-06-01,Paraiba,Nordeste,55.0,False,55.0
2010,Junho,6,2010-06-01,Pernambuco,Nordeste,1.0,False,1.0
2010,Junho,6,2010-06-01,Piau,Nordeste,208.0,False,208.0
2010,Junho,6,2010-06-01,Rio,Sudeste,7.0,False,7.0
2010,Junho,6,2010-06-01,Rio,Sudeste,1.0,False,1.0
2010,Junho,6,2010-06-01,Rio,Sudeste,4.0,False,4.0
2010,Junho,6,2010-06-01,Rondonia,Norte,44.0,False,44.0
2010,Junho,6,2010-06-01,Roraima,Norte,0.0,False,0.0
2010,Junho,6,2010-06-01,Santa Catarina,Sul,1.0,False,1.0
2010,Junho,6,2010-06-01,Sao Paulo,Sudeste,143.0,False,143.0
2010,Junho,6,2010-06-01,Sergipe,Nordeste,0.0,False,0.0
2010,Junho,6,2010-06-01,Tocantins,Norte,767.0,True,278.0
2010,Julho,7,2010-07-01,Acre,Norte,126.0,False,126.0
2010,Julho,7,2010-07-01,Alagoas,Nordeste,2.0,False,2.0
2010,Julho,7,2010-07-01,Amapa,Norte,2.0,False,2.0
2010,Julho,7,2010-07-01,Amazonas,Norte,640.0,True,278.0
2010,Julho,7,2010-07-01,Bahia,Nordeste,519.0,True,278.0
2010,Julho,7,2010-07-01,Ceara,Nordeste,44.0,False,44.0
2010,Julho,7,2010-07-01,Distrito Federal,Centro-Oeste,85.0,False,85.0
2010,Julho,7,2010-07-01,Espirito Santo,Sudeste,5.0,False,5.0
2010,Julho,7,2010-07-01,Goias,Centro-Oeste,941.0,True,278.0
2010,Julho,7,2010-07-01,Maranhao,Nordeste,2.323,False,2.323
2010,Julho,7,2010-07-01,Mato Grosso,Centro-Oeste,3.442,False,3.442
2010,Julho,7,2010-07-01,Mato Grosso,Centro-Oeste,589.0,True,278.0
2010,Julho,7,2010-07-01,Minas Gerais,Sudeste,707.0,True,278.0
2010,Julho,7,2010-07-01,Para,Norte,1.432,False,1.432
2010,Julho,7,2010-07-01,Paraiba,Nordeste,7.0,False,7.0
2010,Julho,7,2010-07-01,Paraiba,Nordeste,196.0,False,196.0
2010,Julho,7,2010-07-01,Pernambuco,Nordeste,7.0,False,7.0
2010,Julho,7,2010-07-01,Piau,Nordeste,1.696,False,1.696
2010,Julho,7,2010-07-01,Rio,Sudeste,55.0,False,55.0
2010,Julho,7,2010-07-01,Rio,Sudeste,7.0,False,7.0
2010,Julho,7,2010-07-01,Rio,Sudeste,34.0,False,34.0
2010,Julho,7,2010-07-01,Rondonia,Norte,747.0,True,278.0
2010,Julho,7,2010-07-01,Roraima,Norte,1.0,False,1.0
2010,Julho,7,2010-07-01,Santa Catarina,Sul,31.0,False,31.0
2010,Julho,7,2010-07-01,Sao Paulo,Sudeste,600.0,True,278.0
2010,Julho,7,2010-07-01,Sergipe,Nordeste,0.0,False,0.0
2010,Julho,7,2010-07-01,Tocantins,Norte,2.408,False,2.408
2010,Agosto,8,2010-08-01,Acre,Norte,1.682,False,1.682
2010,Agosto,8,2010-08-01,Alagoas,Nordeste,1.0,False,1.0
2010,Agosto,8,2010-08-01,Amapa,Norte,1.0,False,1.0
2010,Agosto,8,2010-08-01,Amazonas,Norte,3.727,False,3.727
2010,Agosto,8,2010-08-01,Bahia,Nordeste,2.423,False,2.423
2010,Agosto,8,2010-08-01,Ceara,Nordeste,202.0,False,202.0
2010,Agosto,8,2010-08-01,Distrito Federal,Centro-Oeste,159.0,False,159.0
2010,Agosto,8,2010-08-01,Espirito Santo,Sudeste,39.0,False,39.0
2010,Agosto,8,2010-08-01,Goias,Centro-Oeste,2.914,False,2.914
2010,Agosto,8,2010-08-01,Maranhao,Nordeste,6.353,False,6.353
2010,Agosto,8,2010-08-01,Mato Grosso,Centro-Oeste,14.608,False,14.608
2010,Agosto,8,2010-08-01,Mato Grosso,Centro-Oeste,1.721,False,1.721
2010,Agosto,8,2010-08-01,Minas Gerais,Sudeste,3.353,False,3.353
2010,Agosto,8,2010-08-01,Para,Norte,18.13,False,18.13
2010,Agosto,8,2010-08-01,Paraiba,Nordeste,9.0,False,9.0
2010,Agosto,8,2010-08-01,Paraiba,Nordeste,733.0,True,278.0
2010,Agosto,8,2010-08-01,Pernambuco,Nordeste,29.0,False,29.0
2010,Agosto,8,2010-08-01,Piau,Nordeste,4.035,False,4.035
2010,Agosto,8,2010-08-01,Rio,Sudeste,316.0,True,278.0
2010,Agosto,8,2010-08-01,Rio,Sudeste,24.0,False,24.0
2010,Agosto,8,2010-08-01,Rio,Sudeste,267.0,False,267.0
2010,Agosto,8,2010-08-01,Rondonia,Norte,4.388,False,4.388
2010,Agosto,8,2010-08-01,Roraima,Norte,3.0,False,3.0
2010,Agosto,8,2010-08-01,Santa Catarina,Sul,511.0,True,278.0
2010,Agosto,8,2010-08-01,Sao Paulo,Sudeste,1.809,False,1.809
2010,Agosto,8,2010-08-01,Sergipe,Nordeste,0.0,False,0.0
2010,Agosto,8,2010-08-01,Tocantins,Norte,7.865,False,7.865
2010,Setembro,9,2010-09-01,Acre,Norte,2.531,False,2.531
2010,Setembro,9,2010-09-01,Alagoas,Nordeste,5.0,False,5.0
2010,Setembro,9,2010-09-01,Amapa,Norte,63.0,False,63.0
2010,Setembro,9,2010-09-01,Amazonas,Norte,2.781,False,2.781
2010,Setembro,9,2010-09-01,Bahia,Nordeste,5.323,False,5.323
2010,Setembro,9,2010-09-01,Ceara,Nordeste,357.0,True,278.0
2010,Setembro,9,2010-09-01,Distrito Federal,Centro-Oeste,196.0,False,196.0
2010,Setembro,9,2010-09-01,Espirito Santo,Sudeste,53.0,False,53.0
2010,Setembro,9,2010-09-01,Goias,Centro-Oeste,5.075,False,5.075
2010,Setembro,9,2010-09-01,Maranhao,Nordeste,9.795,False,9.795
2010,Setembro,9,2010-09-01,Mato Grosso,Centro-Oeste,18.366,False,18.366
2010,Setembro,9,2010-09-01,Mato Grosso,Centro-Oeste,1.505,False,1.505
2010,Setembro,9,2010-09-01,Minas Gerais,Sudeste,5.059,False,5.059
2010,Setembro,9,2010-09-01,Para,Norte,10.81,False,10.81
2010,Setembro,9,2010-09-01,Paraiba,Nordeste,37.0,False,37.0
2010,Setembro,9,2010-09-01,Paraiba,Nordeste,270.0,False,270.0
2010,Setembro,9,2010-09-01,Pernambuco,Nordeste,179.0,False,179.0
2010,Setembro,9,2010-09-01,Piau,Nordeste,5.392,False,5.392
2010,Setembro,9,2010-09-01,Rio,Sudeste,353.0,True,278.0
2010,Setembro,9,2010-09-01,Rio,Sudeste,50.0,False,50.0
2010,Setembro,9,2010-09-01,Rio,Sudeste,250.0,False,250.0
2010,Setembro,9,2010-09-01,Rondonia,Norte,4.893,False,4.893
2010,Setembro,9,2010-09-01,Roraima,Norte,18.0,False,18.0
2010,Setembro,9,2010-09-01,Santa Catarina,Sul,198.0,False,198.0
2010,Setembro,9,2010-09-01,Sao Paulo,Sudeste,1.677,False,1.677
2010,Setembro,9,2010-09-01,Sergipe,Nordeste,0.0,False,0.0
2010,Setembro,9,2010-09-01,Tocantins,Norte,10.172,False,10.172
2010,Outubro,10,2010-10-01,Acre,Norte,292.0,True,278.0
2010,Outubro,10,2010-10-01,Alagoas,Nordeste,16.0,False,16.0
2010,Outubro,10,2010-10-01,Amapa,Norte,265.0,False,265.0
2010,Outubro,10,2010-10-01,Amazonas,Norte,889.0,True,278.0
2010,Outubro,10,2010-10-01,Bahia,Nordeste,5.264,False,5.264
2010,Outubro,10,2010-10-01,Ceara,Nordeste,502.0,True,278.0
2010,Outubro,10,2010-10-01,Distrito Federal,Centro-Oeste,6.0,False,6.0
2010,Outubro,10,2010-10-01,Espirito Santo,Sudeste,32.0,False,32.0
2010,Outubro,10,2010-10-01,Goias,Centro-Oeste,1.227,False,1.227
2010,Outubro,10,2010-10-01,Maranhao,Nordeste,3.228,False,3.228
2010,Outubro,10,2010-10-01,Mato Grosso,Centro-Oeste,4.465,False,4.465
2010,Outubro,10,2010-10-01,Mato Grosso,Centro-Oeste,597.0,True,278.0
2010,Outubro,10,2010-10-01,Minas Gerais,Sudeste,2.048,False,2.048
2010,Outubro,10,2010-10-01,Para,Norte,3.843,False,3.843
2010,Outubro,10,2010-10-01,Paraiba,Nordeste,150.0,False,150.0
2010,Outubro,10,2010-10-01,Paraiba,Nordeste,230.0,False,230.0
2010,Outubro,10,2010-10-01,Pernambuco,Nordeste,347.0,True,278.0
2010,Outubro,10,2010-10-01,Piau,Nordeste,3.863,False,3.863
2010,Outubro,10,2010-10-01,Rio,Sudeste,35.0,False,35.0
2010,Outubro,10,2010-10-01,Rio,Sudeste,111.0,False,111.0
2010,Outubro,10,2010-10-01,Rio,Sudeste,95.0,False,95.0
2010,Outubro,10,2010-10-01,Rondonia,Norte,1.307,False,1.307
2010,Outubro,10,2010-10-01,Roraima,Norte,64.0,False,64.0
2010,Outubro,10,2010-10-01,Santa Catarina,Sul,76.0,False,76.0
2010,Outubro,10,2010-10-01,Sao Paulo,Sudeste,260.0,False,260.0
2010,Outubro,10,2010-10-01,Sergipe,Nordeste,1.0,False,1.0
2010,Outubro,10,2010-10-01,Tocantins,Norte,2.272,False,2.272
2010,Novembro,11,2010-11-01,Acre,Norte,39.0,False,39.0
2010,Novembro,11,2010-11-01,Alagoas,Nordeste,31.0,False,31.0
2010,Novembro,11,2010-11-01,Amapa,Norte,339.0,True,278.0
2010,Novembro,11,2010-11-01,Amazonas,Norte,354.0,True,278.0
2010,Novembro,11,2010-11-01,Bahia,Nordeste,605.0,True,278.0
2010,Novembro,11,2010-11-01,Ceara,Nordeste,1.652,False,1.652
2010,Novembro,11,2010-11-01,Distrito Federal,Centro-Oeste,0.0,False,0.0
2010,Novembro,11,2010-11-01,Espirito Santo,Sudeste,3.0,False,3.0
2010,Novembro,11,2010-11-01,Goias,Centro-Oeste,67.0,False,67.0
2010,Novembro,11,2010-11-01,Maranhao,Nordeste,4.005,False,4.005
2010,Novembro,11,2010-11-01,Mato Grosso,Centro-Oeste,768.0,True,278.0
2010,Novembro,11,2010-11-01,Mato Grosso,Centro-Oeste,259.0,False,259.0
2010,Novembro,11,2010-11-01,Minas Gerais,Sudeste,82.0,False,82.0
2010,Novembro,11,2010-11-01,Para,Norte,4.417,False,4.417
2010,Novembro,11,2010-11-01,Paraiba,Nordeste,451.0,True,278.0
2010,Novembro,11,2010-11-01,Paraiba,Nordeste,183.0,False,183.0
2010,Novembro,11,2010-11-01,Pernambuco,Nordeste,831.0,True,278.0
2010,Novembro,11,2010-11-01,Piau,Nordeste,1.417,False,1.417
2010,Novembro,11,2010-11-01,Rio,Sudeste,23.0,False,23.0
2010,Novembro,11,2010-11-01,Rio,Sudeste,212.0,False,212.0
2010,Novembro,11,2010-11-01,Rio,Sudeste,90.0,False,90.0
2010,Novembro,11,2010-11-01,Rondonia,Norte,238.0,False,238.0
2010,Novembro,11,2010-11-01,Roraima,Norte,27.0,False,27.0
2010,Novembro,11,2010-11-01,Santa Catarina,Sul,88.0,False,88.0
2010,Novembro,11,2010-11-01,Sao Paulo,Sudeste,104.0,False,104.0
2010,Novembro,11,2010-11-01,Sergipe,Nordeste,16.0,False,16.0
2010,Novembro,11,2010-11-01,Tocantins,Norte,283.0,True,278.0
2010,Dezembro,12,2010-12-01,Acre,Norte,0.0,False,0.0
2010,Dezembro,12,2010-12-01,Alagoas,Nordeste,45.0,False,45.0
2010,Dezembro,12,2010-12-01,Amapa,Norte,43.0,False,43.0
2010,Dezembro,12,2010-12-01,Amazonas,Norte,123.0,False,123.0
2010,Dezembro,12,2010-12-01,Bahia,Nordeste,226.0,False,226.0
2010,Dezembro,12,2010-12-01,Ceara,Nordeste,578.0,True,278.0
2010,Dezembro,12,2010-12-01,Distrito Federal,Centro-Oeste,1.0,False,1.0
2010,Dezembro,12,2010-12-01,Espirito Santo,Sudeste,10.0,False,10.0
2010,Dezembro,12,2010-12-01,Goias,Centro-Oeste,48.0,False,48.0
2010,Dezembro,12,2010-12-01,Maranhao,Nordeste,1.803,False,1.803
2010,Dezembro,12,2010-12-01,Mato Grosso,Centro-Oeste,846.0,True,278.0
2010,Dezembro,12,2010-12-01,Mato Grosso,Centro-Oeste,276.0,False,276.0
2010,Dezembro,12,2010-12-01,Minas Gerais,Sudeste,105.0,False,105.0
2010,Dezembro,12,2010-12-01,Para,Norte,1.612,False,1.612
2010,Dezembro,12,2010-12-01,Paraiba,Nordeste,65.0,False,65.0
2010,Dezembro,12,2010-12-01,Paraiba,Nordeste,37.0,False,37.0
2010,Dezembro,12,2010-12-01,Pernambuco,Nordeste,117.0,False,117.0
2010,Dezembro,12,2010-12-01,Piau,Nordeste,357.0,True,278.0
2010,Dezembro,12,2010-12-01,Rio,Sudeste,10.0,False,10.0
2010,Dezembro,12,2010-12-01,Rio,Sudeste,54.0,False,54.0
2010,Dezembro,12,2010-12-01,Rio,Sudeste,103.0,False,103.0
2010,Dezembro,12,2010-12-01,Rondonia,Norte,158.0,False,158.0
2010,Dezembro,12,2010-12-01,Roraima,Norte,73.0,False,73.0
2010,Dezembro,12,2010-12-01,Santa Catarina,Sul,23.0,False,23.0
2010,Dezembro,12,2010-12-01,Sao Paulo,Sudeste,52.0,False,52.0
2010,Dezembro,12,2010-12-01,Sergipe,Nordeste,19.0,False,19.0
2010,Dezembro,12,2010-12-01,Tocantins,Norte,72.0,False,72.0
2011,Janeiro,1,2011-01-01,Acre,Norte,0.0,False,0.0
2011,Janeiro,1,2011-01-01,Alagoas,Nordeste,41.0,False,41.0
2011,Janeiro,1,2011-01-01,Amapa,Norte,0.0,False,0.0
2011,Janeiro,1,2011-01-01,Amazonas,Norte,53.0,False,53.0
2011,Janeiro,1,2011-01-01,Bahia,Nordeste,101.0,False,101.0
2011,Janeiro,1,2011-01-01,Ceara,Nordeste,32.0,False,32.0
2011,Janeiro,1,2011-01-01,Distrito Federal,Centro-Oeste,2.0,False,2.0
2011,Janeiro,1,2011-01-01,Espirito Santo,Sudeste,3.0,False,3.0
2011,Janeiro,1,2011-01-01,Goias,Centro-Oeste,39.0,False,39.0
2011,Janeiro,1,2011-01-01,Maranhao,Nordeste,124.0,False,124.0
2011,Janeiro,1,2011-01-01,Mato Grosso,Centro-Oeste,171.0,False,171.0
2011,Janeiro,1,2011-01-01,Mato Grosso,Centro-Oeste,129.0,False,129.0
2011,Janeiro,1,2011-01-01,Minas Gerais,Sudeste,61.0,False,61.0
2011,Janeiro,1,2011-01-01,Para,Norte,108.0,False,108.0
2011,Janeiro,1,2011-01-01,Paraiba,Nordeste,11.0,False,11.0
2011,Janeiro,1,2011-01-01,Paraiba,Nordeste,35.0,False,35.0
2011,Janeiro,1,2011-01-01,Pernambuco,Nordeste,49.0,False,49.0
2011,Janeiro,1,2011-01-01,Piau,Nordeste,39.0,False,39.0
2011,Janeiro,1,2011-01-01,Rio,Sudeste,10.0,False,10.0
2011,Janeiro,1,2011-01-01,Rio,Sudeste,15.0,False,15.0
2011,Janeiro,1,2011-01-01,Rio,Sudeste,33.0,False,33.0
2011,Janeiro,1,2011-01-01,Rondonia,Norte,1.0,False,1.0
2011,Janeiro,1,2011-01-01,Roraima,Norte,225.0,False,225.0
2011,Janeiro,1,2011-01-01,Santa Catarina,Sul,9.0,False,9.0
2011,Janeiro,1,2011-01-01,Sao Paulo,Sudeste,75.0,False,75.0
2011,Janeiro,1,2011-01-01,Sergipe,Nordeste,36.0,False,36.0
2011,Janeiro,1,2011-01-01,Tocantins,Norte,14.0,False,14.0
2011,Fevereiro,2,2011-02-01,Acre,Norte,0.0,False,0.0
2011,Fevereiro,2,2011-02-01,Alagoas,Nordeste,33.0,False,33.0
2011,Fevereiro,2,2011-02-01,Amapa,Norte,3.0,False,3.0
2011,Fevereiro,2,2011-02-01,Amazonas,Norte,30.0,False,30.0
2011,Fevereiro,2,2011-02-01,Bahia,Nordeste,156.0,False,156.0
2011,Fevereiro,2,2011-02-01,Ceara,Nordeste,2.0,False,2.0
2011,Fevereiro,2,2011-02-01,Distrito Federal,Centro-Oeste,1.0,False,1.0
2011,Fevereiro,2,2011-02-01,Espirito Santo,Sudeste,42.0,False,42.0
2011,Fevereiro,2,2011-02-01,Goias,Centro-Oeste,45.0,False,45.0
2011,Fevereiro,2,2011-02-01,Maranhao,Nordeste,9.0,False,9.0
2011,Fevereiro,2,2011-02-01,Mato Grosso,Centro-Oeste,119.0,False,119.0
2011,Fevereiro,2,2011-02-01,Mato Grosso,Centro-Oeste,61.0,False,61.0
2011,Fevereiro,2,2011-02-01,Minas Gerais,Sudeste,111.0,False,111.0
2011,Fevereiro,2,2011-02-01,Para,Norte,13.0,False,13.0
2011,Fevereiro,2,2011-02-01,Paraiba,Nordeste,5.0,False,5.0
2011,Fevereiro,2,2011-02-01,Paraiba,Nordeste,8.0,False,8.0
2011,Fevereiro,2,2011-02-01,Pernambuco,Nordeste,25.0,False,25.0
2011,Fevereiro,2,2011-02-01,Piau,Nordeste,11.0,False,11.0
2011,Fevereiro,2,2011-02-01,Rio,Sudeste,36.0,False,36.0
2011,Fevereiro,2,2011-02-01,Rio,Sudeste,5.0,False,5.0
2011,Fevereiro,2,2011-02-01,Rio,Sudeste,26.0,False,26.0
2011,Fevereiro,2,2011-02-01,Rondonia,Norte,2.0,False,2.0
2011,Fevereiro,2,2011-02-01,Roraima,Norte,112.0,False,112.0
2011,Fevereiro,2,2011-02-01,Santa Catarina,Sul,1.0,False,1.0
2011,Fevereiro,2,2011-02-01,Sao Paulo,Sudeste,73.0,False,73.0
2011,Fevereiro,2,2011-02-01,Sergipe,Nordeste,31.0,False,31.0
2011,Fevereiro,2,2011-02-01,Tocantins,Norte,13.0,False,13.0
2011,Marco,3,2011-03-01,Acre,Norte,0.0,False,0.0
2011,Marco,3,2011-03-01,Alagoas,Nordeste,34.0,False,34.0
2011,Marco,3,2011-03-01,Amapa,Norte,0.0,False,0.0
2011,Marco,3,2011-03-01,Amazonas,Norte,49.0,False,49.0
2011,Marco,3,2011-03-01,Bahia,Nordeste,90.0,False,90.0
2011,Marco,3,2011-03-01,Ceara,Nordeste,6.0,False,6.0
2011,Marco,3,2011-03-01,Distrito Federal,Centro-Oeste,0.0,False,0.0
2011,Marco,3,2011-03-01,Espirito Santo,Sudeste,5.0,False,5.0
2011,Marco,3,2011-03-01,Goias,Centro-Oeste,19.0,False,19.0
2011,Marco,3,2011-03-01,Maranhao,Nordeste,22.0,False,22.0
2011,Marco,3,2011-03-01,Mato Grosso,Centro-Oeste,252.0,False,252.0
2011,Marco,3,2011-03-01,Mato Grosso,Centro-Oeste,37.0,False,37.0
2011,Marco,3,2011-03-01,Minas Gerais,Sudeste,67.0,False,67.0
2011,Marco,3,2011-03-01,Para,Norte,21.0,False,21.0
2011,Marco,3,2011-03-01,Paraiba,Nordeste,6.0,False,6.0
2011,Marco,3,2011-03-01,Paraiba,Nordeste,21.0,False,21.0
2011,Marco,3,2011-03-01,Pernambuco,Nordeste,39.0,False,39.0
2011,Marco,3,2011-03-01,Piau,Nordeste,15.0,False,15.0
2011,Marco,3,2011-03-01,Rio,Sudeste,7.0,False,7.0
2011,Marco,3,2011-03-01,Rio,Sudeste,3.0,False,3.0
2011,Marco,3,2011-03-01,Rio,Sudeste,31.0,False,31.0
2011,Marco,3,2011-03-01,Rondonia,Norte,6.0,False,6.0
2011,Marco,3,2011-03-01,Roraima,Norte,91.0,False,91.0
2011,Marco,3,2011-03-01,Santa Catarina,Sul,8.0,False,8.0
2011,Marco,3,2011-03-01,Sao Paulo,Sudeste,45.0,False,45.0
2011,Marco,3,2011-03-01,Sergipe,Nordeste,47.0,False,47.0
2011,Marco,3,2011-03-01,Tocantins,Norte,16.0,False,16.0
2011,Abril,4,2011-04-01,Acre,Norte,2.0,False,2.0
2011,Abril,4,2011-04-01,Alagoas,Nordeste,17.0,False,17.0
2011,Abril,4,2011-04-01,Amapa,Norte,0.0,False,0.0
2011,Abril,4,2011-04-01,Amazonas,Norte,5.0,False,5.0
2011,Abril,4,2011-04-01,Bahia,Nordeste,149.0,False,149.0
2011,Abril,4,2011-04-01,Ceara,Nordeste,1.0,False,1.0
2011,Abril,4,2011-04-01,Distrito Federal,Centro-Oeste,1.0,False,1.0
2011,Abril,4,2011-04-01,Espirito Santo,Sudeste,3.0,False,3.0
2011,Abril,4,2011-04-01,Goias,Centro-Oeste,71.0,False,71.0
2011,Abril,4,2011-04-01,Maranhao,Nordeste,37.0,False,37.0
2011,Abril,4,2011-04-01,Mato Grosso,Centro-Oeste,345.0,True,278.0
2011,Abril,4,2011-04-01,Mato Grosso,Centro-Oeste,23.0,False,23.0
2011,Abril,4,2011-04-01,Minas Gerais,Sudeste,66.0,False,66.0
2011,Abril,4,2011-04-01,Para,Norte,10.0,False,10.0
2011,Abril,4,2011-04-01,Paraiba,Nordeste,2.0,False,2.0
2011,Abril,4,2011-04-01,Paraiba,Nordeste,38.0,False,38.0
2011,Abril,4,2011-04-01,Pernambuco,Nordeste,22.0,False,22.0
2011,Abril,4,2011-04-01,Piau,Nordeste,16.0,False,16.0
2011,Abril,4,2011-04-01,Rio,Sudeste,12.0,False,12.0
2011,Abril,4,2011-04-01,Rio,Sudeste,0.0,False,0.0
2011,Abril,4,2011-04-01,Rio,Sudeste,41.0,False,41.0
2011,Abril,4,2011-04-01,Rondonia,Norte,8.0,False,8.0
2011,Abril,4,2011-04-01,Roraima,Norte,108.0,False,108.0
2011,Abril,4,2011-04-01,Santa Catarina,Sul,5.0,False,5.0
2011,Abril,4,2011-04-01,Sao Paulo,Sudeste,52.0,False,52.0
2011,Abril,4,2011-04-01,Sergipe,Nordeste,12.0,False,12.0
2011,Abril,4,2011-04-01,Tocantins,Norte,106.0,False,106.0
2011,Maio,5,2011-05-01,Acre,Norte,3.0,False,3.0
2011,Maio,5,2011-05-01,Alagoas,Nordeste,0.0,False,0.0
2011,Maio,5,2011-05-01,Amapa,Norte,2.0,False,2.0
2011,Maio,5,2011-05-01,Amazonas,Norte,6.0,False,6.0
2011,Maio,5,2011-05-01,Bahia,Nordeste,189.0,False,189.0
2011,Maio,5,2011-05-01,Ceara,Nordeste,0.0,False,0.0
2011,Maio,5,2011-05-01,Distrito Federal,Centro-Oeste,3.0,False,3.0
2011,Maio,5,2011-05-01,Espirito Santo,Sudeste,2.0,False,2.0
2011,Maio,5,2011-05-01,Goias,Centro-Oeste,136.0,False,136.0
2011,Maio,5,2011-05-01,Maranhao,Nordeste,73.0,False,73.0
2011,Maio,5,2011-05-01,Mato Grosso,Centro-Oeste,547.0,True,278.0
2011,Maio,5,2011-05-01,Mato Grosso,Centro-Oeste,81.0,False,81.0
2011,Maio,5,2011-05-01,Minas Gerais,Sudeste,151.0,False,151.0
2011,Maio,5,2011-05-01,Para,Norte,16.0,False,16.0
2011,Maio,5,2011-05-01,Paraiba,Nordeste,0.0,False,0.0
2011,Maio,5,2011-05-01,Paraiba,Nordeste,97.0,False,97.0
2011,Maio,5,2011-05-01,Pernambuco,Nordeste,1.0,False,1.0
2011,Maio,5,2011-05-01,Piau,Nordeste,77.0,False,77.0
2011,Maio,5,2011-05-01,Rio,Sudeste,17.0,False,17.0
2011,Maio,5,2011-05-01,Rio,Sudeste,0.0,False,0.0
2011,Maio,5,2011-05-01,Rio,Sudeste,20.0,False,20.0
2011,Maio,5,2011-05-01,Rondonia,Norte,54.0,False,54.0
2011,Maio,5,2011-05-01,Roraima,Norte,4.0,False,4.0
2011,Maio,5,2011-05-01,Santa Catarina,Sul,16.0,False,16.0
2011,Maio,5,2011-05-01,Sao Paulo,Sudeste,136.0,False,136.0
2011,Maio,5,2011-05-01,Sergipe,Nordeste,0.0,False,0.0
2011,Maio,5,2011-05-01,Tocantins,Norte,354.0,True,278.0
2011,Junho,6,2011-06-01,Acre,Norte,10.0,False,10.0
2011,Junho,6,2011-06-01,Alagoas,Nordeste,2.0,False,2.0
2011,Junho,6,2011-06-01,Amapa,Norte,0.0,False,0.0
2011,Junho,6,2011-06-01,Amazonas,Norte,22.0,False,22.0
2011,Junho,6,2011-06-01,Bahia,Nordeste,345.0,True,278.0
2011,Junho,6,2011-06-01,Ceara,Nordeste,5.0,False,5.0
2011,Junho,6,2011-06-01,Distrito Federal,Centro-Oeste,18.0,False,18.0
2011,Junho,6,2011-06-01,Espirito Santo,Sudeste,7.0,False,7.0
2011,Junho,6,2011-06-01,Goias,Centro-Oeste,314.0,True,278.0
2011,Junho,6,2011-06-01,Maranhao,Nordeste,602.0,True,278.0
2011,Junho,6,2011-06-01,Mato Grosso,Centro-Oeste,974.0,True,278.0
2011,Junho,6,2011-06-01,Mato Grosso,Centro-Oeste,104.0,False,104.0
2011,Junho,6,2011-06-01,Minas Gerais,Sudeste,304.0,True,278.0
2011,Junho,6,2011-06-01,Para,Norte,105.0,False,105.0
2011,Junho,6,2011-06-01,Paraiba,Nordeste,2.0,False,2.0
2011,Junho,6,2011-06-01,Paraiba,Nordeste,162.0,False,162.0
2011,Junho,6,2011-06-01,Pernambuco,Nordeste,4.0,False,4.0
2011,Junho,6,2011-06-01,Piau,Nordeste,462.0,True,278.0
2011,Junho,6,2011-06-01,Rio,Sudeste,33.0,False,33.0
2011,Junho,6,2011-06-01,Rio,Sudeste,1.0,False,1.0
2011,Junho,6,2011-06-01,Rio,Sudeste,12.0,False,12.0
2011,Junho,6,2011-06-01,Rondonia,Norte,130.0,False,130.0
2011,Junho,6,2011-06-01,Roraima,Norte,6.0,False,6.0
2011,Junho,6,2011-06-01,Santa Catarina,Sul,26.0,False,26.0
2011,Junho,6,2011-06-01,Sao Paulo,Sudeste,210.0,False,210.0
2011,Junho,6,2011-06-01,Sergipe,Nordeste,1.0,False,1.0
2011,Junho,6,2011-06-01,Tocantins,Norte,717.0,True,278.0
2011,Julho,7,2011-07-01,Acre,Norte,93.0,False,93.0
2011,Julho,7,2011-07-01,Alagoas,Nordeste,0.0,False,0.0
2011,Julho,7,2011-07-01,Amapa,Norte,5.0,False,5.0
2011,Julho,7,2011-07-01,Amazonas,Norte,271.0,False,271.0
2011,Julho,7,2011-07-01,Bahia,Nordeste,578.0,True,278.0
2011,Julho,7,2011-07-01,Ceara,Nordeste,18.0,False,18.0
2011,Julho,7,2011-07-01,Distrito Federal,Centro-Oeste,53.0,False,53.0
2011,Julho,7,2011-07-01,Espirito Santo,Sudeste,18.0,False,18.0
2011,Julho,7,2011-07-01,Goias,Centro-Oeste,607.0,True,278.0
2011,Julho,7,2011-07-01,Maranhao,Nordeste,1.024,False,1.024
2011,Julho,7,2011-07-01,Mato Grosso,Centro-Oeste,1.061,False,1.061
2011,Julho,7,2011-07-01,Mato Grosso,Centro-Oeste,250.0,False,250.0
2011,Julho,7,2011-07-01,Minas Gerais,Sudeste,801.0,True,278.0
2011,Julho,7,2011-07-01,Para,Norte,632.0,True,278.0
2011,Julho,7,2011-07-01,Paraiba,Nordeste,6.0,False,6.0
2011,Julho,7,2011-07-01,Paraiba,Nordeste,262.0,False,262.0
2011,Julho,7,2011-07-01,Pernambuco,Nordeste,2.0,False,2.0
2011,Julho,7,2011-07-01,Piau,Nordeste,864.0,True,278.0
2011,Julho,7,2011-07-01,Rio,Sudeste,121.0,False,121.0
2011,Julho,7,2011-07-01,Rio,Sudeste,0.0,False,0.0
2011,Julho,7,2011-07-01,Rio,Sudeste,45.0,False,45.0
2011,Julho,7,2011-07-01,Rondonia,Norte,293.0,True,278.0
2011,Julho,7,2011-07-01,Roraima,Norte,9.0,False,9.0
2011,Julho,7,2011-07-01,Santa Catarina,Sul,31.0,False,31.0
2011,Julho,7,2011-07-01,Sao Paulo,Sudeste,479.0,True,278.0
2011,Julho,7,2011-07-01,Sergipe,Nordeste,0.0,False,0.0
2011,Julho,7,2011-07-01,Tocantins,Norte,1.001,False,1.001
2011,Agosto,8,2011-08-01,Acre,Norte,425.0,True,278.0
2011,Agosto,8,2011-08-01,Alagoas,Nordeste,4.0,False,4.0
2011,Agosto,8,2011-08-01,Amapa,Norte,16.0,False,16.0
2011,Agosto,8,2011-08-01,Amazonas,Norte,1.243,False,1.243
2011,Agosto,8,2011-08-01,Bahia,Nordeste,1.795,False,1.795
2011,Agosto,8,2011-08-01,Ceara,Nordeste,53.0,False,53.0
2011,Agosto,8,2011-08-01,Distrito Federal,Centro-Oeste,61.0,False,61.0
2011,Agosto,8,2011-08-01,Espirito Santo,Sudeste,93.0,False,93.0
2011,Agosto,8,2011-08-01,Goias,Centro-Oeste,1.613,False,1.613
2011,Agosto,8,2011-08-01,Maranhao,Nordeste,2.138,False,2.138
2011,Agosto,8,2011-08-01,Mato Grosso,Centro-Oeste,2.628,False,2.628
2011,Agosto,8,2011-08-01,Mato Grosso,Centro-Oeste,552.0,True,278.0
2011,Agosto,8,2011-08-01,Minas Gerais,Sudeste,2.742,False,2.742
2011,Agosto,8,2011-08-01,Para,Norte,2.195,False,2.195
2011,Agosto,8,2011-08-01,Paraiba,Nordeste,12.0,False,12.0
2011,Agosto,8,2011-08-01,Paraiba,Nordeste,435.0,True,278.0
2011,Agosto,8,2011-08-01,Pernambuco,Nordeste,27.0,False,27.0
2011,Agosto,8,2011-08-01,Piau,Nordeste,1.958,False,1.958
2011,Agosto,8,2011-08-01,Rio,Sudeste,250.0,False,250.0
2011,Agosto,8,2011-08-01,Rio,Sudeste,10.0,False,10.0
2011,Agosto,8,2011-08-01,Rio,Sudeste,116.0,False,116.0
2011,Agosto,8,2011-08-01,Rondonia,Norte,1.161,False,1.161
2011,Agosto,8,2011-08-01,Roraima,Norte,39.0,False,39.0
2011,Agosto,8,2011-08-01,Santa Catarina,Sul,175.0,False,175.0
2011,Agosto,8,2011-08-01,Sao Paulo,Sudeste,1.067,False,1.067
2011,Agosto,8,2011-08-01,Sergipe,Nordeste,1.0,False,1.0
2011,Agosto,8,2011-08-01,Tocantins,Norte,1.668,False,1.668
2011,Setembro,9,2011-09-01,Acre,Norte,1.204,False,1.204
2011,Setembro,9,2011-09-01,Alagoas,Nordeste,5.0,False,5.0
2011,Setembro,9,2011-09-01,Amapa,Norte,128.0,False,128.0
2011,Setembro,9,2011-09-01,Amazonas,Norte,1.295,False,1.295
2011,Setembro,9,2011-09-01,Bahia,Nordeste,7.086,False,7.086
2011,Setembro,9,2011-09-01,Ceara,Nordeste,239.0,False,239.0
2011,Setembro,9,2011-09-01,Distrito Federal,Centro-Oeste,133.0,False,133.0
2011,Setembro,9,2011-09-01,Espirito Santo,Sudeste,108.0,False,108.0
2011,Setembro,9,2011-09-01,Goias,Centro-Oeste,2.259,False,2.259
2011,Setembro,9,2011-09-01,Maranhao,Nordeste,4.632,False,4.632
2011,Setembro,9,2011-09-01,Mato Grosso,Centro-Oeste,6.332,False,6.332
2011,Setembro,9,2011-09-01,Mato Grosso,Centro-Oeste,1.072,False,1.072
2011,Setembro,9,2011-09-01,Minas Gerais,Sudeste,5.978,False,5.978
2011,Setembro,9,2011-09-01,Para,Norte,5.185,False,5.185
2011,Setembro,9,2011-09-01,Paraiba,Nordeste,55.0,False,55.0
2011,Setembro,9,2011-09-01,Paraiba,Nordeste,913.0,True,278.0
2011,Setembro,9,2011-09-01,Pernambuco,Nordeste,243.0,False,243.0
2011,Setembro,9,2011-09-01,Piau,Nordeste,4.402,False,4.402
2011,Setembro,9,2011-09-01,Rio,Sudeste,510.0,True,278.0
2011,Setembro,9,2011-09-01,Rio,Sudeste,22.0,False,22.0
2011,Setembro,9,2011-09-01,Rio,Sudeste,449.0,True,278.0
2011,Setembro,9,2011-09-01,Rondonia,Norte,1.782,False,1.782
2011,Setembro,9,2011-09-01,Roraima,Norte,53.0,False,53.0
2011,Setembro,9,2011-09-01,Santa Catarina,Sul,450.0,True,278.0
2011,Setembro,9,2011-09-01,Sao Paulo,Sudeste,1.108,False,1.108
2011,Setembro,9,2011-09-01,Sergipe,Nordeste,0.0,False,0.0
2011,Setembro,9,2011-09-01,Tocantins,Norte,4.658,False,4.658
2011,Outubro,10,2011-10-01,Acre,Norte,97.0,False,97.0
2011,Outubro,10,2011-10-01,Alagoas,Nordeste,23.0,False,23.0
2011,Outubro,10,2011-10-01,Amapa,Norte,304.0,True,278.0
2011,Outubro,10,2011-10-01,Amazonas,Norte,694.0,True,278.0
2011,Outubro,10,2011-10-01,Bahia,Nordeste,2.166,False,2.166
2011,Outubro,10,2011-10-01,Ceara,Nordeste,415.0,True,278.0
2011,Outubro,10,2011-10-01,Distrito Federal,Centro-Oeste,0.0,False,0.0
2011,Outubro,10,2011-10-01,Espirito Santo,Sudeste,38.0,False,38.0
2011,Outubro,10,2011-10-01,Goias,Centro-Oeste,476.0,True,278.0
2011,Outubro,10,2011-10-01,Maranhao,Nordeste,2.404,False,2.404
2011,Outubro,10,2011-10-01,Mato Grosso,Centro-Oeste,2.01,False,2.01
2011,Outubro,10,2011-10-01,Mato Grosso,Centro-Oeste,276.0,False,276.0
2011,Outubro,10,2011-10-01,Minas Gerais,Sudeste,1.206,False,1.206
2011,Outubro,10,2011-10-01,Para,Norte,3.141,False,3.141
2011,Outubro,10,2011-10-01,Paraiba,Nordeste,200.0,False,200.0
2011,Outubro,10,2011-10-01,Paraiba,Nordeste,256.0,False,256.0
2011,Outubro,10,2011-10-01,Pernambuco,Nordeste,461.0,True,278.0
2011,Outubro,10,2011-10-01,Piau,Nordeste,1.484,False,1.484
2011,Outubro,10,2011-10-01,Rio,Sudeste,114.0,False,114.0
2011,Outubro,10,2011-10-01,Rio,Sudeste,76.0,False,76.0
2011,Outubro,10,2011-10-01,Rio,Sudeste,74.0,False,74.0
2011,Outubro,10,2011-10-01,Rondonia,Norte,822.0,True,278.0
2011,Outubro,10,2011-10-01,Roraima,Norte,65.0,False,65.0
2011,Outubro,10,2011-10-01,Santa Catarina,Sul,102.0,False,102.0
2011,Outubro,10,2011-10-01,Sao Paulo,Sudeste,188.0,False,188.0
2011,Outubro,10,2011-10-01,Sergipe,Nordeste,5.0,False,5.0
2011,Outubro,10,2011-10-01,Tocantins,Norte,1.591,False,1.591
2011,Novembro,11,2011-11-01,Acre,Norte,74.0,False,74.0
2011,Novembro,11,2011-11-01,Alagoas,Nordeste,23.0,False,23.0
2011,Novembro,11,2011-11-01,Amapa,Norte,282.0,True,278.0
2011,Novembro,11,2011-11-01,Amazonas,Norte,399.0,True,278.0
2011,Novembro,11,2011-11-01,Bahia,Nordeste,176.0,False,176.0
2011,Novembro,11,2011-11-01,Ceara,Nordeste,1.561,False,1.561
2011,Novembro,11,2011-11-01,Distrito Federal,Centro-Oeste,1.0,False,1.0
2011,Novembro,11,2011-11-01,Espirito Santo,Sudeste,6.0,False,6.0
2011,Novembro,11,2011-11-01,Goias,Centro-Oeste,59.0,False,59.0
2011,Novembro,11,2011-11-01,Maranhao,Nordeste,2.261,False,2.261
2011,Novembro,11,2011-11-01,Mato Grosso,Centro-Oeste,1.103,False,1.103
2011,Novembro,11,2011-11-01,Mato Grosso,Centro-Oeste,445.0,True,278.0
2011,Novembro,11,2011-11-01,Minas Gerais,Sudeste,153.0,False,153.0
2011,Novembro,11,2011-11-01,Para,Norte,3.043,False,3.043
2011,Novembro,11,2011-11-01,Paraiba,Nordeste,359.0,True,278.0
2011,Novembro,11,2011-11-01,Paraiba,Nordeste,138.0,False,138.0
2011,Novembro,11,2011-11-01,Pernambuco,Nordeste,352.0,True,278.0
2011,Novembro,11,2011-11-01,Piau,Nordeste,825.0,True,278.0
2011,Novembro,11,2011-11-01,Rio,Sudeste,20.0,False,20.0
2011,Novembro,11,2011-11-01,Rio,Sudeste,144.0,False,144.0
2011,Novembro,11,2011-11-01,Rio,Sudeste,117.0,False,117.0
2011,Novembro,11,2011-11-01,Rondonia,Norte,245.0,False,245.0
2011,Novembro,11,2011-11-01,Roraima,Norte,121.0,False,121.0
2011,Novembro,11,2011-11-01,Santa Catarina,Sul,79.0,False,79.0
2011,Novembro,11,2011-11-01,Sao Paulo,Sudeste,87.0,False,87.0
2011,Novembro,11,2011-11-01,Sergipe,Nordeste,4.0,False,4.0
2011,Novembro,11,2011-11-01,Tocantins,Norte,144.0,False,144.0
2011,Dezembro,12,2011-12-01,Acre,Norte,4.0,False,4.0
2011,Dezembro,12,2011-12-01,Alagoas,Nordeste,50.0,False,50.0
2011,Dezembro,12,2011-12-01,Amapa,Norte,360.0,True,278.0
2011,Dezembro,12,2011-12-01,Amazonas,Norte,121.0,False,121.0
2011,Dezembro,12,2011-12-01,Bahia,Nordeste,230.0,False,230.0
2011,Dezembro,12,2011-12-01,Ceara,Nordeste,1.441,False,1.441
2011,Dezembro,12,2011-12-01,Distrito Federal,Centro-Oeste,0.0,False,0.0
2011,Dezembro,12,2011-12-01,Espirito Santo,Sudeste,1.0,False,1.0
2011,Dezembro,12,2011-12-01,Goias,Centro-Oeste,39.0,False,39.0
2011,Dezembro,12,2011-12-01,Maranhao,Nordeste,1.629,False,1.629
2011,Dezembro,12,2011-12-01,Mato Grosso,Centro-Oeste,431.0,True,278.0
2011,Dezembro,12,2011-12-01,Mato Grosso,Centro-Oeste,577.0,True,278.0
2011,Dezembro,12,2011-12-01,Minas Gerais,Sudeste,43.0,False,43.0
2011,Dezembro,12,2011-12-01,Para,Norte,3.218,False,3.218
2011,Dezembro,12,2011-12-01,Paraiba,Nordeste,179.0,False,179.0
2011,Dezembro,12,2011-12-01,Paraiba,Nordeste,78.0,False,78.0
2011,Dezembro,12,2011-12-01,Pernambuco,Nordeste,364.0,True,278.0
2011,Dezembro,12,2011-12-01,Piau,Nordeste,362.0,True,278.0
2011,Dezembro,12,2011-12-01,Rio,Sudeste,3.0,False,3.0
2011,Dezembro,12,2011-12-01,Rio,Sudeste,125.0,False,125.0
2011,Dezembro,12,2011-12-01,Rio,Sudeste,69.0,False,69.0
2011,Dezembro,12,2011-12-01,Rondonia,Norte,37.0,False,37.0
2011,Dezembro,12,2011-12-01,Roraima,Norte,249.0,False,249.0
2011,Dezembro,12,2011-12-01,Santa Catarina,Sul,24.0,False,24.0
2011,Dezembro,12,2011-12-01,Sao Paulo,Sudeste,53.0,False,53.0
2011,Dezembro,12,2011-12-01,Sergipe,Nordeste,36.0,False,36.0
2011,Dezembro,12,2011-12-01,Tocantins,Norte,105.0,False,105.0
2012,Janeiro,1,2012-01-01,Acre,Norte,0.0,False,0.0
2012,Janeiro,1,2012-01-01,Alagoas,Nordeste,36.0,False,36.0
2012,Janeiro,1,2012-01-01,Amapa,Norte,30.0,False,30.0
2012,Janeiro,1,2012-01-01,Amazonas,Norte,6.0,False,6.0
2012,Janeiro,1,2012-01-01,Bahia,Nordeste,179.0,False,179.0
2012,Janeiro,1,2012-01-01,Ceara,Nordeste,273.0,False,273.0
2012,Janeiro,1,2012-01-01,Distrito Federal,Centro-Oeste,0.0,False,0.0
2012,Janeiro,1,2012-01-01,Espirito Santo,Sudeste,1.0,False,1.0
2012,Janeiro,1,2012-01-01,Goias,Centro-Oeste,21.0,False,21.0
2012,Janeiro,1,2012-01-01,Maranhao,Nordeste,326.0,True,278.0
2012,Janeiro,1,2012-01-01,Mato Grosso,Centro-Oeste,166.0,False,166.0
2012,Janeiro,1,2012-01-01,Mato Grosso,Centro-Oeste,201.0,False,201.0
2012,Janeiro,1,2012-01-01,Minas Gerais,Sudeste,75.0,False,75.0
2012,Janeiro,1,2012-01-01,Para,Norte,392.0,True,278.0
2012,Janeiro,1,2012-01-01,Paraiba,Nordeste,61.0,False,61.0
2012,Janeiro,1,2012-01-01,Paraiba,Nordeste,31.0,False,31.0
2012,Janeiro,1,2012-01-01,Pernambuco,Nordeste,146.0,False,146.0
2012,Janeiro,1,2012-01-01,Piau,Nordeste,80.0,False,80.0
2012,Janeiro,1,2012-01-01,Rio,Sudeste,12.0,False,12.0
2012,Janeiro,1,2012-01-01,Rio,Sudeste,72.0,False,72.0
2012,Janeiro,1,2012-01-01,Rio,Sudeste,61.0,False,61.0
2012,Janeiro,1,2012-01-01,Rondonia,Norte,2.0,False,2.0
2012,Janeiro,1,2012-01-01,Roraima,Norte,217.0,False,217.0
2012,Janeiro,1,2012-01-01,Santa Catarina,Sul,14.0,False,14.0
2012,Janeiro,1,2012-01-01,Sao Paulo,Sudeste,38.0,False,38.0
2012,Janeiro,1,2012-01-01,Sergipe,Nordeste,39.0,False,39.0
2012,Janeiro,1,2012-01-01,Tocantins,Norte,12.0,False,12.0
2012,Fevereiro,2,2012-02-01,Acre,Norte,0.0,False,0.0
2012,Fevereiro,2,2012-02-01,Alagoas,Nordeste,41.0,False,41.0
2012,Fevereiro,2,2012-02-01,Amapa,Norte,5.0,False,5.0
2012,Fevereiro,2,2012-02-01,Amazonas,Norte,25.0,False,25.0
2012,Fevereiro,2,2012-02-01,Bahia,Nordeste,200.0,False,200.0
2012,Fevereiro,2,2012-02-01,Ceara,Nordeste,41.0,False,41.0
2012,Fevereiro,2,2012-02-01,Distrito Federal,Centro-Oeste,0.0,False,0.0
2012,Fevereiro,2,2012-02-01,Espirito Santo,Sudeste,25.0,False,25.0
2012,Fevereiro,2,2012-02-01,Goias,Centro-Oeste,37.0,False,37.0
2012,Fevereiro,2,2012-02-01,Maranhao,Nordeste,46.0,False,46.0
2012,Fevereiro,2,2012-02-01,Mato Grosso,Centro-Oeste,193.0,False,193.0
2012,Fevereiro,2,2012-02-01,Mato Grosso,Centro-Oeste,112.0,False,112.0
2012,Fevereiro,2,2012-02-01,Minas Gerais,Sudeste,123.0,False,123.0
2012,Fevereiro,2,2012-02-01,Para,Norte,63.0,False,63.0
2012,Fevereiro,2,2012-02-01,Paraiba,Nordeste,15.0,False,15.0
2012,Fevereiro,2,2012-02-01,Paraiba,Nordeste,40.0,False,40.0
2012,Fevereiro,2,2012-02-01,Pernambuco,Nordeste,64.0,False,64.0
2012,Fevereiro,2,2012-02-01,Piau,Nordeste,31.0,False,31.0
2012,Fevereiro,2,2012-02-01,Rio,Sudeste,11.0,False,11.0
2012,Fevereiro,2,2012-02-01,Rio,Sudeste,13.0,False,13.0
2012,Fevereiro,2,2012-02-01,Rio,Sudeste,39.0,False,39.0
2012,Fevereiro,2,2012-02-01,Rondonia,Norte,9.0,False,9.0
2012,Fevereiro,2,2012-02-01,Roraima,Norte,130.0,False,130.0
2012,Fevereiro,2,2012-02-01,Santa Catarina,Sul,13.0,False,13.0
2012,Fevereiro,2,2012-02-01,Sao Paulo,Sudeste,81.0,False,81.0
2012,Fevereiro,2,2012-02-01,Sergipe,Nordeste,34.0,False,34.0
2012,Fevereiro,2,2012-02-01,Tocantins,Norte,45.0,False,45.0
2012,Marco,3,2012-03-01,Acre,Norte,1.0,False,1.0
2012,Marco,3,2012-03-01,Alagoas,Nordeste,44.0,False,44.0
2012,Marco,3,2012-03-01,Amapa,Norte,1.0,False,1.0
2012,Marco,3,2012-03-01,Amazonas,Norte,17.0,False,17.0
2012,Marco,3,2012-03-01,Bahia,Nordeste,404.0,True,278.0
2012,Marco,3,2012-03-01,Ceara,Nordeste,10.0,False,10.0
2012,Marco,3,2012-03-01,Distrito Federal,Centro-Oeste,0.0,False,0.0
2012,Marco,3,2012-03-01,Espirito Santo,Sudeste,35.0,False,35.0
2012,Marco,3,2012-03-01,Goias,Centro-Oeste,57.0,False,57.0
2012,Marco,3,2012-03-01,Maranhao,Nordeste,49.0,False,49.0
2012,Marco,3,2012-03-01,Mato Grosso,Centro-Oeste,423.0,True,278.0
2012,Marco,3,2012-03-01,Mato Grosso,Centro-Oeste,169.0,False,169.0
2012,Marco,3,2012-03-01,Minas Gerais,Sudeste,152.0,False,152.0
2012,Marco,3,2012-03-01,Para,Norte,30.0,False,30.0
2012,Marco,3,2012-03-01,Paraiba,Nordeste,4.0,False,4.0
2012,Marco,3,2012-03-01,Paraiba,Nordeste,55.0,False,55.0
2012,Marco,3,2012-03-01,Pernambuco,Nordeste,44.0,False,44.0
2012,Marco,3,2012-03-01,Piau,Nordeste,71.0,False,71.0
2012,Marco,3,2012-03-01,Rio,Sudeste,20.0,False,20.0
2012,Marco,3,2012-03-01,Rio,Sudeste,2.0,False,2.0
2012,Marco,3,2012-03-01,Rio,Sudeste,50.0,False,50.0
2012,Marco,3,2012-03-01,Rondonia,Norte,6.0,False,6.0
2012,Marco,3,2012-03-01,Roraima,Norte,99.0,False,99.0
2012,Marco,3,2012-03-01,Santa Catarina,Sul,65.0,False,65.0
2012,Marco,3,2012-03-01,Sao Paulo,Sudeste,99.0,False,99.0
2012,Marco,3,2012-03-01,Sergipe,Nordeste,71.0,False,71.0
2012,Marco,3,2012-03-01,Tocantins,Norte,80.0,False,80.0
2012,Abril,4,2012-04-01,Acre,Norte,1.0,False,1.0
2012,Abril,4,2012-04-01,Alagoas,Nordeste,18.0,False,18.0
2012,Abril,4,2012-04-01,Amapa,Norte,2.0,False,2.0
2012,Abril,4,2012-04-01,Amazonas,Norte,3.0,False,3.0
2012,Abril,4,2012-04-01,Bahia,Nordeste,396.0,True,278.0
2012,Abril,4,2012-04-01,Ceara,Nordeste,2.0,False,2.0
2012,Abril,4,2012-04-01,Distrito Federal,Centro-Oeste,4.0,False,4.0
2012,Abril,4,2012-04-01,Espirito Santo,Sudeste,74.0,False,74.0
2012,Abril,4,2012-04-01,Goias,Centro-Oeste,89.0,False,89.0
2012,Abril,4,2012-04-01,Maranhao,Nordeste,97.0,False,97.0
2012,Abril,4,2012-04-01,Mato Grosso,Centro-Oeste,521.0,True,278.0
2012,Abril,4,2012-04-01,Mato Grosso,Centro-Oeste,97.0,False,97.0
2012,Abril,4,2012-04-01,Minas Gerais,Sudeste,180.0,False,180.0
2012,Abril,4,2012-04-01,Para,Norte,11.0,False,11.0
2012,Abril,4,2012-04-01,Paraiba,Nordeste,13.0,False,13.0
2012,Abril,4,2012-04-01,Paraiba,Nordeste,38.0,False,38.0
2012,Abril,4,2012-04-01,Pernambuco,Nordeste,46.0,False,46.0
2012,Abril,4,2012-04-01,Piau,Nordeste,119.0,False,119.0
2012,Abril,4,2012-04-01,Rio,Sudeste,12.0,False,12.0
2012,Abril,4,2012-04-01,Rio,Sudeste,4.0,False,4.0
2012,Abril,4,2012-04-01,Rio,Sudeste,41.0,False,41.0
2012,Abril,4,2012-04-01,Rondonia,Norte,12.0,False,12.0
2012,Abril,4,2012-04-01,Roraima,Norte,25.0,False,25.0
2012,Abril,4,2012-04-01,Santa Catarina,Sul,40.0,False,40.0
2012,Abril,4,2012-04-01,Sao Paulo,Sudeste,82.0,False,82.0
2012,Abril,4,2012-04-01,Sergipe,Nordeste,40.0,False,40.0
2012,Abril,4,2012-04-01,Tocantins,Norte,226.0,False,226.0
2012,Maio,5,2012-05-01,Acre,Norte,3.0,False,3.0
2012,Maio,5,2012-05-01,Alagoas,Nordeste,21.0,False,21.0
2012,Maio,5,2012-05-01,Amapa,Norte,2.0,False,2.0
2012,Maio,5,2012-05-01,Amazonas,Norte,12.0,False,12.0
2012,Maio,5,2012-05-01,Bahia,Nordeste,326.0,True,278.0
2012,Maio,5,2012-05-01,Ceara,Nordeste,19.0,False,19.0
2012,Maio,5,2012-05-01,Distrito Federal,Centro-Oeste,0.0,False,0.0
2012,Maio,5,2012-05-01,Espirito Santo,Sudeste,20.0,False,20.0
2012,Maio,5,2012-05-01,Goias,Centro-Oeste,103.0,False,103.0
2012,Maio,5,2012-05-01,Maranhao,Nordeste,286.0,True,278.0
2012,Maio,5,2012-05-01,Mato Grosso,Centro-Oeste,812.0,True,278.0
2012,Maio,5,2012-05-01,Mato Grosso,Centro-Oeste,157.0,False,157.0
2012,Maio,5,2012-05-01,Minas Gerais,Sudeste,144.0,False,144.0
2012,Maio,5,2012-05-01,Para,Norte,59.0,False,59.0
2012,Maio,5,2012-05-01,Paraiba,Nordeste,10.0,False,10.0
2012,Maio,5,2012-05-01,Paraiba,Nordeste,86.0,False,86.0
2012,Maio,5,2012-05-01,Pernambuco,Nordeste,36.0,False,36.0
2012,Maio,5,2012-05-01,Piau,Nordeste,334.0,True,278.0
2012,Maio,5,2012-05-01,Rio,Sudeste,18.0,False,18.0
2012,Maio,5,2012-05-01,Rio,Sudeste,14.0,False,14.0
2012,Maio,5,2012-05-01,Rio,Sudeste,112.0,False,112.0
2012,Maio,5,2012-05-01,Rondonia,Norte,22.0,False,22.0
2012,Maio,5,2012-05-01,Roraima,Norte,18.0,False,18.0
2012,Maio,5,2012-05-01,Santa Catarina,Sul,60.0,False,60.0
2012,Maio,5,2012-05-01,Sao Paulo,Sudeste,82.0,False,82.0
2012,Maio,5,2012-05-01,Sergipe,Nordeste,17.0,False,17.0
2012,Maio,5,2012-05-01,Tocantins,Norte,467.0,True,278.0
2012,Junho,6,2012-06-01,Acre,Norte,7.0,False,7.0
2012,Junho,6,2012-06-01,Alagoas,Nordeste,4.0,False,4.0
2012,Junho,6,2012-06-01,Amapa,Norte,7.0,False,7.0
2012,Junho,6,2012-06-01,Amazonas,Norte,45.0,False,45.0
2012,Junho,6,2012-06-01,Bahia,Nordeste,385.0,True,278.0
2012,Junho,6,2012-06-01,Ceara,Nordeste,28.0,False,28.0
2012,Junho,6,2012-06-01,Distrito Federal,Centro-Oeste,6.0,False,6.0
2012,Junho,6,2012-06-01,Espirito Santo,Sudeste,15.0,False,15.0
2012,Junho,6,2012-06-01,Goias,Centro-Oeste,245.0,False,245.0
2012,Junho,6,2012-06-01,Maranhao,Nordeste,915.0,True,278.0
2012,Junho,6,2012-06-01,Mato Grosso,Centro-Oeste,1.651,False,1.651
2012,Junho,6,2012-06-01,Mato Grosso,Centro-Oeste,96.0,False,96.0
2012,Junho,6,2012-06-01,Minas Gerais,Sudeste,219.0,False,219.0
2012,Junho,6,2012-06-01,Para,Norte,183.0,False,183.0
2012,Junho,6,2012-06-01,Paraiba,Nordeste,5.0,False,5.0
2012,Junho,6,2012-06-01,Paraiba,Nordeste,77.0,False,77.0
2012,Junho,6,2012-06-01,Pernambuco,Nordeste,12.0,False,12.0
2012,Junho,6,2012-06-01,Piau,Nordeste,834.0,True,278.0
2012,Junho,6,2012-06-01,Rio,Sudeste,14.0,False,14.0
2012,Junho,6,2012-06-01,Rio,Sudeste,5.0,False,5.0
2012,Junho,6,2012-06-01,Rio,Sudeste,86.0,False,86.0
2012,Junho,6,2012-06-01,Rondonia,Norte,32.0,False,32.0
2012,Junho,6,2012-06-01,Roraima,Norte,22.0,False,22.0
2012,Junho,6,2012-06-01,Santa Catarina,Sul,42.0,False,42.0
2012,Junho,6,2012-06-01,Sao Paulo,Sudeste,30.0,False,30.0
2012,Junho,6,2012-06-01,Sergipe,Nordeste,3.0,False,3.0
2012,Junho,6,2012-06-01,Tocantins,Norte,922.0,True,278.0
2012,Julho,7,2012-07-01,Acre,Norte,71.0,False,71.0
2012,Julho,7,2012-07-01,Alagoas,Nordeste,0.0,False,0.0
2012,Julho,7,2012-07-01,Amapa,Norte,3.0,False,3.0
2012,Julho,7,2012-07-01,Amazonas,Norte,234.0,False,234.0
2012,Julho,7,2012-07-01,Bahia,Nordeste,906.0,True,278.0
2012,Julho,7,2012-07-01,Ceara,Nordeste,50.0,False,50.0
2012,Julho,7,2012-07-01,Distrito Federal,Centro-Oeste,29.0,False,29.0
2012,Julho,7,2012-07-01,Espirito Santo,Sudeste,35.0,False,35.0
2012,Julho,7,2012-07-01,Goias,Centro-Oeste,564.0,True,278.0
2012,Julho,7,2012-07-01,Maranhao,Nordeste,3.548,False,3.548
2012,Julho,7,2012-07-01,Mato Grosso,Centro-Oeste,2.008,False,2.008
2012,Julho,7,2012-07-01,Mato Grosso,Centro-Oeste,538.0,True,278.0
2012,Julho,7,2012-07-01,Minas Gerais,Sudeste,669.0,True,278.0
2012,Julho,7,2012-07-01,Para,Norte,661.0,True,278.0
2012,Julho,7,2012-07-01,Paraiba,Nordeste,5.0,False,5.0
2012,Julho,7,2012-07-01,Paraiba,Nordeste,111.0,False,111.0
2012,Julho,7,2012-07-01,Pernambuco,Nordeste,11.0,False,11.0
2012,Julho,7,2012-07-01,Piau,Nordeste,1.755,False,1.755
2012,Julho,7,2012-07-01,Rio,Sudeste,50.0,False,50.0
2012,Julho,7,2012-07-01,Rio,Sudeste,3.0,False,3.0
2012,Julho,7,2012-07-01,Rio,Sudeste,134.0,False,134.0
2012,Julho,7,2012-07-01,Rondonia,Norte,205.0,False,205.0
2012,Julho,7,2012-07-01,Roraima,Norte,2.0,False,2.0
2012,Julho,7,2012-07-01,Santa Catarina,Sul,42.0,False,42.0
2012,Julho,7,2012-07-01,Sao Paulo,Sudeste,179.0,False,179.0
2012,Julho,7,2012-07-01,Sergipe,Nordeste,1.0,False,1.0
2012,Julho,7,2012-07-01,Tocantins,Norte,1.693,False,1.693
2012,Agosto,8,2012-08-01,Acre,Norte,739.0,True,278.0
2012,Agosto,8,2012-08-01,Alagoas,Nordeste,0.0,False,0.0
2012,Agosto,8,2012-08-01,Amapa,Norte,19.0,False,19.0
2012,Agosto,8,2012-08-01,Amazonas,Norte,3.011,False,3.011
2012,Agosto,8,2012-08-01,Bahia,Nordeste,1.835,False,1.835
2012,Agosto,8,2012-08-01,Ceara,Nordeste,278.0,False,278.0
2012,Agosto,8,2012-08-01,Distrito Federal,Centro-Oeste,55.0,False,55.0
2012,Agosto,8,2012-08-01,Espirito Santo,Sudeste,12.0,False,12.0
2012,Agosto,8,2012-08-01,Goias,Centro-Oeste,912.0,True,278.0
2012,Agosto,8,2012-08-01,Maranhao,Nordeste,10.395,False,10.395
2012,Agosto,8,2012-08-01,Mato Grosso,Centro-Oeste,6.195,False,6.195
2012,Agosto,8,2012-08-01,Mato Grosso,Centro-Oeste,2.951,False,2.951
2012,Agosto,8,2012-08-01,Minas Gerais,Sudeste,901.0,True,278.0
2012,Agosto,8,2012-08-01,Para,Norte,6.964,False,6.964
2012,Agosto,8,2012-08-01,Paraiba,Nordeste,13.0,False,13.0
2012,Agosto,8,2012-08-01,Paraiba,Nordeste,522.0,True,278.0
2012,Agosto,8,2012-08-01,Pernambuco,Nordeste,27.0,False,27.0
2012,Agosto,8,2012-08-01,Piau,Nordeste,3.614,False,3.614
2012,Agosto,8,2012-08-01,Rio,Sudeste,72.0,False,72.0
2012,Agosto,8,2012-08-01,Rio,Sudeste,23.0,False,23.0
2012,Agosto,8,2012-08-01,Rio,Sudeste,410.0,True,278.0
2012,Agosto,8,2012-08-01,Rondonia,Norte,2.209,False,2.209
2012,Agosto,8,2012-08-01,Roraima,Norte,4.0,False,4.0
2012,Agosto,8,2012-08-01,Santa Catarina,Sul,398.0,True,278.0
2012,Agosto,8,2012-08-01,Sao Paulo,Sudeste,435.0,True,278.0
2012,Agosto,8,2012-08-01,Sergipe,Nordeste,0.0,False,0.0
2012,Agosto,8,2012-08-01,Tocantins,Norte,4.28,False,4.28
2012,Setembro,9,2012-09-01,Acre,Norte,1.996,False,1.996
2012,Setembro,9,2012-09-01,Alagoas,Nordeste,6.0,False,6.0
2012,Setembro,9,2012-09-01,Amapa,Norte,168.0,False,168.0
2012,Setembro,9,2012-09-01,Amazonas,Norte,2.392,False,2.392
2012,Setembro,9,2012-09-01,Bahia,Nordeste,7.495,False,7.495
2012,Setembro,9,2012-09-01,Ceara,Nordeste,609.0,True,278.0
2012,Setembro,9,2012-09-01,Distrito Federal,Centro-Oeste,64.0,False,64.0
2012,Setembro,9,2012-09-01,Espirito Santo,Sudeste,48.0,False,48.0
2012,Setembro,9,2012-09-01,Goias,Centro-Oeste,2.452,False,2.452
2012,Setembro,9,2012-09-01,Maranhao,Nordeste,7.626,False,7.626
2012,Setembro,9,2012-09-01,Mato Grosso,Centro-Oeste,10.344,False,10.344
2012,Setembro,9,2012-09-01,Mato Grosso,Centro-Oeste,2.264,False,2.264
2012,Setembro,9,2012-09-01,Minas Gerais,Sudeste,3.219,False,3.219
2012,Setembro,9,2012-09-01,Para,Norte,6.87,False,6.87
2012,Setembro,9,2012-09-01,Paraiba,Nordeste,71.0,False,71.0
2012,Setembro,9,2012-09-01,Paraiba,Nordeste,459.0,True,278.0
2012,Setembro,9,2012-09-01,Pernambuco,Nordeste,192.0,False,192.0
2012,Setembro,9,2012-09-01,Piau,Nordeste,4.479,False,4.479
2012,Setembro,9,2012-09-01,Rio,Sudeste,172.0,False,172.0
2012,Setembro,9,2012-09-01,Rio,Sudeste,41.0,False,41.0
2012,Setembro,9,2012-09-01,Rio,Sudeste,113.0,False,113.0
2012,Setembro,9,2012-09-01,Rondonia,Norte,2.471,False,2.471
2012,Setembro,9,2012-09-01,Roraima,Norte,67.0,False,67.0
2012,Setembro,9,2012-09-01,Santa Catarina,Sul,188.0,False,188.0
2012,Setembro,9,2012-09-01,Sao Paulo,Sudeste,813.0,True,278.0
2012,Setembro,9,2012-09-01,Sergipe,Nordeste,1.0,False,1.0
2012,Setembro,9,2012-09-01,Tocantins,Norte,7.46,False,7.46
2012,Outubro,10,2012-10-01,Acre,Norte,348.0,True,278.0
2012,Outubro,10,2012-10-01,Alagoas,Nordeste,28.0,False,28.0
2012,Outubro,10,2012-10-01,Amapa,Norte,475.0,True,278.0
2012,Outubro,10,2012-10-01,Amazonas,Norte,1.238,False,1.238
2012,Outubro,10,2012-10-01,Bahia,Nordeste,4.607,False,4.607
2012,Outubro,10,2012-10-01,Ceara,Nordeste,1.104,False,1.104
2012,Outubro,10,2012-10-01,Distrito Federal,Centro-Oeste,15.0,False,15.0
2012,Outubro,10,2012-10-01,Espirito Santo,Sudeste,62.0,False,62.0
2012,Outubro,10,2012-10-01,Goias,Centro-Oeste,1.524,False,1.524
2012,Outubro,10,2012-10-01,Maranhao,Nordeste,5.0,False,5.0
2012,Outubro,10,2012-10-01,Mato Grosso,Centro-Oeste,2.837,False,2.837
2012,Outubro,10,2012-10-01,Mato Grosso,Centro-Oeste,652.0,True,278.0
2012,Outubro,10,2012-10-01,Minas Gerais,Sudeste,3.97,False,3.97
2012,Outubro,10,2012-10-01,Para,Norte,3.714,False,3.714
2012,Outubro,10,2012-10-01,Paraiba,Nordeste,136.0,False,136.0
2012,Outubro,10,2012-10-01,Paraiba,Nordeste,145.0,False,145.0
2012,Outubro,10,2012-10-01,Pernambuco,Nordeste,222.0,False,222.0
2012,Outubro,10,2012-10-01,Piau,Nordeste,2.506,False,2.506
2012,Outubro,10,2012-10-01,Rio,Sudeste,163.0,False,163.0
2012,Outubro,10,2012-10-01,Rio,Sudeste,74.0,False,74.0
2012,Outubro,10,2012-10-01,Rio,Sudeste,91.0,False,91.0
2012,Outubro,10,2012-10-01,Rondonia,Norte,1.229,False,1.229
2012,Outubro,10,2012-10-01,Roraima,Norte,152.0,False,152.0
2012,Outubro,10,2012-10-01,Santa Catarina,Sul,34.0,False,34.0
2012,Outubro,10,2012-10-01,Sao Paulo,Sudeste,206.0,False,206.0
2012,Outubro,10,2012-10-01,Sergipe,Nordeste,1.0,False,1.0
2012,Outubro,10,2012-10-01,Tocantins,Norte,3.68,False,3.68
2012,Novembro,11,2012-11-01,Acre,Norte,13.0,False,13.0
2012,Novembro,11,2012-11-01,Alagoas,Nordeste,95.0,False,95.0
2012,Novembro,11,2012-11-01,Amapa,Norte,969.0,True,278.0
2012,Novembro,11,2012-11-01,Amazonas,Norte,682.0,True,278.0
2012,Novembro,11,2012-11-01,Bahia,Nordeste,168.0,False,168.0
2012,Novembro,11,2012-11-01,Ceara,Nordeste,995.0,True,278.0
2012,Novembro,11,2012-11-01,Distrito Federal,Centro-Oeste,0.0,False,0.0
2012,Novembro,11,2012-11-01,Espirito Santo,Sudeste,7.0,False,7.0
2012,Novembro,11,2012-11-01,Goias,Centro-Oeste,57.0,False,57.0
2012,Novembro,11,2012-11-01,Maranhao,Nordeste,2.01,False,2.01
2012,Novembro,11,2012-11-01,Mato Grosso,Centro-Oeste,375.0,True,278.0
2012,Novembro,11,2012-11-01,Mato Grosso,Centro-Oeste,115.0,False,115.0
2012,Novembro,11,2012-11-01,Minas Gerais,Sudeste,220.0,False,220.0
2012,Novembro,11,2012-11-01,Para,Norte,6.156,False,6.156
2012,Novembro,11,2012-11-01,Paraiba,Nordeste,130.0,False,130.0
2012,Novembro,11,2012-11-01,Paraiba,Nordeste,142.0,False,142.0
2012,Novembro,11,2012-11-01,Pernambuco,Nordeste,181.0,False,181.0
2012,Novembro,11,2012-11-01,Piau,Nordeste,447.0,True,278.0
2012,Novembro,11,2012-11-01,Rio,Sudeste,13.0,False,13.0
2012,Novembro,11,2012-11-01,Rio,Sudeste,69.0,False,69.0
2012,Novembro,11,2012-11-01,Rio,Sudeste,74.0,False,74.0
2012,Novembro,11,2012-11-01,Rondonia,Norte,174.0,False,174.0
2012,Novembro,11,2012-11-01,Roraima,Norte,187.0,False,187.0
2012,Novembro,11,2012-11-01,Santa Catarina,Sul,72.0,False,72.0
2012,Novembro,11,2012-11-01,Sao Paulo,Sudeste,50.0,False,50.0
2012,Novembro,11,2012-11-01,Sergipe,Nordeste,6.0,False,6.0
2012,Novembro,11,2012-11-01,Tocantins,Norte,179.0,False,179.0
2012,Dezembro,12,2012-12-01,Acre,Norte,1.0,False,1.0
2012,Dezembro,12,2012-12-01,Alagoas,Nordeste,59.0,False,59.0
2012,Dezembro,12,2012-12-01,Amapa,Norte,422.0,True,278.0
2012,Dezembro,12,2012-12-01,Amazonas,Norte,80.0,False,80.0
2012,Dezembro,12,2012-12-01,Bahia,Nordeste,477.0,True,278.0
2012,Dezembro,12,2012-12-01,Ceara,Nordeste,631.0,True,278.0
2012,Dezembro,12,2012-12-01,Distrito Federal,Centro-Oeste,0.0,False,0.0
2012,Dezembro,12,2012-12-01,Espirito Santo,Sudeste,18.0,False,18.0
2012,Dezembro,12,2012-12-01,Goias,Centro-Oeste,93.0,False,93.0
2012,Dezembro,12,2012-12-01,Maranhao,Nordeste,1.296,False,1.296
2012,Dezembro,12,2012-12-01,Mato Grosso,Centro-Oeste,492.0,True,278.0
2012,Dezembro,12,2012-12-01,Mato Grosso,Centro-Oeste,194.0,False,194.0
2012,Dezembro,12,2012-12-01,Minas Gerais,Sudeste,189.0,False,189.0
2012,Dezembro,12,2012-12-01,Para,Norte,1.812,False,1.812
2012,Dezembro,12,2012-12-01,Paraiba,Nordeste,62.0,False,62.0
2012,Dezembro,12,2012-12-01,Paraiba,Nordeste,54.0,False,54.0
2012,Dezembro,12,2012-12-01,Pernambuco,Nordeste,108.0,False,108.0
2012,Dezembro,12,2012-12-01,Piau,Nordeste,334.0,True,278.0
2012,Dezembro,12,2012-12-01,Rio,Sudeste,18.0,False,18.0
2012,Dezembro,12,2012-12-01,Rio,Sudeste,75.0,False,75.0
2012,Dezembro,12,2012-12-01,Rio,Sudeste,38.0,False,38.0
2012,Dezembro,12,2012-12-01,Rondonia,Norte,50.0,False,50.0
2012,Dezembro,12,2012-12-01,Roraima,Norte,78.0,False,78.0
2012,Dezembro,12,2012-12-01,Santa Catarina,Sul,32.0,False,32.0
2012,Dezembro,12,2012-12-01,Sao Paulo,Sudeste,64.0,False,64.0
2012,Dezembro,12,2012-12-01,Sergipe,Nordeste,18.0,False,18.0
2012,Dezembro,12,2012-12-01,Tocantins,Norte,128.0,False,128.0
2013,Janeiro,1,2013-01-01,Acre,Norte,0.0,False,0.0
2013,Janeiro,1,2013-01-01,Alagoas,Nordeste,49.0,False,49.0
2013,Janeiro,1,2013-01-01,Amapa,Norte,3.0,False,3.0
2013,Janeiro,1,2013-01-01,Amazonas,Norte,37.0,False,37.0
2013,Janeiro,1,2013-01-01,Bahia,Nordeste,125.0,False,125.0
2013,Janeiro,1,2013-01-01,Ceara,Nordeste,103.0,False,103.0
2013,Janeiro,1,2013-01-01,Distrito Federal,Centro-Oeste,0.0,False,0.0
2013,Janeiro,1,2013-01-01,Espirito Santo,Sudeste,10.0,False,10.0
2013,Janeiro,1,2013-01-01,Goias,Centro-Oeste,33.0,False,33.0
2013,Janeiro,1,2013-01-01,Maranhao,Nordeste,209.0,False,209.0
2013,Janeiro,1,2013-01-01,Mato Grosso,Centro-Oeste,269.0,False,269.0
2013,Janeiro,1,2013-01-01,Mato Grosso,Centro-Oeste,174.0,False,174.0
2013,Janeiro,1,2013-01-01,Minas Gerais,Sudeste,75.0,False,75.0
2013,Janeiro,1,2013-01-01,Para,Norte,167.0,False,167.0
2013,Janeiro,1,2013-01-01,Paraiba,Nordeste,38.0,False,38.0
2013,Janeiro,1,2013-01-01,Paraiba,Nordeste,28.0,False,28.0
2013,Janeiro,1,2013-01-01,Pernambuco,Nordeste,55.0,False,55.0
2013,Janeiro,1,2013-01-01,Piau,Nordeste,72.0,False,72.0
2013,Janeiro,1,2013-01-01,Rio,Sudeste,9.0,False,9.0
2013,Janeiro,1,2013-01-01,Rio,Sudeste,25.0,False,25.0
2013,Janeiro,1,2013-01-01,Rio,Sudeste,22.0,False,22.0
2013,Janeiro,1,2013-01-01,Rondonia,Norte,7.0,False,7.0
2013,Janeiro,1,2013-01-01,Roraima,Norte,397.0,True,278.0
2013,Janeiro,1,2013-01-01,Santa Catarina,Sul,18.0,False,18.0
2013,Janeiro,1,2013-01-01,Sao Paulo,Sudeste,36.0,False,36.0
2013,Janeiro,1,2013-01-01,Sergipe,Nordeste,34.0,False,34.0
2013,Janeiro,1,2013-01-01,Tocantins,Norte,50.0,False,50.0
2013,Fevereiro,2,2013-02-01,Acre,Norte,0.0,False,0.0
2013,Fevereiro,2,2013-02-01,Alagoas,Nordeste,19.0,False,19.0
2013,Fevereiro,2,2013-02-01,Amapa,Norte,0.0,False,0.0
2013,Fevereiro,2,2013-02-01,Amazonas,Norte,16.0,False,16.0
2013,Fevereiro,2,2013-02-01,Bahia,Nordeste,231.0,False,231.0
2013,Fevereiro,2,2013-02-01,Ceara,Nordeste,49.0,False,49.0
2013,Fevereiro,2,2013-02-01,Distrito Federal,Centro-Oeste,1.0,False,1.0
2013,Fevereiro,2,2013-02-01,Espirito Santo,Sudeste,15.0,False,15.0
2013,Fevereiro,2,2013-02-01,Goias,Centro-Oeste,86.0,False,86.0
2013,Fevereiro,2,2013-02-01,Maranhao,Nordeste,62.0,False,62.0
2013,Fevereiro,2,2013-02-01,Mato Grosso,Centro-Oeste,375.0,True,278.0
2013,Fevereiro,2,2013-02-01,Mato Grosso,Centro-Oeste,100.0,False,100.0
2013,Fevereiro,2,2013-02-01,Minas Gerais,Sudeste,143.0,False,143.0
2013,Fevereiro,2,2013-02-01,Para,Norte,30.0,False,30.0
2013,Fevereiro,2,2013-02-01,Paraiba,Nordeste,9.0,False,9.0
2013,Fevereiro,2,2013-02-01,Paraiba,Nordeste,9.0,False,9.0
2013,Fevereiro,2,2013-02-01,Pernambuco,Nordeste,29.0,False,29.0
2013,Fevereiro,2,2013-02-01,Piau,Nordeste,68.0,False,68.0
2013,Fevereiro,2,2013-02-01,Rio,Sudeste,12.0,False,12.0
2013,Fevereiro,2,2013-02-01,Rio,Sudeste,24.0,False,24.0
2013,Fevereiro,2,2013-02-01,Rio,Sudeste,43.0,False,43.0
2013,Fevereiro,2,2013-02-01,Rondonia,Norte,8.0,False,8.0
2013,Fevereiro,2,2013-02-01,Roraima,Norte,62.0,False,62.0
2013,Fevereiro,2,2013-02-01,Santa Catarina,Sul,12.0,False,12.0
2013,Fevereiro,2,2013-02-01,Sao Paulo,Sudeste,100.0,False,100.0
2013,Fevereiro,2,2013-02-01,Sergipe,Nordeste,47.0,False,47.0
2013,Fevereiro,2,2013-02-01,Tocantins,Norte,37.0,False,37.0
2013,Marco,3,2013-03-01,Acre,Norte,2.0,False,2.0
2013,Marco,3,2013-03-01,Alagoas,Nordeste,31.0,False,31.0
2013,Marco,3,2013-03-01,Amapa,Norte,0.0,False,0.0
2013,Marco,3,2013-03-01,Amazonas,Norte,49.0,False,49.0
2013,Marco,3,2013-03-01,Bahia,Nordeste,363.0,True,278.0
2013,Marco,3,2013-03-01,Ceara,Nordeste,17.0,False,17.0
2013,Marco,3,2013-03-01,Distrito Federal,Centro-Oeste,1.0,False,1.0
2013,Marco,3,2013-03-01,Espirito Santo,Sudeste,13.0,False,13.0
2013,Marco,3,2013-03-01,Goias,Centro-Oeste,79.0,False,79.0
2013,Marco,3,2013-03-01,Maranhao,Nordeste,30.0,False,30.0
2013,Marco,3,2013-03-01,Mato Grosso,Centro-Oeste,563.0,True,278.0
2013,Marco,3,2013-03-01,Mato Grosso,Centro-Oeste,158.0,False,158.0
2013,Marco,3,2013-03-01,Minas Gerais,Sudeste,110.0,False,110.0
2013,Marco,3,2013-03-01,Para,Norte,19.0,False,19.0
2013,Marco,3,2013-03-01,Paraiba,Nordeste,3.0,False,3.0
2013,Marco,3,2013-03-01,Paraiba,Nordeste,18.0,False,18.0
2013,Marco,3,2013-03-01,Pernambuco,Nordeste,40.0,False,40.0
2013,Marco,3,2013-03-01,Piau,Nordeste,14.0,False,14.0
2013,Marco,3,2013-03-01,Rio,Sudeste,9.0,False,9.0
2013,Marco,3,2013-03-01,Rio,Sudeste,6.0,False,6.0
2013,Marco,3,2013-03-01,Rio,Sudeste,44.0,False,44.0
2013,Marco,3,2013-03-01,Rondonia,Norte,23.0,False,23.0
2013,Marco,3,2013-03-01,Roraima,Norte,179.0,False,179.0
2013,Marco,3,2013-03-01,Santa Catarina,Sul,14.0,False,14.0
2013,Marco,3,2013-03-01,Sao Paulo,Sudeste,57.0,False,57.0
2013,Marco,3,2013-03-01,Sergipe,Nordeste,67.0,False,67.0
2013,Marco,3,2013-03-01,Tocantins,Norte,60.0,False,60.0
2013,Abril,4,2013-04-01,Acre,Norte,19.0,False,19.0
2013,Abril,4,2013-04-01,Alagoas,Nordeste,25.0,False,25.0
2013,Abril,4,2013-04-01,Amapa,Norte,2.0,False,2.0
2013,Abril,4,2013-04-01,Amazonas,Norte,20.0,False,20.0
2013,Abril,4,2013-04-01,Bahia,Nordeste,108.0,False,108.0
2013,Abril,4,2013-04-01,Ceara,Nordeste,4.0,False,4.0
2013,Abril,4,2013-04-01,Distrito Federal,Centro-Oeste,1.0,False,1.0
2013,Abril,4,2013-04-01,Espirito Santo,Sudeste,16.0,False,16.0
2013,Abril,4,2013-04-01,Goias,Centro-Oeste,42.0,False,42.0
2013,Abril,4,2013-04-01,Maranhao,Nordeste,62.0,False,62.0
2013,Abril,4,2013-04-01,Mato Grosso,Centro-Oeste,338.0,True,278.0
2013,Abril,4,2013-04-01,Mato Grosso,Centro-Oeste,78.0,False,78.0
2013,Abril,4,2013-04-01,Minas Gerais,Sudeste,61.0,False,61.0
2013,Abril,4,2013-04-01,Para,Norte,20.0,False,20.0
2013,Abril,4,2013-04-01,Paraiba,Nordeste,6.0,False,6.0
2013,Abril,4,2013-04-01,Paraiba,Nordeste,72.0,False,72.0
2013,Abril,4,2013-04-01,Pernambuco,Nordeste,11.0,False,11.0
2013,Abril,4,2013-04-01,Piau,Nordeste,34.0,False,34.0
2013,Abril,4,2013-04-01,Rio,Sudeste,9.0,False,9.0
2013,Abril,4,2013-04-01,Rio,Sudeste,7.0,False,7.0
2013,Abril,4,2013-04-01,Rio,Sudeste,47.0,False,47.0
2013,Abril,4,2013-04-01,Rondonia,Norte,9.0,False,9.0
2013,Abril,4,2013-04-01,Roraima,Norte,87.0,False,87.0
2013,Abril,4,2013-04-01,Santa Catarina,Sul,46.0,False,46.0
2013,Abril,4,2013-04-01,Sao Paulo,Sudeste,103.0,False,103.0
2013,Abril,4,2013-04-01,Sergipe,Nordeste,15.0,False,15.0
2013,Abril,4,2013-04-01,Tocantins,Norte,130.0,False,130.0
2013,Maio,5,2013-05-01,Acre,Norte,4.0,False,4.0
2013,Maio,5,2013-05-01,Alagoas,Nordeste,2.0,False,2.0
2013,Maio,5,2013-05-01,Amapa,Norte,0.0,False,0.0
2013,Maio,5,2013-05-01,Amazonas,Norte,19.0,False,19.0
2013,Maio,5,2013-05-01,Bahia,Nordeste,141.0,False,141.0
2013,Maio,5,2013-05-01,Ceara,Nordeste,4.0,False,4.0
2013,Maio,5,2013-05-01,Distrito Federal,Centro-Oeste,2.0,False,2.0
2013,Maio,5,2013-05-01,Espirito Santo,Sudeste,14.0,False,14.0
2013,Maio,5,2013-05-01,Goias,Centro-Oeste,150.0,False,150.0
2013,Maio,5,2013-05-01,Maranhao,Nordeste,100.0,False,100.0
2013,Maio,5,2013-05-01,Mato Grosso,Centro-Oeste,739.0,True,278.0
2013,Maio,5,2013-05-01,Mato Grosso,Centro-Oeste,72.0,False,72.0
2013,Maio,5,2013-05-01,Minas Gerais,Sudeste,150.0,False,150.0
2013,Maio,5,2013-05-01,Para,Norte,42.0,False,42.0
2013,Maio,5,2013-05-01,Paraiba,Nordeste,3.0,False,3.0
2013,Maio,5,2013-05-01,Paraiba,Nordeste,85.0,False,85.0
2013,Maio,5,2013-05-01,Pernambuco,Nordeste,9.0,False,9.0
2013,Maio,5,2013-05-01,Piau,Nordeste,40.0,False,40.0
2013,Maio,5,2013-05-01,Rio,Sudeste,16.0,False,16.0
2013,Maio,5,2013-05-01,Rio,Sudeste,2.0,False,2.0
2013,Maio,5,2013-05-01,Rio,Sudeste,14.0,False,14.0
2013,Maio,5,2013-05-01,Rondonia,Norte,9.0,False,9.0
2013,Maio,5,2013-05-01,Roraima,Norte,4.0,False,4.0
2013,Maio,5,2013-05-01,Santa Catarina,Sul,52.0,False,52.0
2013,Maio,5,2013-05-01,Sao Paulo,Sudeste,118.0,False,118.0
2013,Maio,5,2013-05-01,Sergipe,Nordeste,1.0,False,1.0
2013,Maio,5,2013-05-01,Tocantins,Norte,373.0,True,278.0
2013,Junho,6,2013-06-01,Acre,Norte,8.0,False,8.0
2013,Junho,6,2013-06-01,Alagoas,Nordeste,1.0,False,1.0
2013,Junho,6,2013-06-01,Amapa,Norte,1.0,False,1.0
2013,Junho,6,2013-06-01,Amazonas,Norte,56.0,False,56.0
2013,Junho,6,2013-06-01,Bahia,Nordeste,208.0,False,208.0
2013,Junho,6,2013-06-01,Ceara,Nordeste,5.0,False,5.0
2013,Junho,6,2013-06-01,Distrito Federal,Centro-Oeste,4.0,False,4.0
2013,Junho,6,2013-06-01,Espirito Santo,Sudeste,22.0,False,22.0
2013,Junho,6,2013-06-01,Goias,Centro-Oeste,192.0,False,192.0
2013,Junho,6,2013-06-01,Maranhao,Nordeste,498.0,True,278.0
2013,Junho,6,2013-06-01,Mato Grosso,Centro-Oeste,1.213,False,1.213
2013,Junho,6,2013-06-01,Mato Grosso,Centro-Oeste,35.0,False,35.0
2013,Junho,6,2013-06-01,Minas Gerais,Sudeste,144.0,False,144.0
2013,Junho,6,2013-06-01,Para,Norte,173.0,False,173.0
2013,Junho,6,2013-06-01,Paraiba,Nordeste,3.0,False,3.0
2013,Junho,6,2013-06-01,Paraiba,Nordeste,52.0,False,52.0
2013,Junho,6,2013-06-01,Pernambuco,Nordeste,12.0,False,12.0
2013,Junho,6,2013-06-01,Piau,Nordeste,263.0,False,263.0
2013,Junho,6,2013-06-01,Rio,Sudeste,17.0,False,17.0
2013,Junho,6,2013-06-01,Rio,Sudeste,1.0,False,1.0
2013,Junho,6,2013-06-01,Rio,Sudeste,10.0,False,10.0
2013,Junho,6,2013-06-01,Rondonia,Norte,22.0,False,22.0
2013,Junho,6,2013-06-01,Roraima,Norte,6.0,False,6.0
2013,Junho,6,2013-06-01,Santa Catarina,Sul,31.0,False,31.0
2013,Junho,6,2013-06-01,Sao Paulo,Sudeste,47.0,False,47.0
2013,Junho,6,2013-06-01,Sergipe,Nordeste,1.0,False,1.0
2013,Junho,6,2013-06-01,Tocantins,Norte,873.0,True,278.0
2013,Julho,7,2013-07-01,Acre,Norte,54.0,False,54.0
2013,Julho,7,2013-07-01,Alagoas,Nordeste,0.0,False,0.0
2013,Julho,7,2013-07-01,Amapa,Norte,1.0,False,1.0
2013,Julho,7,2013-07-01,Amazonas,Norte,248.0,False,248.0
2013,Julho,7,2013-07-01,Bahia,Nordeste,362.0,True,278.0
2013,Julho,7,2013-07-01,Ceara,Nordeste,4.0,False,4.0
2013,Julho,7,2013-07-01,Distrito Federal,Centro-Oeste,22.0,False,22.0
2013,Julho,7,2013-07-01,Espirito Santo,Sudeste,20.0,False,20.0
2013,Julho,7,2013-07-01,Goias,Centro-Oeste,350.0,True,278.0
2013,Julho,7,2013-07-01,Maranhao,Nordeste,1.111,False,1.111
2013,Julho,7,2013-07-01,Mato Grosso,Centro-Oeste,1.63,False,1.63
2013,Julho,7,2013-07-01,Mato Grosso,Centro-Oeste,201.0,False,201.0
2013,Julho,7,2013-07-01,Minas Gerais,Sudeste,462.0,True,278.0
2013,Julho,7,2013-07-01,Para,Norte,447.0,True,278.0
2013,Julho,7,2013-07-01,Paraiba,Nordeste,1.0,False,1.0
2013,Julho,7,2013-07-01,Paraiba,Nordeste,168.0,False,168.0
2013,Julho,7,2013-07-01,Pernambuco,Nordeste,4.0,False,4.0
2013,Julho,7,2013-07-01,Piau,Nordeste,361.0,True,278.0
2013,Julho,7,2013-07-01,Rio,Sudeste,58.0,False,58.0
2013,Julho,7,2013-07-01,Rio,Sudeste,0.0,False,0.0
2013,Julho,7,2013-07-01,Rio,Sudeste,42.0,False,42.0
2013,Julho,7,2013-07-01,Rondonia,Norte,117.0,False,117.0
2013,Julho,7,2013-07-01,Roraima,Norte,4.0,False,4.0
2013,Julho,7,2013-07-01,Santa Catarina,Sul,69.0,False,69.0
2013,Julho,7,2013-07-01,Sao Paulo,Sudeste,181.0,False,181.0
2013,Julho,7,2013-07-01,Sergipe,Nordeste,0.0,False,0.0
2013,Julho,7,2013-07-01,Tocantins,Norte,1.393,False,1.393
2013,Agosto,8,2013-08-01,Acre,Norte,679.0,True,278.0
2013,Agosto,8,2013-08-01,Alagoas,Nordeste,0.0,False,0.0
2013,Agosto,8,2013-08-01,Amapa,Norte,9.0,False,9.0
2013,Agosto,8,2013-08-01,Amazonas,Norte,1.276,False,1.276
2013,Agosto,8,2013-08-01,Bahia,Nordeste,610.0,True,278.0
2013,Agosto,8,2013-08-01,Ceara,Nordeste,32.0,False,32.0
2013,Agosto,8,2013-08-01,Distrito Federal,Centro-Oeste,34.0,False,34.0
2013,Agosto,8,2013-08-01,Espirito Santo,Sudeste,53.0,False,53.0
2013,Agosto,8,2013-08-01,Goias,Centro-Oeste,488.0,True,278.0
2013,Agosto,8,2013-08-01,Maranhao,Nordeste,2.098,False,2.098
2013,Agosto,8,2013-08-01,Mato Grosso,Centro-Oeste,3.568,False,3.568
2013,Agosto,8,2013-08-01,Mato Grosso,Centro-Oeste,677.0,True,278.0
2013,Agosto,8,2013-08-01,Minas Gerais,Sudeste,911.0,True,278.0
2013,Agosto,8,2013-08-01,Para,Norte,2.161,False,2.161
2013,Agosto,8,2013-08-01,Paraiba,Nordeste,3.0,False,3.0
2013,Agosto,8,2013-08-01,Paraiba,Nordeste,481.0,True,278.0
2013,Agosto,8,2013-08-01,Pernambuco,Nordeste,14.0,False,14.0
2013,Agosto,8,2013-08-01,Piau,Nordeste,1.015,False,1.015
2013,Agosto,8,2013-08-01,Rio,Sudeste,74.0,False,74.0
2013,Agosto,8,2013-08-01,Rio,Sudeste,2.0,False,2.0
2013,Agosto,8,2013-08-01,Rio,Sudeste,156.0,False,156.0
2013,Agosto,8,2013-08-01,Rondonia,Norte,885.0,True,278.0
2013,Agosto,8,2013-08-01,Roraima,Norte,3.0,False,3.0
2013,Agosto,8,2013-08-01,Santa Catarina,Sul,236.0,False,236.0
2013,Agosto,8,2013-08-01,Sao Paulo,Sudeste,497.0,True,278.0
2013,Agosto,8,2013-08-01,Sergipe,Nordeste,0.0,False,0.0
2013,Agosto,8,2013-08-01,Tocantins,Norte,1.81,False,1.81
2013,Setembro,9,2013-09-01,Acre,Norte,2.136,False,2.136
2013,Setembro,9,2013-09-01,Alagoas,Nordeste,4.0,False,4.0
2013,Setembro,9,2013-09-01,Amapa,Norte,85.0,False,85.0
2013,Setembro,9,2013-09-01,Amazonas,Norte,1.739,False,1.739
2013,Setembro,9,2013-09-01,Bahia,Nordeste,2.681,False,2.681
2013,Setembro,9,2013-09-01,Ceara,Nordeste,177.0,False,177.0
2013,Setembro,9,2013-09-01,Distrito Federal,Centro-Oeste,31.0,False,31.0
2013,Setembro,9,2013-09-01,Espirito Santo,Sudeste,30.0,False,30.0
2013,Setembro,9,2013-09-01,Goias,Centro-Oeste,684.0,True,278.0
2013,Setembro,9,2013-09-01,Maranhao,Nordeste,3.88,False,3.88
2013,Setembro,9,2013-09-01,Mato Grosso,Centro-Oeste,5.576,False,5.576
2013,Setembro,9,2013-09-01,Mato Grosso,Centro-Oeste,1.074,False,1.074
2013,Setembro,9,2013-09-01,Minas Gerais,Sudeste,1.656,False,1.656
2013,Setembro,9,2013-09-01,Para,Norte,3.36,False,3.36
2013,Setembro,9,2013-09-01,Paraiba,Nordeste,25.0,False,25.0
2013,Setembro,9,2013-09-01,Paraiba,Nordeste,476.0,True,278.0
2013,Setembro,9,2013-09-01,Pernambuco,Nordeste,143.0,False,143.0
2013,Setembro,9,2013-09-01,Piau,Nordeste,2.311,False,2.311
2013,Setembro,9,2013-09-01,Rio,Sudeste,117.0,False,117.0
2013,Setembro,9,2013-09-01,Rio,Sudeste,7.0,False,7.0
2013,Setembro,9,2013-09-01,Rio,Sudeste,290.0,True,278.0
2013,Setembro,9,2013-09-01,Rondonia,Norte,1.776,False,1.776
2013,Setembro,9,2013-09-01,Roraima,Norte,18.0,False,18.0
2013,Setembro,9,2013-09-01,Santa Catarina,Sul,303.0,True,278.0
2013,Setembro,9,2013-09-01,Sao Paulo,Sudeste,560.0,True,278.0
2013,Setembro,9,2013-09-01,Sergipe,Nordeste,1.0,False,1.0
2013,Setembro,9,2013-09-01,Tocantins,Norte,2.445,False,2.445
2013,Outubro,10,2013-10-01,Acre,Norte,258.0,False,258.0
2013,Outubro,10,2013-10-01,Alagoas,Nordeste,25.0,False,25.0
2013,Outubro,10,2013-10-01,Amapa,Norte,385.0,True,278.0
2013,Outubro,10,2013-10-01,Amazonas,Norte,1.202,False,1.202
2013,Outubro,10,2013-10-01,Bahia,Nordeste,1.969,False,1.969
2013,Outubro,10,2013-10-01,Ceara,Nordeste,466.0,True,278.0
2013,Outubro,10,2013-10-01,Distrito Federal,Centro-Oeste,3.0,False,3.0
2013,Outubro,10,2013-10-01,Espirito Santo,Sudeste,37.0,False,37.0
2013,Outubro,10,2013-10-01,Goias,Centro-Oeste,606.0,True,278.0
2013,Outubro,10,2013-10-01,Maranhao,Nordeste,2.918,False,2.918
2013,Outubro,10,2013-10-01,Mato Grosso,Centro-Oeste,1.986,False,1.986
2013,Outubro,10,2013-10-01,Mato Grosso,Centro-Oeste,378.0,True,278.0
2013,Outubro,10,2013-10-01,Minas Gerais,Sudeste,1.221,False,1.221
2013,Outubro,10,2013-10-01,Para,Norte,4.921,False,4.921
2013,Outubro,10,2013-10-01,Paraiba,Nordeste,58.0,False,58.0
2013,Outubro,10,2013-10-01,Paraiba,Nordeste,233.0,False,233.0
2013,Outubro,10,2013-10-01,Pernambuco,Nordeste,161.0,False,161.0
2013,Outubro,10,2013-10-01,Piau,Nordeste,1.269,False,1.269
2013,Outubro,10,2013-10-01,Rio,Sudeste,44.0,False,44.0
2013,Outubro,10,2013-10-01,Rio,Sudeste,71.0,False,71.0
2013,Outubro,10,2013-10-01,Rio,Sudeste,104.0,False,104.0
2013,Outubro,10,2013-10-01,Rondonia,Norte,555.0,True,278.0
2013,Outubro,10,2013-10-01,Roraima,Norte,63.0,False,63.0
2013,Outubro,10,2013-10-01,Santa Catarina,Sul,107.0,False,107.0
2013,Outubro,10,2013-10-01,Sao Paulo,Sudeste,127.0,False,127.0
2013,Outubro,10,2013-10-01,Sergipe,Nordeste,3.0,False,3.0
2013,Outubro,10,2013-10-01,Tocantins,Norte,2.155,False,2.155
2013,Novembro,11,2013-11-01,Acre,Norte,79.0,False,79.0
2013,Novembro,11,2013-11-01,Alagoas,Nordeste,10.0,False,10.0
2013,Novembro,11,2013-11-01,Amapa,Norte,341.0,True,278.0
2013,Novembro,11,2013-11-01,Amazonas,Norte,220.0,False,220.0
2013,Novembro,11,2013-11-01,Bahia,Nordeste,288.0,True,278.0
2013,Novembro,11,2013-11-01,Ceara,Nordeste,1.081,False,1.081
2013,Novembro,11,2013-11-01,Distrito Federal,Centro-Oeste,0.0,False,0.0
2013,Novembro,11,2013-11-01,Espirito Santo,Sudeste,11.0,False,11.0
2013,Novembro,11,2013-11-01,Goias,Centro-Oeste,183.0,False,183.0
2013,Novembro,11,2013-11-01,Maranhao,Nordeste,2.529,False,2.529
2013,Novembro,11,2013-11-01,Mato Grosso,Centro-Oeste,1.064,False,1.064
2013,Novembro,11,2013-11-01,Mato Grosso,Centro-Oeste,423.0,True,278.0
2013,Novembro,11,2013-11-01,Minas Gerais,Sudeste,277.0,False,277.0
2013,Novembro,11,2013-11-01,Para,Norte,3.688,False,3.688
2013,Novembro,11,2013-11-01,Paraiba,Nordeste,95.0,False,95.0
2013,Novembro,11,2013-11-01,Paraiba,Nordeste,126.0,False,126.0
2013,Novembro,11,2013-11-01,Pernambuco,Nordeste,110.0,False,110.0
2013,Novembro,11,2013-11-01,Piau,Nordeste,640.0,True,278.0
2013,Novembro,11,2013-11-01,Rio,Sudeste,28.0,False,28.0
2013,Novembro,11,2013-11-01,Rio,Sudeste,77.0,False,77.0
2013,Novembro,11,2013-11-01,Rio,Sudeste,110.0,False,110.0
2013,Novembro,11,2013-11-01,Rondonia,Norte,108.0,False,108.0
2013,Novembro,11,2013-11-01,Roraima,Norte,106.0,False,106.0
2013,Novembro,11,2013-11-01,Santa Catarina,Sul,84.0,False,84.0
2013,Novembro,11,2013-11-01,Sao Paulo,Sudeste,120.0,False,120.0
2013,Novembro,11,2013-11-01,Sergipe,Nordeste,7.0,False,7.0
2013,Novembro,11,2013-11-01,Tocantins,Norte,345.0,True,278.0
2013,Dezembro,12,2013-12-01,Acre,Norte,3.0,False,3.0
2013,Dezembro,12,2013-12-01,Alagoas,Nordeste,42.0,False,42.0
2013,Dezembro,12,2013-12-01,Amapa,Norte,148.0,False,148.0
2013,Dezembro,12,2013-12-01,Amazonas,Norte,236.0,False,236.0
2013,Dezembro,12,2013-12-01,Bahia,Nordeste,131.0,False,131.0
2013,Dezembro,12,2013-12-01,Ceara,Nordeste,956.0,True,278.0
2013,Dezembro,12,2013-12-01,Distrito Federal,Centro-Oeste,2.0,False,2.0
2013,Dezembro,12,2013-12-01,Espirito Santo,Sudeste,9.0,False,9.0
2013,Dezembro,12,2013-12-01,Goias,Centro-Oeste,86.0,False,86.0
2013,Dezembro,12,2013-12-01,Maranhao,Nordeste,2.692,False,2.692
2013,Dezembro,12,2013-12-01,Mato Grosso,Centro-Oeste,447.0,True,278.0
2013,Dezembro,12,2013-12-01,Mato Grosso,Centro-Oeste,195.0,False,195.0
2013,Dezembro,12,2013-12-01,Minas Gerais,Sudeste,98.0,False,98.0
2013,Dezembro,12,2013-12-01,Para,Norte,5.514,False,5.514
2013,Dezembro,12,2013-12-01,Paraiba,Nordeste,78.0,False,78.0
2013,Dezembro,12,2013-12-01,Paraiba,Nordeste,155.0,False,155.0
2013,Dezembro,12,2013-12-01,Pernambuco,Nordeste,141.0,False,141.0
2013,Dezembro,12,2013-12-01,Piau,Nordeste,468.0,True,278.0
2013,Dezembro,12,2013-12-01,Rio,Sudeste,12.0,False,12.0
2013,Dezembro,12,2013-12-01,Rio,Sudeste,46.0,False,46.0
2013,Dezembro,12,2013-12-01,Rio,Sudeste,62.0,False,62.0
2013,Dezembro,12,2013-12-01,Rondonia,Norte,143.0,False,143.0
2013,Dezembro,12,2013-12-01,Roraima,Norte,65.0,False,65.0
2013,Dezembro,12,2013-12-01,Santa Catarina,Sul,74.0,False,74.0
2013,Dezembro,12,2013-12-01,Sao Paulo,Sudeste,109.0,False,109.0
2013,Dezembro,12,2013-12-01,Sergipe,Nordeste,9.0,False,9.0
2013,Dezembro,12,2013-12-01,Tocantins,Norte,85.0,False,85.0
2014,Janeiro,1,2014-01-01,Acre,Norte,0.0,False,0.0
2014,Janeiro,1,2014-01-01,Alagoas,Nordeste,54.0,False,54.0
2014,Janeiro,1,2014-01-01,Amapa,Norte,10.0,False,10.0
2014,Janeiro,1,2014-01-01,Amazonas,Norte,46.0,False,46.0
2014,Janeiro,1,2014-01-01,Bahia,Nordeste,132.0,False,132.0
2014,Janeiro,1,2014-01-01,Ceara,Nordeste,115.0,False,115.0
2014,Janeiro,1,2014-01-01,Distrito Federal,Centro-Oeste,0.0,False,0.0
2014,Janeiro,1,2014-01-01,Espirito Santo,Sudeste,11.0,False,11.0
2014,Janeiro,1,2014-01-01,Goias,Centro-Oeste,80.0,False,80.0
2014,Janeiro,1,2014-01-01,Maranhao,Nordeste,195.0,False,195.0
2014,Janeiro,1,2014-01-01,Mato Grosso,Centro-Oeste,315.0,True,278.0
2014,Janeiro,1,2014-01-01,Mato Grosso,Centro-Oeste,197.0,False,197.0
2014,Janeiro,1,2014-01-01,Minas Gerais,Sudeste,133.0,False,133.0
2014,Janeiro,1,2014-01-01,Para,Norte,251.0,False,251.0
2014,Janeiro,1,2014-01-01,Paraiba,Nordeste,75.0,False,75.0
2014,Janeiro,1,2014-01-01,Paraiba,Nordeste,86.0,False,86.0
2014,Janeiro,1,2014-01-01,Pernambuco,Nordeste,99.0,False,99.0
2014,Janeiro,1,2014-01-01,Piau,Nordeste,79.0,False,79.0
2014,Janeiro,1,2014-01-01,Rio,Sudeste,35.0,False,35.0
2014,Janeiro,1,2014-01-01,Rio,Sudeste,34.0,False,34.0
2014,Janeiro,1,2014-01-01,Rio,Sudeste,53.0,False,53.0
2014,Janeiro,1,2014-01-01,Rondonia,Norte,12.0,False,12.0
2014,Janeiro,1,2014-01-01,Roraima,Norte,355.0,True,278.0
2014,Janeiro,1,2014-01-01,Santa Catarina,Sul,58.0,False,58.0
2014,Janeiro,1,2014-01-01,Sao Paulo,Sudeste,99.0,False,99.0
2014,Janeiro,1,2014-01-01,Sergipe,Nordeste,20.0,False,20.0
2014,Janeiro,1,2014-01-01,Tocantins,Norte,89.0,False,89.0
2014,Fevereiro,2,2014-02-01,Acre,Norte,0.0,False,0.0
2014,Fevereiro,2,2014-02-01,Alagoas,Nordeste,29.0,False,29.0
2014,Fevereiro,2,2014-02-01,Amapa,Norte,2.0,False,2.0
2014,Fevereiro,2,2014-02-01,Amazonas,Norte,49.0,False,49.0
2014,Fevereiro,2,2014-02-01,Bahia,Nordeste,107.0,False,107.0
2014,Fevereiro,2,2014-02-01,Ceara,Nordeste,18.0,False,18.0
2014,Fevereiro,2,2014-02-01,Distrito Federal,Centro-Oeste,1.0,False,1.0
2014,Fevereiro,2,2014-02-01,Espirito Santo,Sudeste,17.0,False,17.0
2014,Fevereiro,2,2014-02-01,Goias,Centro-Oeste,44.0,False,44.0
2014,Fevereiro,2,2014-02-01,Maranhao,Nordeste,29.0,False,29.0
2014,Fevereiro,2,2014-02-01,Mato Grosso,Centro-Oeste,199.0,False,199.0
2014,Fevereiro,2,2014-02-01,Mato Grosso,Centro-Oeste,139.0,False,139.0
2014,Fevereiro,2,2014-02-01,Minas Gerais,Sudeste,157.0,False,157.0
2014,Fevereiro,2,2014-02-01,Para,Norte,37.0,False,37.0
2014,Fevereiro,2,2014-02-01,Paraiba,Nordeste,6.0,False,6.0
2014,Fevereiro,2,2014-02-01,Paraiba,Nordeste,52.0,False,52.0
2014,Fevereiro,2,2014-02-01,Pernambuco,Nordeste,25.0,False,25.0
2014,Fevereiro,2,2014-02-01,Piau,Nordeste,14.0,False,14.0
2014,Fevereiro,2,2014-02-01,Rio,Sudeste,116.0,False,116.0
2014,Fevereiro,2,2014-02-01,Rio,Sudeste,8.0,False,8.0
2014,Fevereiro,2,2014-02-01,Rio,Sudeste,37.0,False,37.0
2014,Fevereiro,2,2014-02-01,Rondonia,Norte,5.0,False,5.0
2014,Fevereiro,2,2014-02-01,Roraima,Norte,226.0,False,226.0
2014,Fevereiro,2,2014-02-01,Santa Catarina,Sul,27.0,False,27.0
2014,Fevereiro,2,2014-02-01,Sao Paulo,Sudeste,112.0,False,112.0
2014,Fevereiro,2,2014-02-01,Sergipe,Nordeste,18.0,False,18.0
2014,Fevereiro,2,2014-02-01,Tocantins,Norte,73.0,False,73.0
2014,Marco,3,2014-03-01,Acre,Norte,1.0,False,1.0
2014,Marco,3,2014-03-01,Alagoas,Nordeste,28.0,False,28.0
2014,Marco,3,2014-03-01,Amapa,Norte,1.0,False,1.0
2014,Marco,3,2014-03-01,Amazonas,Norte,50.0,False,50.0
2014,Marco,3,2014-03-01,Bahia,Nordeste,148.0,False,148.0
2014,Marco,3,2014-03-01,Ceara,Nordeste,6.0,False,6.0
2014,Marco,3,2014-03-01,Distrito Federal,Centro-Oeste,1.0,False,1.0
2014,Marco,3,2014-03-01,Espirito Santo,Sudeste,15.0,False,15.0
2014,Marco,3,2014-03-01,Goias,Centro-Oeste,80.0,False,80.0
2014,Marco,3,2014-03-01,Maranhao,Nordeste,59.0,False,59.0
2014,Marco,3,2014-03-01,Mato Grosso,Centro-Oeste,655.0,True,278.0
2014,Marco,3,2014-03-01,Mato Grosso,Centro-Oeste,95.0,False,95.0
2014,Marco,3,2014-03-01,Minas Gerais,Sudeste,77.0,False,77.0
2014,Marco,3,2014-03-01,Para,Norte,34.0,False,34.0
2014,Marco,3,2014-03-01,Paraiba,Nordeste,18.0,False,18.0
2014,Marco,3,2014-03-01,Paraiba,Nordeste,42.0,False,42.0
2014,Marco,3,2014-03-01,Pernambuco,Nordeste,36.0,False,36.0
2014,Marco,3,2014-03-01,Piau,Nordeste,88.0,False,88.0
2014,Marco,3,2014-03-01,Rio,Sudeste,38.0,False,38.0
2014,Marco,3,2014-03-01,Rio,Sudeste,6.0,False,6.0
2014,Marco,3,2014-03-01,Rio,Sudeste,58.0,False,58.0
2014,Marco,3,2014-03-01,Rondonia,Norte,13.0,False,13.0
2014,Marco,3,2014-03-01,Roraima,Norte,494.0,True,278.0
2014,Marco,3,2014-03-01,Santa Catarina,Sul,15.0,False,15.0
2014,Marco,3,2014-03-01,Sao Paulo,Sudeste,75.0,False,75.0
2014,Marco,3,2014-03-01,Sergipe,Nordeste,33.0,False,33.0
2014,Marco,3,2014-03-01,Tocantins,Norte,58.0,False,58.0
2014,Abril,4,2014-04-01,Acre,Norte,7.0,False,7.0
2014,Abril,4,2014-04-01,Alagoas,Nordeste,16.0,False,16.0
2014,Abril,4,2014-04-01,Amapa,Norte,0.0,False,0.0
2014,Abril,4,2014-04-01,Amazonas,Norte,25.0,False,25.0
2014,Abril,4,2014-04-01,Bahia,Nordeste,183.0,False,183.0
2014,Abril,4,2014-04-01,Ceara,Nordeste,4.0,False,4.0
2014,Abril,4,2014-04-01,Distrito Federal,Centro-Oeste,2.0,False,2.0
2014,Abril,4,2014-04-01,Espirito Santo,Sudeste,15.0,False,15.0
2014,Abril,4,2014-04-01,Goias,Centro-Oeste,138.0,False,138.0
2014,Abril,4,2014-04-01,Maranhao,Nordeste,78.0,False,78.0
2014,Abril,4,2014-04-01,Mato Grosso,Centro-Oeste,859.0,True,278.0
2014,Abril,4,2014-04-01,Mato Grosso,Centro-Oeste,129.0,False,129.0
2014,Abril,4,2014-04-01,Minas Gerais,Sudeste,161.0,False,161.0
2014,Abril,4,2014-04-01,Para,Norte,27.0,False,27.0
2014,Abril,4,2014-04-01,Paraiba,Nordeste,8.0,False,8.0
2014,Abril,4,2014-04-01,Paraiba,Nordeste,38.0,False,38.0
2014,Abril,4,2014-04-01,Pernambuco,Nordeste,10.0,False,10.0
2014,Abril,4,2014-04-01,Piau,Nordeste,63.0,False,63.0
2014,Abril,4,2014-04-01,Rio,Sudeste,25.0,False,25.0
2014,Abril,4,2014-04-01,Rio,Sudeste,2.0,False,2.0
2014,Abril,4,2014-04-01,Rio,Sudeste,60.0,False,60.0
2014,Abril,4,2014-04-01,Rondonia,Norte,15.0,False,15.0
2014,Abril,4,2014-04-01,Roraima,Norte,162.0,False,162.0
2014,Abril,4,2014-04-01,Santa Catarina,Sul,34.0,False,34.0
2014,Abril,4,2014-04-01,Sao Paulo,Sudeste,103.0,False,103.0
2014,Abril,4,2014-04-01,Sergipe,Nordeste,7.0,False,7.0
2014,Abril,4,2014-04-01,Tocantins,Norte,187.0,False,187.0
2014,Maio,5,2014-05-01,Acre,Norte,1.0,False,1.0
2014,Maio,5,2014-05-01,Alagoas,Nordeste,1.0,False,1.0
2014,Maio,5,2014-05-01,Amapa,Norte,0.0,False,0.0
2014,Maio,5,2014-05-01,Amazonas,Norte,12.0,False,12.0
2014,Maio,5,2014-05-01,Bahia,Nordeste,224.0,False,224.0
2014,Maio,5,2014-05-01,Ceara,Nordeste,4.0,False,4.0
2014,Maio,5,2014-05-01,Distrito Federal,Centro-Oeste,9.0,False,9.0
2014,Maio,5,2014-05-01,Espirito Santo,Sudeste,18.0,False,18.0
2014,Maio,5,2014-05-01,Goias,Centro-Oeste,210.0,False,210.0
2014,Maio,5,2014-05-01,Maranhao,Nordeste,148.0,False,148.0
2014,Maio,5,2014-05-01,Mato Grosso,Centro-Oeste,933.0,True,278.0
2014,Maio,5,2014-05-01,Mato Grosso,Centro-Oeste,70.0,False,70.0
2014,Maio,5,2014-05-01,Minas Gerais,Sudeste,224.0,False,224.0
2014,Maio,5,2014-05-01,Para,Norte,70.0,False,70.0
2014,Maio,5,2014-05-01,Paraiba,Nordeste,1.0,False,1.0
2014,Maio,5,2014-05-01,Paraiba,Nordeste,109.0,False,109.0
2014,Maio,5,2014-05-01,Pernambuco,Nordeste,4.0,False,4.0
2014,Maio,5,2014-05-01,Piau,Nordeste,138.0,False,138.0
2014,Maio,5,2014-05-01,Rio,Sudeste,20.0,False,20.0
2014,Maio,5,2014-05-01,Rio,Sudeste,2.0,False,2.0
2014,Maio,5,2014-05-01,Rio,Sudeste,63.0,False,63.0
2014,Maio,5,2014-05-01,Rondonia,Norte,28.0,False,28.0
2014,Maio,5,2014-05-01,Roraima,Norte,58.0,False,58.0
2014,Maio,5,2014-05-01,Santa Catarina,Sul,42.0,False,42.0
2014,Maio,5,2014-05-01,Sao Paulo,Sudeste,181.0,False,181.0
2014,Maio,5,2014-05-01,Sergipe,Nordeste,1.0,False,1.0
2014,Maio,5,2014-05-01,Tocantins,Norte,618.0,True,278.0
2014,Junho,6,2014-06-01,Acre,Norte,17.0,False,17.0
2014,Junho,6,2014-06-01,Alagoas,Nordeste,2.0,False,2.0
2014,Junho,6,2014-06-01,Amapa,Norte,0.0,False,0.0
2014,Junho,6,2014-06-01,Amazonas,Norte,74.0,False,74.0
2014,Junho,6,2014-06-01,Bahia,Nordeste,243.0,False,243.0
2014,Junho,6,2014-06-01,Ceara,Nordeste,19.0,False,19.0
2014,Junho,6,2014-06-01,Distrito Federal,Centro-Oeste,6.0,False,6.0
2014,Junho,6,2014-06-01,Espirito Santo,Sudeste,9.0,False,9.0
2014,Junho,6,2014-06-01,Goias,Centro-Oeste,318.0,True,278.0
2014,Junho,6,2014-06-01,Maranhao,Nordeste,812.0,True,278.0
2014,Junho,6,2014-06-01,Mato Grosso,Centro-Oeste,1.795,False,1.795
2014,Junho,6,2014-06-01,Mato Grosso,Centro-Oeste,84.0,False,84.0
2014,Junho,6,2014-06-01,Minas Gerais,Sudeste,376.0,True,278.0
2014,Junho,6,2014-06-01,Para,Norte,319.0,True,278.0
2014,Junho,6,2014-06-01,Paraiba,Nordeste,1.0,False,1.0
2014,Junho,6,2014-06-01,Paraiba,Nordeste,112.0,False,112.0
2014,Junho,6,2014-06-01,Pernambuco,Nordeste,3.0,False,3.0
2014,Junho,6,2014-06-01,Piau,Nordeste,373.0,True,278.0
2014,Junho,6,2014-06-01,Rio,Sudeste,54.0,False,54.0
2014,Junho,6,2014-06-01,Rio,Sudeste,2.0,False,2.0
2014,Junho,6,2014-06-01,Rio,Sudeste,62.0,False,62.0
2014,Junho,6,2014-06-01,Rondonia,Norte,92.0,False,92.0
2014,Junho,6,2014-06-01,Roraima,Norte,4.0,False,4.0
2014,Junho,6,2014-06-01,Santa Catarina,Sul,3.0,False,3.0
2014,Junho,6,2014-06-01,Sao Paulo,Sudeste,331.0,True,278.0
2014,Junho,6,2014-06-01,Sergipe,Nordeste,0.0,False,0.0
2014,Junho,6,2014-06-01,Tocantins,Norte,1.372,False,1.372
2014,Julho,7,2014-07-01,Acre,Norte,60.0,False,60.0
2014,Julho,7,2014-07-01,Alagoas,Nordeste,1.0,False,1.0
2014,Julho,7,2014-07-01,Amapa,Norte,4.0,False,4.0
2014,Julho,7,2014-07-01,Amazonas,Norte,202.0,False,202.0
2014,Julho,7,2014-07-01,Bahia,Nordeste,249.0,False,249.0
2014,Julho,7,2014-07-01,Ceara,Nordeste,47.0,False,47.0
2014,Julho,7,2014-07-01,Distrito Federal,Centro-Oeste,27.0,False,27.0
2014,Julho,7,2014-07-01,Espirito Santo,Sudeste,17.0,False,17.0
2014,Julho,7,2014-07-01,Goias,Centro-Oeste,446.0,True,278.0
2014,Julho,7,2014-07-01,Maranhao,Nordeste,2.068,False,2.068
2014,Julho,7,2014-07-01,Mato Grosso,Centro-Oeste,2.255,False,2.255
2014,Julho,7,2014-07-01,Mato Grosso,Centro-Oeste,193.0,False,193.0
2014,Julho,7,2014-07-01,Minas Gerais,Sudeste,559.0,True,278.0
2014,Julho,7,2014-07-01,Para,Norte,825.0,True,278.0
2014,Julho,7,2014-07-01,Paraiba,Nordeste,9.0,False,9.0
2014,Julho,7,2014-07-01,Paraiba,Nordeste,215.0,False,215.0
2014,Julho,7,2014-07-01,Pernambuco,Nordeste,11.0,False,11.0
2014,Julho,7,2014-07-01,Piau,Nordeste,1.177,False,1.177
2014,Julho,7,2014-07-01,Rio,Sudeste,62.0,False,62.0
2014,Julho,7,2014-07-01,Rio,Sudeste,2.0,False,2.0
2014,Julho,7,2014-07-01,Rio,Sudeste,209.0,False,209.0
2014,Julho,7,2014-07-01,Rondonia,Norte,192.0,False,192.0
2014,Julho,7,2014-07-01,Roraima,Norte,9.0,False,9.0
2014,Julho,7,2014-07-01,Santa Catarina,Sul,82.0,False,82.0
2014,Julho,7,2014-07-01,Sao Paulo,Sudeste,476.0,True,278.0
2014,Julho,7,2014-07-01,Sergipe,Nordeste,0.0,False,0.0
2014,Julho,7,2014-07-01,Tocantins,Norte,1.404,False,1.404
2014,Agosto,8,2014-08-01,Acre,Norte,1.1,False,1.1
2014,Agosto,8,2014-08-01,Alagoas,Nordeste,3.0,False,3.0
2014,Agosto,8,2014-08-01,Amapa,Norte,18.0,False,18.0
2014,Agosto,8,2014-08-01,Amazonas,Norte,3.852,False,3.852
2014,Agosto,8,2014-08-01,Bahia,Nordeste,674.0,True,278.0
2014,Agosto,8,2014-08-01,Ceara,Nordeste,155.0,False,155.0
2014,Agosto,8,2014-08-01,Distrito Federal,Centro-Oeste,99.0,False,99.0
2014,Agosto,8,2014-08-01,Espirito Santo,Sudeste,47.0,False,47.0
2014,Agosto,8,2014-08-01,Goias,Centro-Oeste,1.255,False,1.255
2014,Agosto,8,2014-08-01,Maranhao,Nordeste,5.592,False,5.592
2014,Agosto,8,2014-08-01,Mato Grosso,Centro-Oeste,7.167,False,7.167
2014,Agosto,8,2014-08-01,Mato Grosso,Centro-Oeste,312.0,True,278.0
2014,Agosto,8,2014-08-01,Minas Gerais,Sudeste,1.952,False,1.952
2014,Agosto,8,2014-08-01,Para,Norte,8.555,False,8.555
2014,Agosto,8,2014-08-01,Paraiba,Nordeste,30.0,False,30.0
2014,Agosto,8,2014-08-01,Paraiba,Nordeste,646.0,True,278.0
2014,Agosto,8,2014-08-01,Pernambuco,Nordeste,23.0,False,23.0
2014,Agosto,8,2014-08-01,Piau,Nordeste,2.265,False,2.265
2014,Agosto,8,2014-08-01,Rio,Sudeste,199.0,False,199.0
2014,Agosto,8,2014-08-01,Rio,Sudeste,21.0,False,21.0
2014,Agosto,8,2014-08-01,Rio,Sudeste,1.168,False,1.168
2014,Agosto,8,2014-08-01,Rondonia,Norte,3.038,False,3.038
2014,Agosto,8,2014-08-01,Roraima,Norte,12.0,False,12.0
2014,Agosto,8,2014-08-01,Santa Catarina,Sul,459.0,True,278.0
2014,Agosto,8,2014-08-01,Sao Paulo,Sudeste,1.458,False,1.458
2014,Agosto,8,2014-08-01,Sergipe,Nordeste,0.0,False,0.0
2014,Agosto,8,2014-08-01,Tocantins,Norte,2.917,False,2.917
2014,Setembro,9,2014-09-01,Acre,Norte,2.175,False,2.175
2014,Setembro,9,2014-09-01,Alagoas,Nordeste,11.0,False,11.0
2014,Setembro,9,2014-09-01,Amapa,Norte,137.0,False,137.0
2014,Setembro,9,2014-09-01,Amazonas,Norte,3.057,False,3.057
2014,Setembro,9,2014-09-01,Bahia,Nordeste,2.604,False,2.604
2014,Setembro,9,2014-09-01,Ceara,Nordeste,155.0,False,155.0
2014,Setembro,9,2014-09-01,Distrito Federal,Centro-Oeste,72.0,False,72.0
2014,Setembro,9,2014-09-01,Espirito Santo,Sudeste,61.0,False,61.0
2014,Setembro,9,2014-09-01,Goias,Centro-Oeste,1.687,False,1.687
2014,Setembro,9,2014-09-01,Maranhao,Nordeste,4.373,False,4.373
2014,Setembro,9,2014-09-01,Mato Grosso,Centro-Oeste,7.081,False,7.081
2014,Setembro,9,2014-09-01,Mato Grosso,Centro-Oeste,365.0,True,278.0
2014,Setembro,9,2014-09-01,Minas Gerais,Sudeste,3.454,False,3.454
2014,Setembro,9,2014-09-01,Para,Norte,6.787,False,6.787
2014,Setembro,9,2014-09-01,Paraiba,Nordeste,51.0,False,51.0
2014,Setembro,9,2014-09-01,Paraiba,Nordeste,443.0,True,278.0
2014,Setembro,9,2014-09-01,Pernambuco,Nordeste,63.0,False,63.0
2014,Setembro,9,2014-09-01,Piau,Nordeste,2.536,False,2.536
2014,Setembro,9,2014-09-01,Rio,Sudeste,318.0,True,278.0
2014,Setembro,9,2014-09-01,Rio,Sudeste,30.0,False,30.0
2014,Setembro,9,2014-09-01,Rio,Sudeste,224.0,False,224.0
2014,Setembro,9,2014-09-01,Rondonia,Norte,2.8,False,2.8
2014,Setembro,9,2014-09-01,Roraima,Norte,67.0,False,67.0
2014,Setembro,9,2014-09-01,Santa Catarina,Sul,208.0,False,208.0
2014,Setembro,9,2014-09-01,Sao Paulo,Sudeste,882.0,True,278.0
2014,Setembro,9,2014-09-01,Sergipe,Nordeste,4.0,False,4.0
2014,Setembro,9,2014-09-01,Tocantins,Norte,3.52,False,3.52
2014,Outubro,10,2014-10-01,Acre,Norte,406.0,True,278.0
2014,Outubro,10,2014-10-01,Alagoas,Nordeste,7.0,False,7.0
2014,Outubro,10,2014-10-01,Amapa,Norte,480.0,True,278.0
2014,Outubro,10,2014-10-01,Amazonas,Norte,952.0,True,278.0
2014,Outubro,10,2014-10-01,Bahia,Nordeste,2.763,False,2.763
2014,Outubro,10,2014-10-01,Ceara,Nordeste,517.0,True,278.0
2014,Outubro,10,2014-10-01,Distrito Federal,Centro-Oeste,34.0,False,34.0
2014,Outubro,10,2014-10-01,Espirito Santo,Sudeste,89.0,False,89.0
2014,Outubro,10,2014-10-01,Goias,Centro-Oeste,1.947,False,1.947
2014,Outubro,10,2014-10-01,Maranhao,Nordeste,5.812,False,5.812
2014,Outubro,10,2014-10-01,Mato Grosso,Centro-Oeste,5.281,False,5.281
2014,Outubro,10,2014-10-01,Mato Grosso,Centro-Oeste,581.0,True,278.0
2014,Outubro,10,2014-10-01,Minas Gerais,Sudeste,4.735,False,4.735
2014,Outubro,10,2014-10-01,Para,Norte,6.448,False,6.448
2014,Outubro,10,2014-10-01,Paraiba,Nordeste,70.0,False,70.0
2014,Outubro,10,2014-10-01,Paraiba,Nordeste,411.0,True,278.0
2014,Outubro,10,2014-10-01,Pernambuco,Nordeste,174.0,False,174.0
2014,Outubro,10,2014-10-01,Piau,Nordeste,1.788,False,1.788
2014,Outubro,10,2014-10-01,Rio,Sudeste,500.0,True,278.0
2014,Outubro,10,2014-10-01,Rio,Sudeste,75.0,False,75.0
2014,Outubro,10,2014-10-01,Rio,Sudeste,110.0,False,110.0
2014,Outubro,10,2014-10-01,Rondonia,Norte,1.063,False,1.063
2014,Outubro,10,2014-10-01,Roraima,Norte,61.0,False,61.0
2014,Outubro,10,2014-10-01,Santa Catarina,Sul,122.0,False,122.0
2014,Outubro,10,2014-10-01,Sao Paulo,Sudeste,887.0,True,278.0
2014,Outubro,10,2014-10-01,Sergipe,Nordeste,3.0,False,3.0
2014,Outubro,10,2014-10-01,Tocantins,Norte,4.0,False,4.0
2014,Novembro,11,2014-11-01,Acre,Norte,56.0,False,56.0
2014,Novembro,11,2014-11-01,Alagoas,Nordeste,14.0,False,14.0
2014,Novembro,11,2014-11-01,Amapa,Norte,484.0,True,278.0
2014,Novembro,11,2014-11-01,Amazonas,Norte,676.0,True,278.0
2014,Novembro,11,2014-11-01,Bahia,Nordeste,348.0,True,278.0
2014,Novembro,11,2014-11-01,Ceara,Nordeste,829.0,True,278.0
2014,Novembro,11,2014-11-01,Distrito Federal,Centro-Oeste,0.0,False,0.0
2014,Novembro,11,2014-11-01,Espirito Santo,Sudeste,20.0,False,20.0
2014,Novembro,11,2014-11-01,Goias,Centro-Oeste,181.0,False,181.0
2014,Novembro,11,2014-11-01,Maranhao,Nordeste,3.869,False,3.869
2014,Novembro,11,2014-11-01,Mato Grosso,Centro-Oeste,1.018,False,1.018
2014,Novembro,11,2014-11-01,Mato Grosso,Centro-Oeste,190.0,False,190.0
2014,Novembro,11,2014-11-01,Minas Gerais,Sudeste,398.0,True,278.0
2014,Novembro,11,2014-11-01,Para,Norte,7.767,False,7.767
2014,Novembro,11,2014-11-01,Paraiba,Nordeste,111.0,False,111.0
2014,Novembro,11,2014-11-01,Paraiba,Nordeste,68.0,False,68.0
2014,Novembro,11,2014-11-01,Pernambuco,Nordeste,111.0,False,111.0
2014,Novembro,11,2014-11-01,Piau,Nordeste,717.0,True,278.0
2014,Novembro,11,2014-11-01,Rio,Sudeste,36.0,False,36.0
2014,Novembro,11,2014-11-01,Rio,Sudeste,124.0,False,124.0
2014,Novembro,11,2014-11-01,Rio,Sudeste,68.0,False,68.0
2014,Novembro,11,2014-11-01,Rondonia,Norte,202.0,False,202.0
2014,Novembro,11,2014-11-01,Roraima,Norte,143.0,False,143.0
2014,Novembro,11,2014-11-01,Santa Catarina,Sul,43.0,False,43.0
2014,Novembro,11,2014-11-01,Sao Paulo,Sudeste,56.0,False,56.0
2014,Novembro,11,2014-11-01,Sergipe,Nordeste,9.0,False,9.0
2014,Novembro,11,2014-11-01,Tocantins,Norte,451.0,True,278.0
2014,Dezembro,12,2014-12-01,Acre,Norte,6.0,False,6.0
2014,Dezembro,12,2014-12-01,Alagoas,Nordeste,24.0,False,24.0
2014,Dezembro,12,2014-12-01,Amapa,Norte,354.0,True,278.0
2014,Dezembro,12,2014-12-01,Amazonas,Norte,293.0,True,278.0
2014,Dezembro,12,2014-12-01,Bahia,Nordeste,144.0,False,144.0
2014,Dezembro,12,2014-12-01,Ceara,Nordeste,643.0,True,278.0
2014,Dezembro,12,2014-12-01,Distrito Federal,Centro-Oeste,0.0,False,0.0
2014,Dezembro,12,2014-12-01,Espirito Santo,Sudeste,28.0,False,28.0
2014,Dezembro,12,2014-12-01,Goias,Centro-Oeste,68.0,False,68.0
2014,Dezembro,12,2014-12-01,Maranhao,Nordeste,2.4,False,2.4
2014,Dezembro,12,2014-12-01,Mato Grosso,Centro-Oeste,466.0,True,278.0
2014,Dezembro,12,2014-12-01,Mato Grosso,Centro-Oeste,84.0,False,84.0
2014,Dezembro,12,2014-12-01,Minas Gerais,Sudeste,155.0,False,155.0
2014,Dezembro,12,2014-12-01,Para,Norte,4.828,False,4.828
2014,Dezembro,12,2014-12-01,Paraiba,Nordeste,62.0,False,62.0
2014,Dezembro,12,2014-12-01,Paraiba,Nordeste,78.0,False,78.0
2014,Dezembro,12,2014-12-01,Pernambuco,Nordeste,101.0,False,101.0
2014,Dezembro,12,2014-12-01,Piau,Nordeste,346.0,True,278.0
2014,Dezembro,12,2014-12-01,Rio,Sudeste,25.0,False,25.0
2014,Dezembro,12,2014-12-01,Rio,Sudeste,47.0,False,47.0
2014,Dezembro,12,2014-12-01,Rio,Sudeste,31.0,False,31.0
2014,Dezembro,12,2014-12-01,Rondonia,Norte,144.0,False,144.0
2014,Dezembro,12,2014-12-01,Roraima,Norte,277.0,False,277.0
2014,Dezembro,12,2014-12-01,Santa Catarina,Sul,45.0,False,45.0
2014,Dezembro,12,2014-12-01,Sao Paulo,Sudeste,57.0,False,57.0
2014,Dezembro,12,2014-12-01,Sergipe,Nordeste,9.0,False,9.0
2014,Dezembro,12,2014-12-01,Tocantins,Norte,223.0,False,223.0
2015,Janeiro,1,2015-01-01,Acre,Norte,1.0,False,1.0
2015,Janeiro,1,2015-01-01,Alagoas,Nordeste,81.0,False,81.0
2015,Janeiro,1,2015-01-01,Amapa,Norte,14.0,False,14.0
2015,Janeiro,1,2015-01-01,Amazonas,Norte,35.0,False,35.0
2015,Janeiro,1,2015-01-01,Bahia,Nordeste,256.0,False,256.0
2015,Janeiro,1,2015-01-01,Ceara,Nordeste,207.0,False,207.0
2015,Janeiro,1,2015-01-01,Distrito Federal,Centro-Oeste,1.0,False,1.0
2015,Janeiro,1,2015-01-01,Espirito Santo,Sudeste,76.0,False,76.0
2015,Janeiro,1,2015-01-01,Goias,Centro-Oeste,118.0,False,118.0
2015,Janeiro,1,2015-01-01,Maranhao,Nordeste,494.0,True,278.0
2015,Janeiro,1,2015-01-01,Mato Grosso,Centro-Oeste,960.0,True,278.0
2015,Janeiro,1,2015-01-01,Mato Grosso,Centro-Oeste,226.0,False,226.0
2015,Janeiro,1,2015-01-01,Minas Gerais,Sudeste,147.0,False,147.0
2015,Janeiro,1,2015-01-01,Para,Norte,725.0,True,278.0
2015,Janeiro,1,2015-01-01,Paraiba,Nordeste,42.0,False,42.0
2015,Janeiro,1,2015-01-01,Paraiba,Nordeste,120.0,False,120.0
2015,Janeiro,1,2015-01-01,Pernambuco,Nordeste,109.0,False,109.0
2015,Janeiro,1,2015-01-01,Piau,Nordeste,92.0,False,92.0
2015,Janeiro,1,2015-01-01,Rio,Sudeste,97.0,False,97.0
2015,Janeiro,1,2015-01-01,Rio,Sudeste,45.0,False,45.0
2015,Janeiro,1,2015-01-01,Rio,Sudeste,51.0,False,51.0
2015,Janeiro,1,2015-01-01,Rondonia,Norte,30.0,False,30.0
2015,Janeiro,1,2015-01-01,Roraima,Norte,330.0,True,278.0
2015,Janeiro,1,2015-01-01,Santa Catarina,Sul,28.0,False,28.0
2015,Janeiro,1,2015-01-01,Sao Paulo,Sudeste,120.0,False,120.0
2015,Janeiro,1,2015-01-01,Sergipe,Nordeste,44.0,False,44.0
2015,Janeiro,1,2015-01-01,Tocantins,Norte,186.0,False,186.0
2015,Fevereiro,2,2015-02-01,Acre,Norte,2.0,False,2.0
2015,Fevereiro,2,2015-02-01,Alagoas,Nordeste,46.0,False,46.0
2015,Fevereiro,2,2015-02-01,Amapa,Norte,1.0,False,1.0
2015,Fevereiro,2,2015-02-01,Amazonas,Norte,107.0,False,107.0
2015,Fevereiro,2,2015-02-01,Bahia,Nordeste,143.0,False,143.0
2015,Fevereiro,2,2015-02-01,Ceara,Nordeste,25.0,False,25.0
2015,Fevereiro,2,2015-02-01,Distrito Federal,Centro-Oeste,0.0,False,0.0
2015,Fevereiro,2,2015-02-01,Espirito Santo,Sudeste,60.0,False,60.0
2015,Fevereiro,2,2015-02-01,Goias,Centro-Oeste,53.0,False,53.0
2015,Fevereiro,2,2015-02-01,Maranhao,Nordeste,95.0,False,95.0
2015,Fevereiro,2,2015-02-01,Mato Grosso,Centro-Oeste,542.0,True,278.0
2015,Fevereiro,2,2015-02-01,Mato Grosso,Centro-Oeste,148.0,False,148.0
2015,Fevereiro,2,2015-02-01,Minas Gerais,Sudeste,84.0,False,84.0
2015,Fevereiro,2,2015-02-01,Para,Norte,108.0,False,108.0
2015,Fevereiro,2,2015-02-01,Paraiba,Nordeste,15.0,False,15.0
2015,Fevereiro,2,2015-02-01,Paraiba,Nordeste,58.0,False,58.0
2015,Fevereiro,2,2015-02-01,Pernambuco,Nordeste,55.0,False,55.0
2015,Fevereiro,2,2015-02-01,Piau,Nordeste,38.0,False,38.0
2015,Fevereiro,2,2015-02-01,Rio,Sudeste,36.0,False,36.0
2015,Fevereiro,2,2015-02-01,Rio,Sudeste,15.0,False,15.0
2015,Fevereiro,2,2015-02-01,Rio,Sudeste,41.0,False,41.0
2015,Fevereiro,2,2015-02-01,Rondonia,Norte,22.0,False,22.0
2015,Fevereiro,2,2015-02-01,Roraima,Norte,418.0,True,278.0
2015,Fevereiro,2,2015-02-01,Santa Catarina,Sul,23.0,False,23.0
2015,Fevereiro,2,2015-02-01,Sao Paulo,Sudeste,69.0,False,69.0
2015,Fevereiro,2,2015-02-01,Sergipe,Nordeste,40.0,False,40.0
2015,Fevereiro,2,2015-02-01,Tocantins,Norte,65.0,False,65.0
2015,Marco,3,2015-03-01,Acre,Norte,2.0,False,2.0
2015,Marco,3,2015-03-01,Alagoas,Nordeste,32.0,False,32.0
2015,Marco,3,2015-03-01,Amapa,Norte,2.0,False,2.0
2015,Marco,3,2015-03-01,Amazonas,Norte,46.0,False,46.0
2015,Marco,3,2015-03-01,Bahia,Nordeste,229.0,False,229.0
2015,Marco,3,2015-03-01,Ceara,Nordeste,20.0,False,20.0
2015,Marco,3,2015-03-01,Distrito Federal,Centro-Oeste,0.0,False,0.0
2015,Marco,3,2015-03-01,Espirito Santo,Sudeste,25.0,False,25.0
2015,Marco,3,2015-03-01,Goias,Centro-Oeste,76.0,False,76.0
2015,Marco,3,2015-03-01,Maranhao,Nordeste,53.0,False,53.0
2015,Marco,3,2015-03-01,Mato Grosso,Centro-Oeste,705.0,True,278.0
2015,Marco,3,2015-03-01,Mato Grosso,Centro-Oeste,190.0,False,190.0
2015,Marco,3,2015-03-01,Minas Gerais,Sudeste,80.0,False,80.0
2015,Marco,3,2015-03-01,Para,Norte,61.0,False,61.0
2015,Marco,3,2015-03-01,Paraiba,Nordeste,7.0,False,7.0
2015,Marco,3,2015-03-01,Paraiba,Nordeste,55.0,False,55.0
2015,Marco,3,2015-03-01,Pernambuco,Nordeste,33.0,False,33.0
2015,Marco,3,2015-03-01,Piau,Nordeste,35.0,False,35.0
2015,Marco,3,2015-03-01,Rio,Sudeste,23.0,False,23.0
2015,Marco,3,2015-03-01,Rio,Sudeste,3.0,False,3.0
2015,Marco,3,2015-03-01,Rio,Sudeste,108.0,False,108.0
2015,Marco,3,2015-03-01,Rondonia,Norte,15.0,False,15.0
2015,Marco,3,2015-03-01,Roraima,Norte,163.0,False,163.0
2015,Marco,3,2015-03-01,Santa Catarina,Sul,37.0,False,37.0
2015,Marco,3,2015-03-01,Sao Paulo,Sudeste,68.0,False,68.0
2015,Marco,3,2015-03-01,Sergipe,Nordeste,49.0,False,49.0
2015,Marco,3,2015-03-01,Tocantins,Norte,85.0,False,85.0
2015,Abril,4,2015-04-01,Acre,Norte,3.0,False,3.0
2015,Abril,4,2015-04-01,Alagoas,Nordeste,63.0,False,63.0
2015,Abril,4,2015-04-01,Amapa,Norte,0.0,False,0.0
2015,Abril,4,2015-04-01,Amazonas,Norte,24.0,False,24.0
2015,Abril,4,2015-04-01,Bahia,Nordeste,190.0,False,190.0
2015,Abril,4,2015-04-01,Ceara,Nordeste,3.0,False,3.0
2015,Abril,4,2015-04-01,Distrito Federal,Centro-Oeste,0.0,False,0.0
2015,Abril,4,2015-04-01,Espirito Santo,Sudeste,33.0,False,33.0
2015,Abril,4,2015-04-01,Goias,Centro-Oeste,89.0,False,89.0
2015,Abril,4,2015-04-01,Maranhao,Nordeste,119.0,False,119.0
2015,Abril,4,2015-04-01,Mato Grosso,Centro-Oeste,947.0,True,278.0
2015,Abril,4,2015-04-01,Mato Grosso,Centro-Oeste,65.0,False,65.0
2015,Abril,4,2015-04-01,Minas Gerais,Sudeste,109.0,False,109.0
2015,Abril,4,2015-04-01,Para,Norte,27.0,False,27.0
2015,Abril,4,2015-04-01,Paraiba,Nordeste,11.0,False,11.0
2015,Abril,4,2015-04-01,Paraiba,Nordeste,83.0,False,83.0
2015,Abril,4,2015-04-01,Pernambuco,Nordeste,30.0,False,30.0
2015,Abril,4,2015-04-01,Piau,Nordeste,50.0,False,50.0
2015,Abril,4,2015-04-01,Rio,Sudeste,24.0,False,24.0
2015,Abril,4,2015-04-01,Rio,Sudeste,4.0,False,4.0
2015,Abril,4,2015-04-01,Rio,Sudeste,175.0,False,175.0
2015,Abril,4,2015-04-01,Rondonia,Norte,15.0,False,15.0
2015,Abril,4,2015-04-01,Roraima,Norte,278.0,False,278.0
2015,Abril,4,2015-04-01,Santa Catarina,Sul,32.0,False,32.0
2015,Abril,4,2015-04-01,Sao Paulo,Sudeste,76.0,False,76.0
2015,Abril,4,2015-04-01,Sergipe,Nordeste,35.0,False,35.0
2015,Abril,4,2015-04-01,Tocantins,Norte,88.0,False,88.0
2015,Maio,5,2015-05-01,Acre,Norte,2.0,False,2.0
2015,Maio,5,2015-05-01,Alagoas,Nordeste,18.0,False,18.0
2015,Maio,5,2015-05-01,Amapa,Norte,0.0,False,0.0
2015,Maio,5,2015-05-01,Amazonas,Norte,10.0,False,10.0
2015,Maio,5,2015-05-01,Bahia,Nordeste,144.0,False,144.0
2015,Maio,5,2015-05-01,Ceara,Nordeste,17.0,False,17.0
2015,Maio,5,2015-05-01,Distrito Federal,Centro-Oeste,2.0,False,2.0
2015,Maio,5,2015-05-01,Espirito Santo,Sudeste,17.0,False,17.0
2015,Maio,5,2015-05-01,Goias,Centro-Oeste,129.0,False,129.0
2015,Maio,5,2015-05-01,Maranhao,Nordeste,194.0,False,194.0
2015,Maio,5,2015-05-01,Mato Grosso,Centro-Oeste,541.0,True,278.0
2015,Maio,5,2015-05-01,Mato Grosso,Centro-Oeste,58.0,False,58.0
2015,Maio,5,2015-05-01,Minas Gerais,Sudeste,114.0,False,114.0
2015,Maio,5,2015-05-01,Para,Norte,95.0,False,95.0
2015,Maio,5,2015-05-01,Paraiba,Nordeste,6.0,False,6.0
2015,Maio,5,2015-05-01,Paraiba,Nordeste,77.0,False,77.0
2015,Maio,5,2015-05-01,Pernambuco,Nordeste,17.0,False,17.0
2015,Maio,5,2015-05-01,Piau,Nordeste,66.0,False,66.0
2015,Maio,5,2015-05-01,Rio,Sudeste,21.0,False,21.0
2015,Maio,5,2015-05-01,Rio,Sudeste,4.0,False,4.0
2015,Maio,5,2015-05-01,Rio,Sudeste,169.0,False,169.0
2015,Maio,5,2015-05-01,Rondonia,Norte,13.0,False,13.0
2015,Maio,5,2015-05-01,Roraima,Norte,12.0,False,12.0
2015,Maio,5,2015-05-01,Santa Catarina,Sul,70.0,False,70.0
2015,Maio,5,2015-05-01,Sao Paulo,Sudeste,65.0,False,65.0
2015,Maio,5,2015-05-01,Sergipe,Nordeste,11.0,False,11.0
2015,Maio,5,2015-05-01,Tocantins,Norte,512.0,True,278.0
2015,Junho,6,2015-06-01,Acre,Norte,40.0,False,40.0
2015,Junho,6,2015-06-01,Alagoas,Nordeste,2.0,False,2.0
2015,Junho,6,2015-06-01,Amapa,Norte,3.0,False,3.0
2015,Junho,6,2015-06-01,Amazonas,Norte,33.0,False,33.0
2015,Junho,6,2015-06-01,Bahia,Nordeste,242.0,False,242.0
2015,Junho,6,2015-06-01,Ceara,Nordeste,22.0,False,22.0
2015,Junho,6,2015-06-01,Distrito Federal,Centro-Oeste,1.0,False,1.0
2015,Junho,6,2015-06-01,Espirito Santo,Sudeste,18.0,False,18.0
2015,Junho,6,2015-06-01,Goias,Centro-Oeste,277.0,False,277.0
2015,Junho,6,2015-06-01,Maranhao,Nordeste,887.0,True,278.0
2015,Junho,6,2015-06-01,Mato Grosso,Centro-Oeste,1.402,False,1.402
2015,Junho,6,2015-06-01,Mato Grosso,Centro-Oeste,299.0,True,278.0
2015,Junho,6,2015-06-01,Minas Gerais,Sudeste,200.0,False,200.0
2015,Junho,6,2015-06-01,Para,Norte,265.0,False,265.0
2015,Junho,6,2015-06-01,Paraiba,Nordeste,0.0,False,0.0
2015,Junho,6,2015-06-01,Paraiba,Nordeste,201.0,False,201.0
2015,Junho,6,2015-06-01,Pernambuco,Nordeste,3.0,False,3.0
2015,Junho,6,2015-06-01,Piau,Nordeste,283.0,True,278.0
2015,Junho,6,2015-06-01,Rio,Sudeste,33.0,False,33.0
2015,Junho,6,2015-06-01,Rio,Sudeste,5.0,False,5.0
2015,Junho,6,2015-06-01,Rio,Sudeste,68.0,False,68.0
2015,Junho,6,2015-06-01,Rondonia,Norte,119.0,False,119.0
2015,Junho,6,2015-06-01,Roraima,Norte,3.0,False,3.0
2015,Junho,6,2015-06-01,Santa Catarina,Sul,104.0,False,104.0
2015,Junho,6,2015-06-01,Sao Paulo,Sudeste,147.0,False,147.0
2015,Junho,6,2015-06-01,Sergipe,Nordeste,3.0,False,3.0
2015,Junho,6,2015-06-01,Tocantins,Norte,1.15,False,1.15
2015,Julho,7,2015-07-01,Acre,Norte,109.0,False,109.0
2015,Julho,7,2015-07-01,Alagoas,Nordeste,0.0,False,0.0
2015,Julho,7,2015-07-01,Amapa,Norte,5.0,False,5.0
2015,Julho,7,2015-07-01,Amazonas,Norte,356.0,True,278.0
2015,Julho,7,2015-07-01,Bahia,Nordeste,306.0,True,278.0
2015,Julho,7,2015-07-01,Ceara,Nordeste,25.0,False,25.0
2015,Julho,7,2015-07-01,Distrito Federal,Centro-Oeste,15.0,False,15.0
2015,Julho,7,2015-07-01,Espirito Santo,Sudeste,30.0,False,30.0
2015,Julho,7,2015-07-01,Goias,Centro-Oeste,347.0,True,278.0
2015,Julho,7,2015-07-01,Maranhao,Nordeste,1.642,False,1.642
2015,Julho,7,2015-07-01,Mato Grosso,Centro-Oeste,1.533,False,1.533
2015,Julho,7,2015-07-01,Mato Grosso,Centro-Oeste,371.0,True,278.0
2015,Julho,7,2015-07-01,Minas Gerais,Sudeste,288.0,True,278.0
2015,Julho,7,2015-07-01,Para,Norte,906.0,True,278.0
2015,Julho,7,2015-07-01,Paraiba,Nordeste,3.0,False,3.0
2015,Julho,7,2015-07-01,Paraiba,Nordeste,137.0,False,137.0
2015,Julho,7,2015-07-01,Pernambuco,Nordeste,13.0,False,13.0
2015,Julho,7,2015-07-01,Piau,Nordeste,690.0,True,278.0
2015,Julho,7,2015-07-01,Rio,Sudeste,74.0,False,74.0
2015,Julho,7,2015-07-01,Rio,Sudeste,3.0,False,3.0
2015,Julho,7,2015-07-01,Rio,Sudeste,60.0,False,60.0
2015,Julho,7,2015-07-01,Rondonia,Norte,423.0,True,278.0
2015,Julho,7,2015-07-01,Roraima,Norte,5.0,False,5.0
2015,Julho,7,2015-07-01,Santa Catarina,Sul,45.0,False,45.0
2015,Julho,7,2015-07-01,Sao Paulo,Sudeste,149.0,False,149.0
2015,Julho,7,2015-07-01,Sergipe,Nordeste,0.0,False,0.0
2015,Julho,7,2015-07-01,Tocantins,Norte,1.217,False,1.217
2015,Agosto,8,2015-08-01,Acre,Norte,1.397,False,1.397
2015,Agosto,8,2015-08-01,Alagoas,Nordeste,3.0,False,3.0
2015,Agosto,8,2015-08-01,Amapa,Norte,40.0,False,40.0
2015,Agosto,8,2015-08-01,Amazonas,Norte,4.564,False,4.564
2015,Agosto,8,2015-08-01,Bahia,Nordeste,829.0,True,278.0
2015,Agosto,8,2015-08-01,Ceara,Nordeste,127.0,False,127.0
2015,Agosto,8,2015-08-01,Distrito Federal,Centro-Oeste,53.0,False,53.0
2015,Agosto,8,2015-08-01,Espirito Santo,Sudeste,35.0,False,35.0
2015,Agosto,8,2015-08-01,Goias,Centro-Oeste,943.0,True,278.0
2015,Agosto,8,2015-08-01,Maranhao,Nordeste,5.428,False,5.428
2015,Agosto,8,2015-08-01,Mato Grosso,Centro-Oeste,5.112,False,5.112
2015,Agosto,8,2015-08-01,Mato Grosso,Centro-Oeste,1.293,False,1.293
2015,Agosto,8,2015-08-01,Minas Gerais,Sudeste,1.059,False,1.059
2015,Agosto,8,2015-08-01,Para,Norte,7.913,False,7.913
2015,Agosto,8,2015-08-01,Paraiba,Nordeste,5.0,False,5.0
2015,Agosto,8,2015-08-01,Paraiba,Nordeste,651.0,True,278.0
2015,Agosto,8,2015-08-01,Pernambuco,Nordeste,21.0,False,21.0
2015,Agosto,8,2015-08-01,Piau,Nordeste,2.057,False,2.057
2015,Agosto,8,2015-08-01,Rio,Sudeste,158.0,False,158.0
2015,Agosto,8,2015-08-01,Rio,Sudeste,16.0,False,16.0
2015,Agosto,8,2015-08-01,Rio,Sudeste,414.0,True,278.0
2015,Agosto,8,2015-08-01,Rondonia,Norte,3.762,False,3.762
2015,Agosto,8,2015-08-01,Roraima,Norte,11.0,False,11.0
2015,Agosto,8,2015-08-01,Santa Catarina,Sul,379.0,True,278.0
2015,Agosto,8,2015-08-01,Sao Paulo,Sudeste,643.0,True,278.0
2015,Agosto,8,2015-08-01,Sergipe,Nordeste,0.0,False,0.0
2015,Agosto,8,2015-08-01,Tocantins,Norte,2.54,False,2.54
2015,Setembro,9,2015-09-01,Acre,Norte,2.928,False,2.928
2015,Setembro,9,2015-09-01,Alagoas,Nordeste,7.0,False,7.0
2015,Setembro,9,2015-09-01,Amapa,Norte,192.0,False,192.0
2015,Setembro,9,2015-09-01,Amazonas,Norte,5.882,False,5.882
2015,Setembro,9,2015-09-01,Bahia,Nordeste,7.956,False,7.956
2015,Setembro,9,2015-09-01,Ceara,Nordeste,214.0,False,214.0
2015,Setembro,9,2015-09-01,Distrito Federal,Centro-Oeste,76.0,False,76.0
2015,Setembro,9,2015-09-01,Espirito Santo,Sudeste,228.0,False,228.0
2015,Setembro,9,2015-09-01,Goias,Centro-Oeste,2.296,False,2.296
2015,Setembro,9,2015-09-01,Maranhao,Nordeste,6.423,False,6.423
2015,Setembro,9,2015-09-01,Mato Grosso,Centro-Oeste,11.068,False,11.068
2015,Setembro,9,2015-09-01,Mato Grosso,Centro-Oeste,1.482,False,1.482
2015,Setembro,9,2015-09-01,Minas Gerais,Sudeste,3.088,False,3.088
2015,Setembro,9,2015-09-01,Para,Norte,11.068,False,11.068
2015,Setembro,9,2015-09-01,Paraiba,Nordeste,48.0,False,48.0
2015,Setembro,9,2015-09-01,Paraiba,Nordeste,599.0,True,278.0
2015,Setembro,9,2015-09-01,Pernambuco,Nordeste,116.0,False,116.0
2015,Setembro,9,2015-09-01,Piau,Nordeste,5.828,False,5.828
2015,Setembro,9,2015-09-01,Rio,Sudeste,85.0,False,85.0
2015,Setembro,9,2015-09-01,Rio,Sudeste,36.0,False,36.0
2015,Setembro,9,2015-09-01,Rio,Sudeste,222.0,False,222.0
2015,Setembro,9,2015-09-01,Rondonia,Norte,6.129,False,6.129
2015,Setembro,9,2015-09-01,Roraima,Norte,77.0,False,77.0
2015,Setembro,9,2015-09-01,Santa Catarina,Sul,156.0,False,156.0
2015,Setembro,9,2015-09-01,Sao Paulo,Sudeste,368.0,True,278.0
2015,Setembro,9,2015-09-01,Sergipe,Nordeste,1.0,False,1.0
2015,Setembro,9,2015-09-01,Tocantins,Norte,5.51,False,5.51
2015,Outubro,10,2015-10-01,Acre,Norte,905.0,True,278.0
2015,Outubro,10,2015-10-01,Alagoas,Nordeste,40.0,False,40.0
2015,Outubro,10,2015-10-01,Amapa,Norte,827.0,True,278.0
2015,Outubro,10,2015-10-01,Amazonas,Norte,2.494,False,2.494
2015,Outubro,10,2015-10-01,Bahia,Nordeste,4.989,False,4.989
2015,Outubro,10,2015-10-01,Ceara,Nordeste,658.0,True,278.0
2015,Outubro,10,2015-10-01,Distrito Federal,Centro-Oeste,21.0,False,21.0
2015,Outubro,10,2015-10-01,Espirito Santo,Sudeste,307.0,True,278.0
2015,Outubro,10,2015-10-01,Goias,Centro-Oeste,1.807,False,1.807
2015,Outubro,10,2015-10-01,Maranhao,Nordeste,6.746,False,6.746
2015,Outubro,10,2015-10-01,Mato Grosso,Centro-Oeste,6.49,False,6.49
2015,Outubro,10,2015-10-01,Mato Grosso,Centro-Oeste,507.0,True,278.0
2015,Outubro,10,2015-10-01,Minas Gerais,Sudeste,3.708,False,3.708
2015,Outubro,10,2015-10-01,Para,Norte,7.781,False,7.781
2015,Outubro,10,2015-10-01,Paraiba,Nordeste,121.0,False,121.0
2015,Outubro,10,2015-10-01,Paraiba,Nordeste,158.0,False,158.0
2015,Outubro,10,2015-10-01,Pernambuco,Nordeste,194.0,False,194.0
2015,Outubro,10,2015-10-01,Piau,Nordeste,4.068,False,4.068
2015,Outubro,10,2015-10-01,Rio,Sudeste,96.0,False,96.0
2015,Outubro,10,2015-10-01,Rio,Sudeste,129.0,False,129.0
2015,Outubro,10,2015-10-01,Rio,Sudeste,70.0,False,70.0
2015,Outubro,10,2015-10-01,Rondonia,Norte,2.598,False,2.598
2015,Outubro,10,2015-10-01,Roraima,Norte,181.0,False,181.0
2015,Outubro,10,2015-10-01,Santa Catarina,Sul,21.0,False,21.0
2015,Outubro,10,2015-10-01,Sao Paulo,Sudeste,213.0,False,213.0
2015,Outubro,10,2015-10-01,Sergipe,Nordeste,6.0,False,6.0
2015,Outubro,10,2015-10-01,Tocantins,Norte,4.844,False,4.844
2015,Novembro,11,2015-11-01,Acre,Norte,115.0,False,115.0
2015,Novembro,11,2015-11-01,Alagoas,Nordeste,162.0,False,162.0
2015,Novembro,11,2015-11-01,Amapa,Norte,1.3,False,1.3
2015,Novembro,11,2015-11-01,Amazonas,Norte,1.054,False,1.054
2015,Novembro,11,2015-11-01,Bahia,Nordeste,1.705,False,1.705
2015,Novembro,11,2015-11-01,Ceara,Nordeste,1.081,False,1.081
2015,Novembro,11,2015-11-01,Distrito Federal,Centro-Oeste,3.0,False,3.0
2015,Novembro,11,2015-11-01,Espirito Santo,Sudeste,141.0,False,141.0
2015,Novembro,11,2015-11-01,Goias,Centro-Oeste,547.0,True,278.0
2015,Novembro,11,2015-11-01,Maranhao,Nordeste,4.35,False,4.35
2015,Novembro,11,2015-11-01,Mato Grosso,Centro-Oeste,1.93,False,1.93
2015,Novembro,11,2015-11-01,Mato Grosso,Centro-Oeste,276.0,False,276.0
2015,Novembro,11,2015-11-01,Minas Gerais,Sudeste,1.453,False,1.453
2015,Novembro,11,2015-11-01,Para,Norte,9.643,False,9.643
2015,Novembro,11,2015-11-01,Paraiba,Nordeste,206.0,False,206.0
2015,Novembro,11,2015-11-01,Paraiba,Nordeste,18.0,False,18.0
2015,Novembro,11,2015-11-01,Pernambuco,Nordeste,315.0,True,278.0
2015,Novembro,11,2015-11-01,Piau,Nordeste,897.0,True,278.0
2015,Novembro,11,2015-11-01,Rio,Sudeste,6.0,False,6.0
2015,Novembro,11,2015-11-01,Rio,Sudeste,105.0,False,105.0
2015,Novembro,11,2015-11-01,Rio,Sudeste,30.0,False,30.0
2015,Novembro,11,2015-11-01,Rondonia,Norte,1.002,False,1.002
2015,Novembro,11,2015-11-01,Roraima,Norte,280.0,True,278.0
2015,Novembro,11,2015-11-01,Santa Catarina,Sul,9.0,False,9.0
2015,Novembro,11,2015-11-01,Sao Paulo,Sudeste,21.0,False,21.0
2015,Novembro,11,2015-11-01,Sergipe,Nordeste,47.0,False,47.0
2015,Novembro,11,2015-11-01,Tocantins,Norte,833.0,True,278.0
2015,Dezembro,12,2015-12-01,Acre,Norte,8.0,False,8.0
2015,Dezembro,12,2015-12-01,Alagoas,Nordeste,136.0,False,136.0
2015,Dezembro,12,2015-12-01,Amapa,Norte,269.0,False,269.0
2015,Dezembro,12,2015-12-01,Amazonas,Norte,565.0,True,278.0
2015,Dezembro,12,2015-12-01,Bahia,Nordeste,1.408,False,1.408
2015,Dezembro,12,2015-12-01,Ceara,Nordeste,1.021,False,1.021
2015,Dezembro,12,2015-12-01,Distrito Federal,Centro-Oeste,0.0,False,0.0
2015,Dezembro,12,2015-12-01,Espirito Santo,Sudeste,61.0,False,61.0
2015,Dezembro,12,2015-12-01,Goias,Centro-Oeste,179.0,False,179.0
2015,Dezembro,12,2015-12-01,Maranhao,Nordeste,3.706,False,3.706
2015,Dezembro,12,2015-12-01,Mato Grosso,Centro-Oeste,1.777,False,1.777
2015,Dezembro,12,2015-12-01,Mato Grosso,Centro-Oeste,394.0,True,278.0
2015,Dezembro,12,2015-12-01,Minas Gerais,Sudeste,295.0,True,278.0
2015,Dezembro,12,2015-12-01,Para,Norte,6.61,False,6.61
2015,Dezembro,12,2015-12-01,Paraiba,Nordeste,122.0,False,122.0
2015,Dezembro,12,2015-12-01,Paraiba,Nordeste,30.0,False,30.0
2015,Dezembro,12,2015-12-01,Pernambuco,Nordeste,176.0,False,176.0
2015,Dezembro,12,2015-12-01,Piau,Nordeste,626.0,True,278.0
2015,Dezembro,12,2015-12-01,Rio,Sudeste,11.0,False,11.0
2015,Dezembro,12,2015-12-01,Rio,Sudeste,74.0,False,74.0
2015,Dezembro,12,2015-12-01,Rio,Sudeste,42.0,False,42.0
2015,Dezembro,12,2015-12-01,Rondonia,Norte,282.0,True,278.0
2015,Dezembro,12,2015-12-01,Roraima,Norte,304.0,True,278.0
2015,Dezembro,12,2015-12-01,Santa Catarina,Sul,19.0,False,19.0
2015,Dezembro,12,2015-12-01,Sao Paulo,Sudeste,45.0,False,45.0
2015,Dezembro,12,2015-12-01,Sergipe,Nordeste,63.0,False,63.0
2015,Dezembro,12,2015-12-01,Tocantins,Norte,373.0,True,278.0
2016,Janeiro,1,2016-01-01,Acre,Norte,12.0,False,12.0
2016,Janeiro,1,2016-01-01,Alagoas,Nordeste,24.0,False,24.0
2016,Janeiro,1,2016-01-01,Amapa,Norte,19.0,False,19.0
2016,Janeiro,1,2016-01-01,Amazonas,Norte,770.0,True,278.0
2016,Janeiro,1,2016-01-01,Bahia,Nordeste,285.0,True,278.0
2016,Janeiro,1,2016-01-01,Ceara,Nordeste,100.0,False,100.0
2016,Janeiro,1,2016-01-01,Distrito Federal,Centro-Oeste,1.0,False,1.0
2016,Janeiro,1,2016-01-01,Espirito Santo,Sudeste,43.0,False,43.0
2016,Janeiro,1,2016-01-01,Goias,Centro-Oeste,52.0,False,52.0
2016,Janeiro,1,2016-01-01,Maranhao,Nordeste,412.0,True,278.0
2016,Janeiro,1,2016-01-01,Mato Grosso,Centro-Oeste,374.0,True,278.0
2016,Janeiro,1,2016-01-01,Mato Grosso,Centro-Oeste,127.0,False,127.0
2016,Janeiro,1,2016-01-01,Minas Gerais,Sudeste,61.0,False,61.0
2016,Janeiro,1,2016-01-01,Para,Norte,1.322,False,1.322
2016,Janeiro,1,2016-01-01,Paraiba,Nordeste,18.0,False,18.0
2016,Janeiro,1,2016-01-01,Paraiba,Nordeste,113.0,False,113.0
2016,Janeiro,1,2016-01-01,Pernambuco,Nordeste,24.0,False,24.0
2016,Janeiro,1,2016-01-01,Piau,Nordeste,94.0,False,94.0
2016,Janeiro,1,2016-01-01,Rio,Sudeste,9.0,False,9.0
2016,Janeiro,1,2016-01-01,Rio,Sudeste,15.0,False,15.0
2016,Janeiro,1,2016-01-01,Rio,Sudeste,68.0,False,68.0
2016,Janeiro,1,2016-01-01,Rondonia,Norte,93.0,False,93.0
2016,Janeiro,1,2016-01-01,Roraima,Norte,1.754,False,1.754
2016,Janeiro,1,2016-01-01,Santa Catarina,Sul,53.0,False,53.0
2016,Janeiro,1,2016-01-01,Sao Paulo,Sudeste,85.0,False,85.0
2016,Janeiro,1,2016-01-01,Sergipe,Nordeste,9.0,False,9.0
2016,Janeiro,1,2016-01-01,Tocantins,Norte,42.0,False,42.0
2016,Fevereiro,2,2016-02-01,Acre,Norte,5.0,False,5.0
2016,Fevereiro,2,2016-02-01,Alagoas,Nordeste,14.0,False,14.0
2016,Fevereiro,2,2016-02-01,Amapa,Norte,1.0,False,1.0
2016,Fevereiro,2,2016-02-01,Amazonas,Norte,275.0,False,275.0
2016,Fevereiro,2,2016-02-01,Bahia,Nordeste,418.0,True,278.0
2016,Fevereiro,2,2016-02-01,Ceara,Nordeste,13.0,False,13.0
2016,Fevereiro,2,2016-02-01,Distrito Federal,Centro-Oeste,2.0,False,2.0
2016,Fevereiro,2,2016-02-01,Espirito Santo,Sudeste,24.0,False,24.0
2016,Fevereiro,2,2016-02-01,Goias,Centro-Oeste,117.0,False,117.0
2016,Fevereiro,2,2016-02-01,Maranhao,Nordeste,318.0,True,278.0
2016,Fevereiro,2,2016-02-01,Mato Grosso,Centro-Oeste,1.05,False,1.05
2016,Fevereiro,2,2016-02-01,Mato Grosso,Centro-Oeste,187.0,False,187.0
2016,Fevereiro,2,2016-02-01,Minas Gerais,Sudeste,207.0,False,207.0
2016,Fevereiro,2,2016-02-01,Para,Norte,430.0,True,278.0
2016,Fevereiro,2,2016-02-01,Paraiba,Nordeste,4.0,False,4.0
2016,Fevereiro,2,2016-02-01,Paraiba,Nordeste,31.0,False,31.0
2016,Fevereiro,2,2016-02-01,Pernambuco,Nordeste,19.0,False,19.0
2016,Fevereiro,2,2016-02-01,Piau,Nordeste,97.0,False,97.0
2016,Fevereiro,2,2016-02-01,Rio,Sudeste,16.0,False,16.0
2016,Fevereiro,2,2016-02-01,Rio,Sudeste,2.0,False,2.0
2016,Fevereiro,2,2016-02-01,Rio,Sudeste,55.0,False,55.0
2016,Fevereiro,2,2016-02-01,Rondonia,Norte,88.0,False,88.0
2016,Fevereiro,2,2016-02-01,Roraima,Norte,171.0,False,171.0
2016,Fevereiro,2,2016-02-01,Santa Catarina,Sul,10.0,False,10.0
2016,Fevereiro,2,2016-02-01,Sao Paulo,Sudeste,188.0,False,188.0
2016,Fevereiro,2,2016-02-01,Sergipe,Nordeste,22.0,False,22.0
2016,Fevereiro,2,2016-02-01,Tocantins,Norte,383.0,True,278.0
2016,Marco,3,2016-03-01,Acre,Norte,0.0,False,0.0
2016,Marco,3,2016-03-01,Alagoas,Nordeste,9.0,False,9.0
2016,Marco,3,2016-03-01,Amapa,Norte,5.0,False,5.0
2016,Marco,3,2016-03-01,Amazonas,Norte,140.0,False,140.0
2016,Marco,3,2016-03-01,Bahia,Nordeste,281.0,True,278.0
2016,Marco,3,2016-03-01,Ceara,Nordeste,4.0,False,4.0
2016,Marco,3,2016-03-01,Distrito Federal,Centro-Oeste,1.0,False,1.0
2016,Marco,3,2016-03-01,Espirito Santo,Sudeste,107.0,False,107.0
2016,Marco,3,2016-03-01,Goias,Centro-Oeste,136.0,False,136.0
2016,Marco,3,2016-03-01,Maranhao,Nordeste,113.0,False,113.0
2016,Marco,3,2016-03-01,Mato Grosso,Centro-Oeste,1.085,False,1.085
2016,Marco,3,2016-03-01,Mato Grosso,Centro-Oeste,143.0,False,143.0
2016,Marco,3,2016-03-01,Minas Gerais,Sudeste,123.0,False,123.0
2016,Marco,3,2016-03-01,Para,Norte,81.0,False,81.0
2016,Marco,3,2016-03-01,Paraiba,Nordeste,1.0,False,1.0
2016,Marco,3,2016-03-01,Paraiba,Nordeste,63.0,False,63.0
2016,Marco,3,2016-03-01,Pernambuco,Nordeste,4.0,False,4.0
2016,Marco,3,2016-03-01,Piau,Nordeste,53.0,False,53.0
2016,Marco,3,2016-03-01,Rio,Sudeste,16.0,False,16.0
2016,Marco,3,2016-03-01,Rio,Sudeste,1.0,False,1.0
2016,Marco,3,2016-03-01,Rio,Sudeste,30.0,False,30.0
2016,Marco,3,2016-03-01,Rondonia,Norte,25.0,False,25.0
2016,Marco,3,2016-03-01,Roraima,Norte,1.081,False,1.081
2016,Marco,3,2016-03-01,Santa Catarina,Sul,21.0,False,21.0
2016,Marco,3,2016-03-01,Sao Paulo,Sudeste,82.0,False,82.0
2016,Marco,3,2016-03-01,Sergipe,Nordeste,26.0,False,26.0
2016,Marco,3,2016-03-01,Tocantins,Norte,165.0,False,165.0
2016,Abril,4,2016-04-01,Acre,Norte,0.0,False,0.0
2016,Abril,4,2016-04-01,Alagoas,Nordeste,13.0,False,13.0
2016,Abril,4,2016-04-01,Amapa,Norte,0.0,False,0.0
2016,Abril,4,2016-04-01,Amazonas,Norte,22.0,False,22.0
2016,Abril,4,2016-04-01,Bahia,Nordeste,217.0,False,217.0
2016,Abril,4,2016-04-01,Ceara,Nordeste,10.0,False,10.0
2016,Abril,4,2016-04-01,Distrito Federal,Centro-Oeste,5.0,False,5.0
2016,Abril,4,2016-04-01,Espirito Santo,Sudeste,57.0,False,57.0
2016,Abril,4,2016-04-01,Goias,Centro-Oeste,167.0,False,167.0
2016,Abril,4,2016-04-01,Maranhao,Nordeste,113.0,False,113.0
2016,Abril,4,2016-04-01,Mato Grosso,Centro-Oeste,1.77,False,1.77
2016,Abril,4,2016-04-01,Mato Grosso,Centro-Oeste,161.0,False,161.0
2016,Abril,4,2016-04-01,Minas Gerais,Sudeste,172.0,False,172.0
2016,Abril,4,2016-04-01,Para,Norte,66.0,False,66.0
2016,Abril,4,2016-04-01,Paraiba,Nordeste,1.0,False,1.0
2016,Abril,4,2016-04-01,Paraiba,Nordeste,167.0,False,167.0
2016,Abril,4,2016-04-01,Pernambuco,Nordeste,8.0,False,8.0
2016,Abril,4,2016-04-01,Piau,Nordeste,35.0,False,35.0
2016,Abril,4,2016-04-01,Rio,Sudeste,45.0,False,45.0
2016,Abril,4,2016-04-01,Rio,Sudeste,0.0,False,0.0
2016,Abril,4,2016-04-01,Rio,Sudeste,32.0,False,32.0
2016,Abril,4,2016-04-01,Rondonia,Norte,59.0,False,59.0
2016,Abril,4,2016-04-01,Roraima,Norte,126.0,False,126.0
2016,Abril,4,2016-04-01,Santa Catarina,Sul,36.0,False,36.0
2016,Abril,4,2016-04-01,Sao Paulo,Sudeste,307.0,True,278.0
2016,Abril,4,2016-04-01,Sergipe,Nordeste,14.0,False,14.0
2016,Abril,4,2016-04-01,Tocantins,Norte,369.0,True,278.0
2016,Maio,5,2016-05-01,Acre,Norte,21.0,False,21.0
2016,Maio,5,2016-05-01,Alagoas,Nordeste,4.0,False,4.0
2016,Maio,5,2016-05-01,Amapa,Norte,1.0,False,1.0
2016,Maio,5,2016-05-01,Amazonas,Norte,30.0,False,30.0
2016,Maio,5,2016-05-01,Bahia,Nordeste,259.0,False,259.0
2016,Maio,5,2016-05-01,Ceara,Nordeste,8.0,False,8.0
2016,Maio,5,2016-05-01,Distrito Federal,Centro-Oeste,15.0,False,15.0
2016,Maio,5,2016-05-01,Espirito Santo,Sudeste,48.0,False,48.0
2016,Maio,5,2016-05-01,Goias,Centro-Oeste,233.0,False,233.0
2016,Maio,5,2016-05-01,Maranhao,Nordeste,206.0,False,206.0
2016,Maio,5,2016-05-01,Mato Grosso,Centro-Oeste,1.081,False,1.081
2016,Maio,5,2016-05-01,Mato Grosso,Centro-Oeste,97.0,False,97.0
2016,Maio,5,2016-05-01,Minas Gerais,Sudeste,186.0,False,186.0
2016,Maio,5,2016-05-01,Para,Norte,154.0,False,154.0
2016,Maio,5,2016-05-01,Paraiba,Nordeste,1.0,False,1.0
2016,Maio,5,2016-05-01,Paraiba,Nordeste,72.0,False,72.0
2016,Maio,5,2016-05-01,Pernambuco,Nordeste,6.0,False,6.0
2016,Maio,5,2016-05-01,Piau,Nordeste,60.0,False,60.0
2016,Maio,5,2016-05-01,Rio,Sudeste,30.0,False,30.0
2016,Maio,5,2016-05-01,Rio,Sudeste,1.0,False,1.0
2016,Maio,5,2016-05-01,Rio,Sudeste,37.0,False,37.0
2016,Maio,5,2016-05-01,Rondonia,Norte,44.0,False,44.0
2016,Maio,5,2016-05-01,Roraima,Norte,22.0,False,22.0
2016,Maio,5,2016-05-01,Santa Catarina,Sul,26.0,False,26.0
2016,Maio,5,2016-05-01,Sao Paulo,Sudeste,139.0,False,139.0
2016,Maio,5,2016-05-01,Sergipe,Nordeste,9.0,False,9.0
2016,Maio,5,2016-05-01,Tocantins,Norte,778.0,True,278.0
2016,Junho,6,2016-06-01,Acre,Norte,87.0,False,87.0
2016,Junho,6,2016-06-01,Alagoas,Nordeste,5.0,False,5.0
2016,Junho,6,2016-06-01,Amapa,Norte,2.0,False,2.0
2016,Junho,6,2016-06-01,Amazonas,Norte,90.0,False,90.0
2016,Junho,6,2016-06-01,Bahia,Nordeste,416.0,True,278.0
2016,Junho,6,2016-06-01,Ceara,Nordeste,45.0,False,45.0
2016,Junho,6,2016-06-01,Distrito Federal,Centro-Oeste,42.0,False,42.0
2016,Junho,6,2016-06-01,Espirito Santo,Sudeste,49.0,False,49.0
2016,Junho,6,2016-06-01,Goias,Centro-Oeste,289.0,True,278.0
2016,Junho,6,2016-06-01,Maranhao,Nordeste,709.0,True,278.0
2016,Junho,6,2016-06-01,Mato Grosso,Centro-Oeste,1.417,False,1.417
2016,Junho,6,2016-06-01,Mato Grosso,Centro-Oeste,120.0,False,120.0
2016,Junho,6,2016-06-01,Minas Gerais,Sudeste,263.0,False,263.0
2016,Junho,6,2016-06-01,Para,Norte,502.0,True,278.0
2016,Junho,6,2016-06-01,Paraiba,Nordeste,4.0,False,4.0
2016,Junho,6,2016-06-01,Paraiba,Nordeste,238.0,False,238.0
2016,Junho,6,2016-06-01,Pernambuco,Nordeste,4.0,False,4.0
2016,Junho,6,2016-06-01,Piau,Nordeste,153.0,False,153.0
2016,Junho,6,2016-06-01,Rio,Sudeste,37.0,False,37.0
2016,Junho,6,2016-06-01,Rio,Sudeste,4.0,False,4.0
2016,Junho,6,2016-06-01,Rio,Sudeste,261.0,False,261.0
2016,Junho,6,2016-06-01,Rondonia,Norte,170.0,False,170.0
2016,Junho,6,2016-06-01,Roraima,Norte,7.0,False,7.0
2016,Junho,6,2016-06-01,Santa Catarina,Sul,79.0,False,79.0
2016,Junho,6,2016-06-01,Sao Paulo,Sudeste,197.0,False,197.0
2016,Junho,6,2016-06-01,Sergipe,Nordeste,1.0,False,1.0
2016,Junho,6,2016-06-01,Tocantins,Norte,1.148,False,1.148
2016,Julho,7,2016-07-01,Acre,Norte,533.0,True,278.0
2016,Julho,7,2016-07-01,Alagoas,Nordeste,3.0,False,3.0
2016,Julho,7,2016-07-01,Amapa,Norte,1.0,False,1.0
2016,Julho,7,2016-07-01,Amazonas,Norte,1.137,False,1.137
2016,Julho,7,2016-07-01,Bahia,Nordeste,345.0,True,278.0
2016,Julho,7,2016-07-01,Ceara,Nordeste,124.0,False,124.0
2016,Julho,7,2016-07-01,Distrito Federal,Centro-Oeste,79.0,False,79.0
2016,Julho,7,2016-07-01,Espirito Santo,Sudeste,42.0,False,42.0
2016,Julho,7,2016-07-01,Goias,Centro-Oeste,837.0,True,278.0
2016,Julho,7,2016-07-01,Maranhao,Nordeste,2.096,False,2.096
2016,Julho,7,2016-07-01,Mato Grosso,Centro-Oeste,3.495,False,3.495
2016,Julho,7,2016-07-01,Mato Grosso,Centro-Oeste,687.0,True,278.0
2016,Julho,7,2016-07-01,Minas Gerais,Sudeste,1.004,False,1.004
2016,Julho,7,2016-07-01,Para,Norte,1.579,False,1.579
2016,Julho,7,2016-07-01,Paraiba,Nordeste,22.0,False,22.0
2016,Julho,7,2016-07-01,Paraiba,Nordeste,504.0,True,278.0
2016,Julho,7,2016-07-01,Pernambuco,Nordeste,17.0,False,17.0
2016,Julho,7,2016-07-01,Piau,Nordeste,754.0,True,278.0
2016,Julho,7,2016-07-01,Rio,Sudeste,131.0,False,131.0
2016,Julho,7,2016-07-01,Rio,Sudeste,13.0,False,13.0
2016,Julho,7,2016-07-01,Rio,Sudeste,865.0,True,278.0
2016,Julho,7,2016-07-01,Rondonia,Norte,969.0,True,278.0
2016,Julho,7,2016-07-01,Roraima,Norte,0.0,False,0.0
2016,Julho,7,2016-07-01,Santa Catarina,Sul,480.0,True,278.0
2016,Julho,7,2016-07-01,Sao Paulo,Sudeste,687.0,True,278.0
2016,Julho,7,2016-07-01,Sergipe,Nordeste,0.0,False,0.0
2016,Julho,7,2016-07-01,Tocantins,Norte,2.737,False,2.737
2016,Agosto,8,2016-08-01,Acre,Norte,2.188,False,2.188
2016,Agosto,8,2016-08-01,Alagoas,Nordeste,5.0,False,5.0
2016,Agosto,8,2016-08-01,Amapa,Norte,37.0,False,37.0
2016,Agosto,8,2016-08-01,Amazonas,Norte,3.611,False,3.611
2016,Agosto,8,2016-08-01,Bahia,Nordeste,724.0,True,278.0
2016,Agosto,8,2016-08-01,Ceara,Nordeste,293.0,True,278.0
2016,Agosto,8,2016-08-01,Distrito Federal,Centro-Oeste,29.0,False,29.0
2016,Agosto,8,2016-08-01,Espirito Santo,Sudeste,78.0,False,78.0
2016,Agosto,8,2016-08-01,Goias,Centro-Oeste,1.032,False,1.032
2016,Agosto,8,2016-08-01,Maranhao,Nordeste,3.723,False,3.723
2016,Agosto,8,2016-08-01,Mato Grosso,Centro-Oeste,6.228,False,6.228
2016,Agosto,8,2016-08-01,Mato Grosso,Centro-Oeste,1.481,False,1.481
2016,Agosto,8,2016-08-01,Minas Gerais,Sudeste,1.433,False,1.433
2016,Agosto,8,2016-08-01,Para,Norte,4.863,False,4.863
2016,Agosto,8,2016-08-01,Paraiba,Nordeste,50.0,False,50.0
2016,Agosto,8,2016-08-01,Paraiba,Nordeste,1.01,False,1.01
2016,Agosto,8,2016-08-01,Pernambuco,Nordeste,42.0,False,42.0
2016,Agosto,8,2016-08-01,Piau,Nordeste,1.647,False,1.647
2016,Agosto,8,2016-08-01,Rio,Sudeste,241.0,False,241.0
2016,Agosto,8,2016-08-01,Rio,Sudeste,24.0,False,24.0
2016,Agosto,8,2016-08-01,Rio,Sudeste,1.111,False,1.111
2016,Agosto,8,2016-08-01,Rondonia,Norte,3.675,False,3.675
2016,Agosto,8,2016-08-01,Roraima,Norte,11.0,False,11.0
2016,Agosto,8,2016-08-01,Santa Catarina,Sul,765.0,True,278.0
2016,Agosto,8,2016-08-01,Sao Paulo,Sudeste,797.0,True,278.0
2016,Agosto,8,2016-08-01,Sergipe,Nordeste,6.0,False,6.0
2016,Agosto,8,2016-08-01,Tocantins,Norte,3.213,False,3.213
2016,Setembro,9,2016-09-01,Acre,Norte,3.586,False,3.586
2016,Setembro,9,2016-09-01,Alagoas,Nordeste,18.0,False,18.0
2016,Setembro,9,2016-09-01,Amapa,Norte,142.0,False,142.0
2016,Setembro,9,2016-09-01,Amazonas,Norte,3.119,False,3.119
2016,Setembro,9,2016-09-01,Bahia,Nordeste,1.819,False,1.819
2016,Setembro,9,2016-09-01,Ceara,Nordeste,370.0,True,278.0
2016,Setembro,9,2016-09-01,Distrito Federal,Centro-Oeste,58.0,False,58.0
2016,Setembro,9,2016-09-01,Espirito Santo,Sudeste,128.0,False,128.0
2016,Setembro,9,2016-09-01,Goias,Centro-Oeste,1.703,False,1.703
2016,Setembro,9,2016-09-01,Maranhao,Nordeste,3.166,False,3.166
2016,Setembro,9,2016-09-01,Mato Grosso,Centro-Oeste,8.98,False,8.98
2016,Setembro,9,2016-09-01,Mato Grosso,Centro-Oeste,2.383,False,2.383
2016,Setembro,9,2016-09-01,Minas Gerais,Sudeste,2.093,False,2.093
2016,Setembro,9,2016-09-01,Para,Norte,3.953,False,3.953
2016,Setembro,9,2016-09-01,Paraiba,Nordeste,131.0,False,131.0
2016,Setembro,9,2016-09-01,Paraiba,Nordeste,1.371,False,1.371
2016,Setembro,9,2016-09-01,Pernambuco,Nordeste,171.0,False,171.0
2016,Setembro,9,2016-09-01,Piau,Nordeste,1.394,False,1.394
2016,Setembro,9,2016-09-01,Rio,Sudeste,195.0,False,195.0
2016,Setembro,9,2016-09-01,Rio,Sudeste,44.0,False,44.0
2016,Setembro,9,2016-09-01,Rio,Sudeste,628.0,True,278.0
2016,Setembro,9,2016-09-01,Rondonia,Norte,4.208,False,4.208
2016,Setembro,9,2016-09-01,Roraima,Norte,19.0,False,19.0
2016,Setembro,9,2016-09-01,Santa Catarina,Sul,644.0,True,278.0
2016,Setembro,9,2016-09-01,Sao Paulo,Sudeste,490.0,True,278.0
2016,Setembro,9,2016-09-01,Sergipe,Nordeste,2.0,False,2.0
2016,Setembro,9,2016-09-01,Tocantins,Norte,3.245,False,3.245
2016,Outubro,10,2016-10-01,Acre,Norte,509.0,True,278.0
2016,Outubro,10,2016-10-01,Alagoas,Nordeste,74.0,False,74.0
2016,Outubro,10,2016-10-01,Amapa,Norte,793.0,True,278.0
2016,Outubro,10,2016-10-01,Amazonas,Norte,2.105,False,2.105
2016,Outubro,10,2016-10-01,Bahia,Nordeste,1.415,False,1.415
2016,Outubro,10,2016-10-01,Ceara,Nordeste,1.31,False,1.31
2016,Outubro,10,2016-10-01,Distrito Federal,Centro-Oeste,9.0,False,9.0
2016,Outubro,10,2016-10-01,Espirito Santo,Sudeste,58.0,False,58.0
2016,Outubro,10,2016-10-01,Goias,Centro-Oeste,522.0,True,278.0
2016,Outubro,10,2016-10-01,Maranhao,Nordeste,5.351,False,5.351
2016,Outubro,10,2016-10-01,Mato Grosso,Centro-Oeste,2.749,False,2.749
2016,Outubro,10,2016-10-01,Mato Grosso,Centro-Oeste,1.2,False,1.2
2016,Outubro,10,2016-10-01,Minas Gerais,Sudeste,948.0,True,278.0
2016,Outubro,10,2016-10-01,Para,Norte,5.281,False,5.281
2016,Outubro,10,2016-10-01,Paraiba,Nordeste,304.0,True,278.0
2016,Outubro,10,2016-10-01,Paraiba,Nordeste,193.0,False,193.0
2016,Outubro,10,2016-10-01,Pernambuco,Nordeste,319.0,True,278.0
2016,Outubro,10,2016-10-01,Piau,Nordeste,2.598,False,2.598
2016,Outubro,10,2016-10-01,Rio,Sudeste,30.0,False,30.0
2016,Outubro,10,2016-10-01,Rio,Sudeste,129.0,False,129.0
2016,Outubro,10,2016-10-01,Rio,Sudeste,93.0,False,93.0
2016,Outubro,10,2016-10-01,Rondonia,Norte,1.844,False,1.844
2016,Outubro,10,2016-10-01,Roraima,Norte,101.0,False,101.0
2016,Outubro,10,2016-10-01,Santa Catarina,Sul,56.0,False,56.0
2016,Outubro,10,2016-10-01,Sao Paulo,Sudeste,177.0,False,177.0
2016,Outubro,10,2016-10-01,Sergipe,Nordeste,10.0,False,10.0
2016,Outubro,10,2016-10-01,Tocantins,Norte,2.032,False,2.032
2016,Novembro,11,2016-11-01,Acre,Norte,46.0,False,46.0
2016,Novembro,11,2016-11-01,Alagoas,Nordeste,76.0,False,76.0
2016,Novembro,11,2016-11-01,Amapa,Norte,1.161,False,1.161
2016,Novembro,11,2016-11-01,Amazonas,Norte,591.0,True,278.0
2016,Novembro,11,2016-11-01,Bahia,Nordeste,408.0,True,278.0
2016,Novembro,11,2016-11-01,Ceara,Nordeste,1.328,False,1.328
2016,Novembro,11,2016-11-01,Distrito Federal,Centro-Oeste,1.0,False,1.0
2016,Novembro,11,2016-11-01,Espirito Santo,Sudeste,8.0,False,8.0
2016,Novembro,11,2016-11-01,Goias,Centro-Oeste,123.0,False,123.0
2016,Novembro,11,2016-11-01,Maranhao,Nordeste,3.982,False,3.982
2016,Novembro,11,2016-11-01,Mato Grosso,Centro-Oeste,918.0,True,278.0
2016,Novembro,11,2016-11-01,Mato Grosso,Centro-Oeste,258.0,False,258.0
2016,Novembro,11,2016-11-01,Minas Gerais,Sudeste,126.0,False,126.0
2016,Novembro,11,2016-11-01,Para,Norte,7.879,False,7.879
2016,Novembro,11,2016-11-01,Paraiba,Nordeste,132.0,False,132.0
2016,Novembro,11,2016-11-01,Paraiba,Nordeste,275.0,False,275.0
2016,Novembro,11,2016-11-01,Pernambuco,Nordeste,191.0,False,191.0
2016,Novembro,11,2016-11-01,Piau,Nordeste,1.126,False,1.126
2016,Novembro,11,2016-11-01,Rio,Sudeste,19.0,False,19.0
2016,Novembro,11,2016-11-01,Rio,Sudeste,93.0,False,93.0
2016,Novembro,11,2016-11-01,Rio,Sudeste,105.0,False,105.0
2016,Novembro,11,2016-11-01,Rondonia,Norte,401.0,True,278.0
2016,Novembro,11,2016-11-01,Roraima,Norte,71.0,False,71.0
2016,Novembro,11,2016-11-01,Santa Catarina,Sul,156.0,False,156.0
2016,Novembro,11,2016-11-01,Sao Paulo,Sudeste,39.0,False,39.0
2016,Novembro,11,2016-11-01,Sergipe,Nordeste,17.0,False,17.0
2016,Novembro,11,2016-11-01,Tocantins,Norte,623.0,True,278.0
2016,Dezembro,12,2016-12-01,Acre,Norte,6.0,False,6.0
2016,Dezembro,12,2016-12-01,Alagoas,Nordeste,155.0,False,155.0
2016,Dezembro,12,2016-12-01,Amapa,Norte,491.0,True,278.0
2016,Dezembro,12,2016-12-01,Amazonas,Norte,133.0,False,133.0
2016,Dezembro,12,2016-12-01,Bahia,Nordeste,164.0,False,164.0
2016,Dezembro,12,2016-12-01,Ceara,Nordeste,819.0,True,278.0
2016,Dezembro,12,2016-12-01,Distrito Federal,Centro-Oeste,0.0,False,0.0
2016,Dezembro,12,2016-12-01,Espirito Santo,Sudeste,12.0,False,12.0
2016,Dezembro,12,2016-12-01,Goias,Centro-Oeste,64.0,False,64.0
2016,Dezembro,12,2016-12-01,Maranhao,Nordeste,1.577,False,1.577
2016,Dezembro,12,2016-12-01,Mato Grosso,Centro-Oeste,425.0,True,278.0
2016,Dezembro,12,2016-12-01,Mato Grosso,Centro-Oeste,123.0,False,123.0
2016,Dezembro,12,2016-12-01,Minas Gerais,Sudeste,91.0,False,91.0
2016,Dezembro,12,2016-12-01,Para,Norte,3.3,False,3.3
2016,Dezembro,12,2016-12-01,Paraiba,Nordeste,8.0,False,8.0
2016,Dezembro,12,2016-12-01,Paraiba,Nordeste,45.0,False,45.0
2016,Dezembro,12,2016-12-01,Pernambuco,Nordeste,161.0,False,161.0
2016,Dezembro,12,2016-12-01,Piau,Nordeste,374.0,True,278.0
2016,Dezembro,12,2016-12-01,Rio,Sudeste,5.0,False,5.0
2016,Dezembro,12,2016-12-01,Rio,Sudeste,75.0,False,75.0
2016,Dezembro,12,2016-12-01,Rio,Sudeste,79.0,False,79.0
2016,Dezembro,12,2016-12-01,Rondonia,Norte,148.0,False,148.0
2016,Dezembro,12,2016-12-01,Roraima,Norte,136.0,False,136.0
2016,Dezembro,12,2016-12-01,Santa Catarina,Sul,20.0,False,20.0
2016,Dezembro,12,2016-12-01,Sao Paulo,Sudeste,47.0,False,47.0
2016,Dezembro,12,2016-12-01,Sergipe,Nordeste,36.0,False,36.0
2016,Dezembro,12,2016-12-01,Tocantins,Norte,119.0,False,119.0
2017,Janeiro,1,2017-01-01,Acre,Norte,0.0,False,0.0
2017,Janeiro,1,2017-01-01,Alagoas,Nordeste,38.0,False,38.0
2017,Janeiro,1,2017-01-01,Alagoas,Nordeste,38.0,False,38.0
2017,Janeiro,1,2017-01-01,Amapa,Norte,2.0,False,2.0
2017,Janeiro,1,2017-01-01,Amazonas,Norte,65.0,False,65.0
2017,Janeiro,1,2017-01-01,Bahia,Nordeste,154.0,False,154.0
2017,Janeiro,1,2017-01-01,Ceara,Nordeste,91.0,False,91.0
2017,Janeiro,1,2017-01-01,Distrito Federal,Centro-Oeste,1.0,False,1.0
2017,Janeiro,1,2017-01-01,Espirito Santo,Sudeste,13.0,False,13.0
2017,Janeiro,1,2017-01-01,Goias,Centro-Oeste,53.0,False,53.0
2017,Janeiro,1,2017-01-01,Maranhao,Nordeste,187.0,False,187.0
2017,Janeiro,1,2017-01-01,Mato Grosso,Centro-Oeste,482.0,True,278.0
2017,Janeiro,1,2017-01-01,Mato Grosso,Centro-Oeste,355.0,True,278.0
2017,Janeiro,1,2017-01-01,Minas Gerais,Sudeste,106.0,False,106.0
2017,Janeiro,1,2017-01-01,Para,Norte,219.0,False,219.0
2017,Janeiro,1,2017-01-01,Paraiba,Nordeste,23.0,False,23.0
2017,Janeiro,1,2017-01-01,Paraiba,Nordeste,55.0,False,55.0
2017,Janeiro,1,2017-01-01,Pernambuco,Nordeste,52.0,False,52.0
2017,Janeiro,1,2017-01-01,Piau,Nordeste,85.0,False,85.0
2017,Janeiro,1,2017-01-01,Rio,Sudeste,15.0,False,15.0
2017,Janeiro,1,2017-01-01,Rio,Sudeste,28.0,False,28.0
2017,Janeiro,1,2017-01-01,Rio,Sudeste,28.0,False,28.0
2017,Janeiro,1,2017-01-01,Rondonia,Norte,44.0,False,44.0
2017,Janeiro,1,2017-01-01,Roraima,Norte,108.0,False,108.0
2017,Janeiro,1,2017-01-01,Santa Catarina,Sul,46.0,False,46.0
2017,Janeiro,1,2017-01-01,Sao Paulo,Sudeste,28.0,False,28.0
2017,Janeiro,1,2017-01-01,Sergipe,Nordeste,31.0,False,31.0
2017,Janeiro,1,2017-01-01,Tocantins,Norte,61.0,False,61.0
2017,Fevereiro,2,2017-02-01,Acre,Norte,1.0,False,1.0
2017,Fevereiro,2,2017-02-01,Alagoas,Nordeste,21.0,False,21.0
2017,Fevereiro,2,2017-02-01,Amapa,Norte,0.0,False,0.0
2017,Fevereiro,2,2017-02-01,Amazonas,Norte,52.0,False,52.0
2017,Fevereiro,2,2017-02-01,Bahia,Nordeste,100.0,False,100.0
2017,Fevereiro,2,2017-02-01,Ceara,Nordeste,9.0,False,9.0
2017,Fevereiro,2,2017-02-01,Distrito Federal,Centro-Oeste,0.0,False,0.0
2017,Fevereiro,2,2017-02-01,Espirito Santo,Sudeste,8.0,False,8.0
2017,Fevereiro,2,2017-02-01,Goias,Centro-Oeste,75.0,False,75.0
2017,Fevereiro,2,2017-02-01,Maranhao,Nordeste,47.0,False,47.0
2017,Fevereiro,2,2017-02-01,Mato Grosso,Centro-Oeste,337.0,True,278.0
2017,Fevereiro,2,2017-02-01,Mato Grosso,Centro-Oeste,165.0,False,165.0
2017,Fevereiro,2,2017-02-01,Minas Gerais,Sudeste,61.0,False,61.0
2017,Fevereiro,2,2017-02-01,Para,Norte,14.0,False,14.0
2017,Fevereiro,2,2017-02-01,Paraiba,Nordeste,8.0,False,8.0
2017,Fevereiro,2,2017-02-01,Paraiba,Nordeste,60.0,False,60.0
2017,Fevereiro,2,2017-02-01,Pernambuco,Nordeste,23.0,False,23.0
2017,Fevereiro,2,2017-02-01,Piau,Nordeste,24.0,False,24.0
2017,Fevereiro,2,2017-02-01,Rio,Sudeste,34.0,False,34.0
2017,Fevereiro,2,2017-02-01,Rio,Sudeste,10.0,False,10.0
2017,Fevereiro,2,2017-02-01,Rio,Sudeste,31.0,False,31.0
2017,Fevereiro,2,2017-02-01,Rondonia,Norte,10.0,False,10.0
2017,Fevereiro,2,2017-02-01,Roraima,Norte,129.0,False,129.0
2017,Fevereiro,2,2017-02-01,Santa Catarina,Sul,31.0,False,31.0
2017,Fevereiro,2,2017-02-01,Sao Paulo,Sudeste,107.0,False,107.0
2017,Fevereiro,2,2017-02-01,Sergipe,Nordeste,18.0,False,18.0
2017,Fevereiro,2,2017-02-01,Tocantins,Norte,25.0,False,25.0
2017,Marco,3,2017-03-01,Acre,Norte,0.0,False,0.0
2017,Marco,3,2017-03-01,Alagoas,Nordeste,23.0,False,23.0
2017,Marco,3,2017-03-01,Amapa,Norte,0.0,False,0.0
2017,Marco,3,2017-03-01,Amazonas,Norte,45.0,False,45.0
2017,Marco,3,2017-03-01,Bahia,Nordeste,163.0,False,163.0
2017,Marco,3,2017-03-01,Ceara,Nordeste,4.0,False,4.0
2017,Marco,3,2017-03-01,Distrito Federal,Centro-Oeste,0.0,False,0.0
2017,Marco,3,2017-03-01,Espirito Santo,Sudeste,9.0,False,9.0
2017,Marco,3,2017-03-01,Goias,Centro-Oeste,115.0,False,115.0
2017,Marco,3,2017-03-01,Maranhao,Nordeste,32.0,False,32.0
2017,Marco,3,2017-03-01,Mato Grosso,Centro-Oeste,719.0,True,278.0
2017,Marco,3,2017-03-01,Mato Grosso,Centro-Oeste,170.0,False,170.0
2017,Marco,3,2017-03-01,Minas Gerais,Sudeste,105.0,False,105.0
2017,Marco,3,2017-03-01,Para,Norte,42.0,False,42.0
2017,Marco,3,2017-03-01,Paraiba,Nordeste,2.0,False,2.0
2017,Marco,3,2017-03-01,Paraiba,Nordeste,43.0,False,43.0
2017,Marco,3,2017-03-01,Pernambuco,Nordeste,7.0,False,7.0
2017,Marco,3,2017-03-01,Piau,Nordeste,25.0,False,25.0
2017,Marco,3,2017-03-01,Rio,Sudeste,10.0,False,10.0
2017,Marco,3,2017-03-01,Rio,Sudeste,3.0,False,3.0
2017,Marco,3,2017-03-01,Rio,Sudeste,34.0,False,34.0
2017,Marco,3,2017-03-01,Rondonia,Norte,21.0,False,21.0
2017,Marco,3,2017-03-01,Roraima,Norte,216.0,False,216.0
2017,Marco,3,2017-03-01,Santa Catarina,Sul,12.0,False,12.0
2017,Marco,3,2017-03-01,Sao Paulo,Sudeste,103.0,False,103.0
2017,Marco,3,2017-03-01,Sergipe,Nordeste,16.0,False,16.0
2017,Marco,3,2017-03-01,Tocantins,Norte,98.0,False,98.0
2017,Abril,4,2017-04-01,Acre,Norte,1.0,False,1.0
2017,Abril,4,2017-04-01,Alagoas,Nordeste,7.0,False,7.0
2017,Abril,4,2017-04-01,Amapa,Norte,3.0,False,3.0
2017,Abril,4,2017-04-01,Amazonas,Norte,20.0,False,20.0
2017,Abril,4,2017-04-01,Bahia,Nordeste,94.0,False,94.0
2017,Abril,4,2017-04-01,Ceara,Nordeste,6.0,False,6.0
2017,Abril,4,2017-04-01,Distrito Federal,Centro-Oeste,1.0,False,1.0
2017,Abril,4,2017-04-01,Espirito Santo,Sudeste,7.0,False,7.0
2017,Abril,4,2017-04-01,Goias,Centro-Oeste,60.0,False,60.0
2017,Abril,4,2017-04-01,Maranhao,Nordeste,91.0,False,91.0
2017,Abril,4,2017-04-01,Mato Grosso,Centro-Oeste,606.0,True,278.0
2017,Abril,4,2017-04-01,Mato Grosso,Centro-Oeste,59.0,False,59.0
2017,Abril,4,2017-04-01,Minas Gerais,Sudeste,69.0,False,69.0
2017,Abril,4,2017-04-01,Para,Norte,45.0,False,45.0
2017,Abril,4,2017-04-01,Paraiba,Nordeste,1.0,False,1.0
2017,Abril,4,2017-04-01,Paraiba,Nordeste,77.0,False,77.0
2017,Abril,4,2017-04-01,Pernambuco,Nordeste,9.0,False,9.0
2017,Abril,4,2017-04-01,Piau,Nordeste,25.0,False,25.0
2017,Abril,4,2017-04-01,Rio,Sudeste,12.0,False,12.0
2017,Abril,4,2017-04-01,Rio,Sudeste,6.0,False,6.0
2017,Abril,4,2017-04-01,Rio,Sudeste,51.0,False,51.0
2017,Abril,4,2017-04-01,Rondonia,Norte,19.0,False,19.0
2017,Abril,4,2017-04-01,Roraima,Norte,51.0,False,51.0
2017,Abril,4,2017-04-01,Santa Catarina,Sul,26.0,False,26.0
2017,Abril,4,2017-04-01,Sao Paulo,Sudeste,41.0,False,41.0
2017,Abril,4,2017-04-01,Sergipe,Nordeste,8.0,False,8.0
2017,Abril,4,2017-04-01,Tocantins,Norte,164.0,False,164.0
2017,Maio,5,2017-05-01,Acre,Norte,10.0,False,10.0
2017,Maio,5,2017-05-01,Alagoas,Nordeste,1.0,False,1.0
2017,Maio,5,2017-05-01,Amapa,Norte,1.0,False,1.0
2017,Maio,5,2017-05-01,Amazonas,Norte,40.0,False,40.0
2017,Maio,5,2017-05-01,Bahia,Nordeste,121.0,False,121.0
2017,Maio,5,2017-05-01,Ceara,Nordeste,9.0,False,9.0
2017,Maio,5,2017-05-01,Distrito Federal,Centro-Oeste,6.0,False,6.0
2017,Maio,5,2017-05-01,Espirito Santo,Sudeste,10.0,False,10.0
2017,Maio,5,2017-05-01,Goias,Centro-Oeste,135.0,False,135.0
2017,Maio,5,2017-05-01,Maranhao,Nordeste,142.0,False,142.0
2017,Maio,5,2017-05-01,Mato Grosso,Centro-Oeste,845.0,True,278.0
2017,Maio,5,2017-05-01,Mato Grosso,Centro-Oeste,72.0,False,72.0
2017,Maio,5,2017-05-01,Minas Gerais,Sudeste,125.0,False,125.0
2017,Maio,5,2017-05-01,Para,Norte,114.0,False,114.0
2017,Maio,5,2017-05-01,Paraiba,Nordeste,1.0,False,1.0
2017,Maio,5,2017-05-01,Paraiba,Nordeste,49.0,False,49.0
2017,Maio,5,2017-05-01,Pernambuco,Nordeste,13.0,False,13.0
2017,Maio,5,2017-05-01,Piau,Nordeste,36.0,False,36.0
2017,Maio,5,2017-05-01,Rio,Sudeste,15.0,False,15.0
2017,Maio,5,2017-05-01,Rio,Sudeste,2.0,False,2.0
2017,Maio,5,2017-05-01,Rio,Sudeste,43.0,False,43.0
2017,Maio,5,2017-05-01,Rondonia,Norte,31.0,False,31.0
2017,Maio,5,2017-05-01,Roraima,Norte,29.0,False,29.0
2017,Maio,5,2017-05-01,Santa Catarina,Sul,36.0,False,36.0
2017,Maio,5,2017-05-01,Sao Paulo,Sudeste,43.0,False,43.0
2017,Maio,5,2017-05-01,Sergipe,Nordeste,1.0,False,1.0
2017,Maio,5,2017-05-01,Tocantins,Norte,576.0,True,278.0
2017,Junho,6,2017-06-01,Acre,Norte,45.0,False,45.0
2017,Junho,6,2017-06-01,Alagoas,Nordeste,2.0,False,2.0
2017,Junho,6,2017-06-01,Amapa,Norte,2.0,False,2.0
2017,Junho,6,2017-06-01,Amazonas,Norte,119.0,False,119.0
2017,Junho,6,2017-06-01,Bahia,Nordeste,329.0,True,278.0
2017,Junho,6,2017-06-01,Ceara,Nordeste,23.0,False,23.0
2017,Junho,6,2017-06-01,Distrito Federal,Centro-Oeste,23.0,False,23.0
2017,Junho,6,2017-06-01,Espirito Santo,Sudeste,37.0,False,37.0
2017,Junho,6,2017-06-01,Goias,Centro-Oeste,442.0,True,278.0
2017,Junho,6,2017-06-01,Maranhao,Nordeste,885.0,True,278.0
2017,Junho,6,2017-06-01,Mato Grosso,Centro-Oeste,2.041,False,2.041
2017,Junho,6,2017-06-01,Mato Grosso,Centro-Oeste,175.0,False,175.0
2017,Junho,6,2017-06-01,Minas Gerais,Sudeste,360.0,True,278.0
2017,Junho,6,2017-06-01,Para,Norte,679.0,True,278.0
2017,Junho,6,2017-06-01,Paraiba,Nordeste,0.0,False,0.0
2017,Junho,6,2017-06-01,Paraiba,Nordeste,169.0,False,169.0
2017,Junho,6,2017-06-01,Pernambuco,Nordeste,5.0,False,5.0
2017,Junho,6,2017-06-01,Piau,Nordeste,193.0,False,193.0
2017,Junho,6,2017-06-01,Rio,Sudeste,68.0,False,68.0
2017,Junho,6,2017-06-01,Rio,Sudeste,3.0,False,3.0
2017,Junho,6,2017-06-01,Rio,Sudeste,103.0,False,103.0
2017,Junho,6,2017-06-01,Rondonia,Norte,192.0,False,192.0
2017,Junho,6,2017-06-01,Roraima,Norte,4.0,False,4.0
2017,Junho,6,2017-06-01,Santa Catarina,Sul,70.0,False,70.0
2017,Junho,6,2017-06-01,Sao Paulo,Sudeste,217.0,False,217.0
2017,Junho,6,2017-06-01,Sergipe,Nordeste,0.0,False,0.0
2017,Junho,6,2017-06-01,Tocantins,Norte,1.32,False,1.32
2017,Julho,7,2017-07-01,Acre,Norte,457.0,True,278.0
2017,Julho,7,2017-07-01,Alagoas,Nordeste,0.0,False,0.0
2017,Julho,7,2017-07-01,Amapa,Norte,3.0,False,3.0
2017,Julho,7,2017-07-01,Amazonas,Norte,1.975,False,1.975
2017,Julho,7,2017-07-01,Bahia,Nordeste,300.0,True,278.0
2017,Julho,7,2017-07-01,Ceara,Nordeste,26.0,False,26.0
2017,Julho,7,2017-07-01,Distrito Federal,Centro-Oeste,44.0,False,44.0
2017,Julho,7,2017-07-01,Espirito Santo,Sudeste,3.0,False,3.0
2017,Julho,7,2017-07-01,Goias,Centro-Oeste,577.0,True,278.0
2017,Julho,7,2017-07-01,Maranhao,Nordeste,2.521,False,2.521
2017,Julho,7,2017-07-01,Mato Grosso,Centro-Oeste,2.79,False,2.79
2017,Julho,7,2017-07-01,Mato Grosso,Centro-Oeste,1.05,False,1.05
2017,Julho,7,2017-07-01,Minas Gerais,Sudeste,610.0,True,278.0
2017,Julho,7,2017-07-01,Para,Norte,4.985,False,4.985
2017,Julho,7,2017-07-01,Paraiba,Nordeste,2.0,False,2.0
2017,Julho,7,2017-07-01,Paraiba,Nordeste,891.0,True,278.0
2017,Julho,7,2017-07-01,Pernambuco,Nordeste,2.0,False,2.0
2017,Julho,7,2017-07-01,Piau,Nordeste,643.0,True,278.0
2017,Julho,7,2017-07-01,Rio,Sudeste,70.0,False,70.0
2017,Julho,7,2017-07-01,Rio,Sudeste,4.0,False,4.0
2017,Julho,7,2017-07-01,Rio,Sudeste,885.0,True,278.0
2017,Julho,7,2017-07-01,Rondonia,Norte,1.28,False,1.28
2017,Julho,7,2017-07-01,Roraima,Norte,3.0,False,3.0
2017,Julho,7,2017-07-01,Santa Catarina,Sul,591.0,True,278.0
2017,Julho,7,2017-07-01,Sao Paulo,Sudeste,802.0,True,278.0
2017,Julho,7,2017-07-01,Sergipe,Nordeste,0.0,False,0.0
2017,Julho,7,2017-07-01,Tocantins,Norte,2.397,False,2.397
2017,Agosto,8,2017-08-01,Acre,Norte,1.493,False,1.493
2017,Agosto,8,2017-08-01,Alagoas,Nordeste,1.0,False,1.0
2017,Agosto,8,2017-08-01,Amapa,Norte,33.0,False,33.0
2017,Agosto,8,2017-08-01,Amazonas,Norte,6.316,False,6.316
2017,Agosto,8,2017-08-01,Bahia,Nordeste,1.018,False,1.018
2017,Agosto,8,2017-08-01,Ceara,Nordeste,121.0,False,121.0
2017,Agosto,8,2017-08-01,Distrito Federal,Centro-Oeste,147.0,False,147.0
2017,Agosto,8,2017-08-01,Espirito Santo,Sudeste,30.0,False,30.0
2017,Agosto,8,2017-08-01,Goias,Centro-Oeste,1.492,False,1.492
2017,Agosto,8,2017-08-01,Maranhao,Nordeste,3.875,False,3.875
2017,Agosto,8,2017-08-01,Mato Grosso,Centro-Oeste,6.229,False,6.229
2017,Agosto,8,2017-08-01,Mato Grosso,Centro-Oeste,1.488,False,1.488
2017,Agosto,8,2017-08-01,Minas Gerais,Sudeste,2.142,False,2.142
2017,Agosto,8,2017-08-01,Para,Norte,11.962,False,11.962
2017,Agosto,8,2017-08-01,Paraiba,Nordeste,3.0,False,3.0
2017,Agosto,8,2017-08-01,Paraiba,Nordeste,987.0,True,278.0
2017,Agosto,8,2017-08-01,Pernambuco,Nordeste,20.0,False,20.0
2017,Agosto,8,2017-08-01,Piau,Nordeste,1.572,False,1.572
2017,Agosto,8,2017-08-01,Rio,Sudeste,164.0,False,164.0
2017,Agosto,8,2017-08-01,Rio,Sudeste,21.0,False,21.0
2017,Agosto,8,2017-08-01,Rio,Sudeste,819.0,True,278.0
2017,Agosto,8,2017-08-01,Rondonia,Norte,4.287,False,4.287
2017,Agosto,8,2017-08-01,Roraima,Norte,35.0,False,35.0
2017,Agosto,8,2017-08-01,Santa Catarina,Sul,713.0,True,278.0
2017,Agosto,8,2017-08-01,Sao Paulo,Sudeste,981.0,True,278.0
2017,Agosto,8,2017-08-01,Sergipe,Nordeste,0.0,False,0.0
2017,Agosto,8,2017-08-01,Tocantins,Norte,3.536,False,3.536
2017,Setembro,9,2017-09-01,Acre,Norte,3.429,False,3.429
2017,Setembro,9,2017-09-01,Alagoas,Nordeste,4.0,False,4.0
2017,Setembro,9,2017-09-01,Amapa,Norte,95.0,False,95.0
2017,Setembro,9,2017-09-01,Amazonas,Norte,4.033,False,4.033
2017,Setembro,9,2017-09-01,Bahia,Nordeste,1.791,False,1.791
2017,Setembro,9,2017-09-01,Ceara,Nordeste,505.0,True,278.0
2017,Setembro,9,2017-09-01,Distrito Federal,Centro-Oeste,122.0,False,122.0
2017,Setembro,9,2017-09-01,Espirito Santo,Sudeste,58.0,False,58.0
2017,Setembro,9,2017-09-01,Goias,Centro-Oeste,3.238,False,3.238
2017,Setembro,9,2017-09-01,Maranhao,Nordeste,14.825,False,14.825
2017,Setembro,9,2017-09-01,Mato Grosso,Centro-Oeste,23.945,False,23.945
2017,Setembro,9,2017-09-01,Mato Grosso,Centro-Oeste,2.984,False,2.984
2017,Setembro,9,2017-09-01,Minas Gerais,Sudeste,4.697,False,4.697
2017,Setembro,9,2017-09-01,Para,Norte,25.004,False,25.004
2017,Setembro,9,2017-09-01,Paraiba,Nordeste,30.0,False,30.0
2017,Setembro,9,2017-09-01,Paraiba,Nordeste,1.706,False,1.706
2017,Setembro,9,2017-09-01,Pernambuco,Nordeste,69.0,False,69.0
2017,Setembro,9,2017-09-01,Piau,Nordeste,3.422,False,3.422
2017,Setembro,9,2017-09-01,Rio,Sudeste,728.0,True,278.0
2017,Setembro,9,2017-09-01,Rio,Sudeste,48.0,False,48.0
2017,Setembro,9,2017-09-01,Rio,Sudeste,343.0,True,278.0
2017,Setembro,9,2017-09-01,Rondonia,Norte,5.638,False,5.638
2017,Setembro,9,2017-09-01,Roraima,Norte,43.0,False,43.0
2017,Setembro,9,2017-09-01,Santa Catarina,Sul,626.0,True,278.0
2017,Setembro,9,2017-09-01,Sao Paulo,Sudeste,2.868,False,2.868
2017,Setembro,9,2017-09-01,Sergipe,Nordeste,0.0,False,0.0
2017,Setembro,9,2017-09-01,Tocantins,Norte,10.737,False,10.737
2017,Outubro,10,2017-10-01,Acre,Norte,1.508,False,1.508
2017,Outubro,10,2017-10-01,Alagoas,Nordeste,14.0,False,14.0
2017,Outubro,10,2017-10-01,Amapa,Norte,468.0,True,278.0
2017,Outubro,10,2017-10-01,Amazonas,Norte,1.581,False,1.581
2017,Outubro,10,2017-10-01,Bahia,Nordeste,4.005,False,4.005
2017,Outubro,10,2017-10-01,Ceara,Nordeste,949.0,True,278.0
2017,Outubro,10,2017-10-01,Distrito Federal,Centro-Oeste,66.0,False,66.0
2017,Outubro,10,2017-10-01,Espirito Santo,Sudeste,56.0,False,56.0
2017,Outubro,10,2017-10-01,Goias,Centro-Oeste,2.401,False,2.401
2017,Outubro,10,2017-10-01,Maranhao,Nordeste,6.011,False,6.011
2017,Outubro,10,2017-10-01,Mato Grosso,Centro-Oeste,4.8,False,4.8
2017,Outubro,10,2017-10-01,Mato Grosso,Centro-Oeste,685.0,True,278.0
2017,Outubro,10,2017-10-01,Minas Gerais,Sudeste,3.062,False,3.062
2017,Outubro,10,2017-10-01,Para,Norte,7.628,False,7.628
2017,Outubro,10,2017-10-01,Paraiba,Nordeste,123.0,False,123.0
2017,Outubro,10,2017-10-01,Paraiba,Nordeste,134.0,False,134.0
2017,Outubro,10,2017-10-01,Pernambuco,Nordeste,256.0,False,256.0
2017,Outubro,10,2017-10-01,Piau,Nordeste,3.004,False,3.004
2017,Outubro,10,2017-10-01,Rio,Sudeste,238.0,False,238.0
2017,Outubro,10,2017-10-01,Rio,Sudeste,85.0,False,85.0
2017,Outubro,10,2017-10-01,Rio,Sudeste,101.0,False,101.0
2017,Outubro,10,2017-10-01,Rondonia,Norte,2.19,False,2.19
2017,Outubro,10,2017-10-01,Roraima,Norte,156.0,False,156.0
2017,Outubro,10,2017-10-01,Santa Catarina,Sul,51.0,False,51.0
2017,Outubro,10,2017-10-01,Sao Paulo,Sudeste,179.0,False,179.0
2017,Outubro,10,2017-10-01,Sergipe,Nordeste,0.0,False,0.0
2017,Outubro,10,2017-10-01,Tocantins,Norte,2.969,False,2.969
2017,Novembro,11,2017-11-01,Acre,Norte,98.0,False,98.0
2017,Novembro,11,2017-11-01,Alagoas,Nordeste,10.0,False,10.0
2017,Novembro,11,2017-11-01,Amapa,Norte,858.0,True,278.0
2017,Novembro,11,2017-11-01,Amazonas,Norte,552.0,True,278.0
2017,Novembro,11,2017-11-01,Bahia,Nordeste,174.0,False,174.0
2017,Novembro,11,2017-11-01,Ceara,Nordeste,812.0,True,278.0
2017,Novembro,11,2017-11-01,Distrito Federal,Centro-Oeste,0.0,False,0.0
2017,Novembro,11,2017-11-01,Espirito Santo,Sudeste,3.0,False,3.0
2017,Novembro,11,2017-11-01,Goias,Centro-Oeste,117.0,False,117.0
2017,Novembro,11,2017-11-01,Maranhao,Nordeste,2.3,False,2.3
2017,Novembro,11,2017-11-01,Mato Grosso,Centro-Oeste,813.0,True,278.0
2017,Novembro,11,2017-11-01,Mato Grosso,Centro-Oeste,133.0,False,133.0
2017,Novembro,11,2017-11-01,Minas Gerais,Sudeste,136.0,False,136.0
2017,Novembro,11,2017-11-01,Para,Norte,9.079,False,9.079
2017,Novembro,11,2017-11-01,Paraiba,Nordeste,101.0,False,101.0
2017,Novembro,11,2017-11-01,Paraiba,Nordeste,292.0,True,278.0
2017,Novembro,11,2017-11-01,Pernambuco,Nordeste,66.0,False,66.0
2017,Novembro,11,2017-11-01,Piau,Nordeste,449.0,True,278.0
2017,Novembro,11,2017-11-01,Rio,Sudeste,43.0,False,43.0
2017,Novembro,11,2017-11-01,Rio,Sudeste,89.0,False,89.0
2017,Novembro,11,2017-11-01,Rio,Sudeste,137.0,False,137.0
2017,Novembro,11,2017-11-01,Rondonia,Norte,372.0,True,278.0
2017,Novembro,11,2017-11-01,Roraima,Norte,327.0,True,278.0
2017,Novembro,11,2017-11-01,Santa Catarina,Sul,152.0,False,152.0
2017,Novembro,11,2017-11-01,Sao Paulo,Sudeste,37.0,False,37.0
2017,Novembro,11,2017-11-01,Sergipe,Nordeste,1.0,False,1.0
2017,Novembro,11,2017-11-01,Tocantins,Norte,434.0,True,278.0
